[0m19:24:31.447712 [debug] [MainThread]: Sending event: {'category': 'dbt', 'action': 'invocation', 'label': 'start', 'context': [<snowplow_tracker.self_describing_json.SelfDescribingJson object at 0x7c0286555040>, <snowplow_tracker.self_describing_json.SelfDescribingJson object at 0x7c028653bb60>, <snowplow_tracker.self_describing_json.SelfDescribingJson object at 0x7c02865540b0>]}


============================== 19:24:31.465225 | c6191175-57ee-47b8-aef2-b4f6246664fc ==============================
[0m19:24:31.465225 [info ] [MainThread]: Running with dbt=1.12.2
[0m19:24:31.470749 [debug] [MainThread]: running dbt with arguments {'indirect_selection': 'eager', 'printer_width': '80', 'log_format': 'default', 'warn_error': 'None', 'profiles_dir': '/opt/airflow/dbt', 'log_cache_events': 'False', 'send_anonymous_usage_stats': 'True', 'introspect': 'True', 'maximum_seed_size_mib': '1', 'fail_fast': 'False', 'write_json': 'True', 'use_experimental_parser': 'False', 'partial_parse': 'True', 'quiet': 'False', 'empty': 'None', 'log_path': '/opt/airflow/dbt/logs', 'hints_enabled': 'True', 'static_parser': 'True', 'invocation_command': 'dbt debug --project-dir /opt/airflow/dbt --profiles-dir /opt/airflow/dbt', 'warn_error_options': 'WarnErrorOptionsV2(error=[], warn=[], silence=[])', 'cache_selected_only': 'False', 'target_path': 'None', 'no_print': 'None', 'use_colors': 'True', 'version_check': 'True', 'debug': 'False'}
[0m19:24:31.498161 [info ] [MainThread]: dbt version: 1.12.2
[0m19:24:31.499998 [info ] [MainThread]: python version: 3.12.11
[0m19:24:31.501598 [info ] [MainThread]: python path: /home/airflow/.local/bin/python
[0m19:24:31.504494 [info ] [MainThread]: os info: Linux-6.6.87.2-microsoft-standard-WSL2-x86_64-with-glibc2.36
[0m19:24:31.550206 [info ] [MainThread]: Using profiles dir at /opt/airflow/dbt
[0m19:24:31.553903 [info ] [MainThread]: Using profiles.yml file at /opt/airflow/dbt/profiles.yml
[0m19:24:31.555543 [info ] [MainThread]: Using dbt_project.yml file at /opt/airflow/dbt/dbt_project.yml
[0m19:24:31.787144 [info ] [MainThread]: Configuration:
[0m19:24:31.788259 [info ] [MainThread]:   profiles.yml file [[31mERROR invalid[0m]
[0m19:24:31.789413 [info ] [MainThread]:   dbt_project.yml file [[32mOK found and valid[0m]
[0m19:24:31.790593 [info ] [MainThread]: Required dependencies:
[0m19:24:31.792130 [debug] [MainThread]: Executing "git --help"
[0m19:24:31.811423 [debug] [MainThread]: STDOUT: "b"usage: git [-v | --version] [-h | --help] [-C <path>] [-c <name>=<value>]\n           [--exec-path[=<path>]] [--html-path] [--man-path] [--info-path]\n           [-p | --paginate | -P | --no-pager] [--no-replace-objects] [--bare]\n           [--git-dir=<path>] [--work-tree=<path>] [--namespace=<name>]\n           [--super-prefix=<path>] [--config-env=<name>=<envvar>]\n           <command> [<args>]\n\nThese are common Git commands used in various situations:\n\nstart a working area (see also: git help tutorial)\n   clone     Clone a repository into a new directory\n   init      Create an empty Git repository or reinitialize an existing one\n\nwork on the current change (see also: git help everyday)\n   add       Add file contents to the index\n   mv        Move or rename a file, a directory, or a symlink\n   restore   Restore working tree files\n   rm        Remove files from the working tree and from the index\n\nexamine the history and state (see also: git help revisions)\n   bisect    Use binary search to find the commit that introduced a bug\n   diff      Show changes between commits, commit and working tree, etc\n   grep      Print lines matching a pattern\n   log       Show commit logs\n   show      Show various types of objects\n   status    Show the working tree status\n\ngrow, mark and tweak your common history\n   branch    List, create, or delete branches\n   commit    Record changes to the repository\n   merge     Join two or more development histories together\n   rebase    Reapply commits on top of another base tip\n   reset     Reset current HEAD to the specified state\n   switch    Switch branches\n   tag       Create, list, delete or verify a tag object signed with GPG\n\ncollaborate (see also: git help workflows)\n   fetch     Download objects and refs from another repository\n   pull      Fetch from and integrate with another repository or a local branch\n   push      Update remote refs along with associated objects\n\n'git help -a' and 'git help -g' list available subcommands and some\nconcept guides. See 'git help <command>' or 'git help <concept>'\nto read about a specific subcommand or concept.\nSee 'git help git' for an overview of the system.\n""
[0m19:24:31.812618 [debug] [MainThread]: STDERR: "b''"
[0m19:24:31.814398 [info ] [MainThread]:  - git [[32mOK found[0m]

[0m19:24:31.815623 [info ] [MainThread]: Connection test skipped since no profile was found
[0m19:24:31.816776 [info ] [MainThread]: [31m1 check failed:[0m
[0m19:24:31.818011 [info ] [MainThread]: Profile loading failed for the following reason:
Runtime Error
  
  dbt encountered an error while trying to read your profiles.yml file.
  
  The profiles.yml file at /opt/airflow/dbt/profiles.yml is empty
  


[0m19:24:31.820754 [debug] [MainThread]: Resource report: {"command_name": "debug", "command_success": false, "command_wall_clock_time": 0.4183144, "process_in_blocks": "0", "process_kernel_time": 0.458233, "process_mem_max_rss": "114656", "process_out_blocks": "0", "process_user_time": 4.203793}
[0m19:24:31.822106 [debug] [MainThread]: Command `dbt debug` failed at 19:24:31.821872 after 0.42 seconds
[0m19:24:31.822956 [debug] [MainThread]: Sending event: {'category': 'dbt', 'action': 'invocation', 'label': 'end', 'context': [<snowplow_tracker.self_describing_json.SelfDescribingJson object at 0x7c02892a1880>, <snowplow_tracker.self_describing_json.SelfDescribingJson object at 0x7c028643e3f0>, <snowplow_tracker.self_describing_json.SelfDescribingJson object at 0x7c028765ac30>]}
[0m19:24:31.823799 [debug] [MainThread]: Flushing usage events
[0m19:24:32.644343 [debug] [MainThread]: An error was encountered while trying to flush usage events
[0m19:24:52.151645 [debug] [MainThread]: Sending event: {'category': 'dbt', 'action': 'invocation', 'label': 'start', 'context': [<snowplow_tracker.self_describing_json.SelfDescribingJson object at 0x75dab8320d10>, <snowplow_tracker.self_describing_json.SelfDescribingJson object at 0x75dab5aab320>, <snowplow_tracker.self_describing_json.SelfDescribingJson object at 0x75dab58678f0>]}


============================== 19:24:52.159909 | 56162eaa-35bc-4c81-b7e9-26b001f262b3 ==============================
[0m19:24:52.159909 [info ] [MainThread]: Running with dbt=1.12.2
[0m19:24:52.161573 [debug] [MainThread]: running dbt with arguments {'log_cache_events': 'False', 'use_experimental_parser': 'False', 'empty': 'None', 'log_format': 'default', 'send_anonymous_usage_stats': 'True', 'write_json': 'True', 'printer_width': '80', 'cache_selected_only': 'False', 'maximum_seed_size_mib': '1', 'invocation_command': 'dbt debug --project-dir /opt/airflow/dbt --profiles-dir /opt/airflow/dbt', 'version_check': 'True', 'introspect': 'True', 'indirect_selection': 'eager', 'fail_fast': 'False', 'hints_enabled': 'True', 'no_print': 'None', 'partial_parse': 'True', 'warn_error_options': 'WarnErrorOptionsV2(error=[], warn=[], silence=[])', 'target_path': 'None', 'profiles_dir': '/opt/airflow/dbt', 'quiet': 'False', 'static_parser': 'True', 'debug': 'False', 'warn_error': 'None', 'use_colors': 'True', 'log_path': '/opt/airflow/dbt/logs'}
[0m19:24:52.176585 [info ] [MainThread]: dbt version: 1.12.2
[0m19:24:52.177482 [info ] [MainThread]: python version: 3.12.11
[0m19:24:52.178562 [info ] [MainThread]: python path: /home/airflow/.local/bin/python
[0m19:24:52.179920 [info ] [MainThread]: os info: Linux-6.6.87.2-microsoft-standard-WSL2-x86_64-with-glibc2.36
[0m19:24:52.298858 [info ] [MainThread]: Using profiles dir at /opt/airflow/dbt
[0m19:24:52.300089 [info ] [MainThread]: Using profiles.yml file at /opt/airflow/dbt/profiles.yml
[0m19:24:52.301263 [info ] [MainThread]: Using dbt_project.yml file at /opt/airflow/dbt/dbt_project.yml
[0m19:24:52.303160 [info ] [MainThread]: adapter type: clickhouse
[0m19:24:52.304228 [info ] [MainThread]: adapter version: 1.9.3
[0m19:24:52.505960 [info ] [MainThread]: Configuration:
[0m19:24:52.507441 [info ] [MainThread]:   profiles.yml file [[32mOK found and valid[0m]
[0m19:24:52.508798 [info ] [MainThread]:   dbt_project.yml file [[32mOK found and valid[0m]
[0m19:24:52.510043 [info ] [MainThread]: Required dependencies:
[0m19:24:52.511476 [debug] [MainThread]: Executing "git --help"
[0m19:24:52.515961 [debug] [MainThread]: STDOUT: "b"usage: git [-v | --version] [-h | --help] [-C <path>] [-c <name>=<value>]\n           [--exec-path[=<path>]] [--html-path] [--man-path] [--info-path]\n           [-p | --paginate | -P | --no-pager] [--no-replace-objects] [--bare]\n           [--git-dir=<path>] [--work-tree=<path>] [--namespace=<name>]\n           [--super-prefix=<path>] [--config-env=<name>=<envvar>]\n           <command> [<args>]\n\nThese are common Git commands used in various situations:\n\nstart a working area (see also: git help tutorial)\n   clone     Clone a repository into a new directory\n   init      Create an empty Git repository or reinitialize an existing one\n\nwork on the current change (see also: git help everyday)\n   add       Add file contents to the index\n   mv        Move or rename a file, a directory, or a symlink\n   restore   Restore working tree files\n   rm        Remove files from the working tree and from the index\n\nexamine the history and state (see also: git help revisions)\n   bisect    Use binary search to find the commit that introduced a bug\n   diff      Show changes between commits, commit and working tree, etc\n   grep      Print lines matching a pattern\n   log       Show commit logs\n   show      Show various types of objects\n   status    Show the working tree status\n\ngrow, mark and tweak your common history\n   branch    List, create, or delete branches\n   commit    Record changes to the repository\n   merge     Join two or more development histories together\n   rebase    Reapply commits on top of another base tip\n   reset     Reset current HEAD to the specified state\n   switch    Switch branches\n   tag       Create, list, delete or verify a tag object signed with GPG\n\ncollaborate (see also: git help workflows)\n   fetch     Download objects and refs from another repository\n   pull      Fetch from and integrate with another repository or a local branch\n   push      Update remote refs along with associated objects\n\n'git help -a' and 'git help -g' list available subcommands and some\nconcept guides. See 'git help <command>' or 'git help <concept>'\nto read about a specific subcommand or concept.\nSee 'git help git' for an overview of the system.\n""
[0m19:24:52.516982 [debug] [MainThread]: STDERR: "b''"
[0m19:24:52.517899 [info ] [MainThread]:  - git [[32mOK found[0m]

[0m19:24:52.519133 [info ] [MainThread]: Connection:
[0m19:24:52.521056 [info ] [MainThread]:   driver: None
[0m19:24:52.522574 [info ] [MainThread]:   host: clickhouse
[0m19:24:52.523956 [info ] [MainThread]:   port: 9000
[0m19:24:52.525285 [info ] [MainThread]:   user: default
[0m19:24:52.526932 [info ] [MainThread]:   schema: raw
[0m19:24:52.529151 [info ] [MainThread]:   retries: 1
[0m19:24:52.530511 [info ] [MainThread]:   cluster: None
[0m19:24:52.531960 [info ] [MainThread]:   database_engine: None
[0m19:24:52.534564 [info ] [MainThread]:   cluster_mode: False
[0m19:24:52.540340 [info ] [MainThread]:   secure: False
[0m19:24:52.546441 [info ] [MainThread]:   verify: True
[0m19:24:52.548631 [info ] [MainThread]:   client_cert: None
[0m19:24:52.550987 [info ] [MainThread]:   client_cert_key: None
[0m19:24:52.552471 [info ] [MainThread]:   connect_timeout: 10
[0m19:24:52.561291 [info ] [MainThread]:   send_receive_timeout: 300
[0m19:24:52.565307 [info ] [MainThread]:   sync_request_timeout: 5
[0m19:24:52.567002 [info ] [MainThread]:   compress_block_size: 1048576
[0m19:24:52.572082 [info ] [MainThread]:   compression: 
[0m19:24:52.575349 [info ] [MainThread]:   check_exchange: True
[0m19:24:52.578062 [info ] [MainThread]:   custom_settings: None
[0m19:24:52.579638 [info ] [MainThread]:   use_lw_deletes: False
[0m19:24:52.581668 [info ] [MainThread]:   allow_automatic_deduplication: False
[0m19:24:52.584228 [info ] [MainThread]:   tcp_keepalive: False
[0m19:24:52.586613 [info ] [MainThread]: Registered adapter: clickhouse=1.9.3
[0m19:24:52.749102 [debug] [MainThread]: Acquiring new clickhouse connection 'debug'
[0m19:24:52.754785 [debug] [MainThread]: Opening a new connection, currently in state init
[0m19:24:53.098733 [info ] [MainThread]:   Connection test: [[31mERROR[0m]

[0m19:24:53.100328 [info ] [MainThread]: [31m1 check failed:[0m
[0m19:24:53.101736 [info ] [MainThread]: dbt was unable to connect to the specified database.
The database returned the following error:

  >Database Error
  Code: 516.
  DB::Exception: default: Authentication failed: password is incorrect, or there is no user with such name.
  
  If you use ClickHouse Cloud, the password can be reset at https://clickhouse.cloud/
  on the settings page for the corresponding service.
  
  If you have installed ClickHouse and forgot password you can reset it in the configuration file.
  The password for default user is typically located at /etc/clickhouse-server/users.d/default-password.xml
  and deleting this file will reset the password.
  See also /etc/clickhouse-server/users.xml on the server where ClickHouse is installed.
  
  . Stack trace:
  
  0. DB::Exception::Exception(DB::Exception::MessageMasked&&, int, bool) @ 0x000000001372225f
  1. DB::Exception::Exception(String&&, int, String, bool) @ 0x000000000cb3b0ce
  2. DB::Exception::Exception(PreformattedMessage&&, int) @ 0x000000000cb3ab80
  3. DB::AccessControl::authenticate(DB::Credentials const&, Poco::Net::IPAddress const&, DB::ClientInfo const&) const @ 0x0000000016bd5123
  4. DB::Session::authenticate(DB::Credentials const&, Poco::Net::SocketAddress const&, std::vector<String, std::allocator<String>> const&) @ 0x00000000184526b2
  5. DB::Session::authenticate(String const&, String const&, Poco::Net::SocketAddress const&, std::vector<String, std::allocator<String>> const&) @ 0x0000000018451b72
  6. DB::TCPHandler::receiveHello() @ 0x0000000019e6ad86
  7. DB::TCPHandler::runImpl() @ 0x0000000019e5bb53
  8. DB::TCPHandler::run() @ 0x0000000019e81619
  9. Poco::Net::TCPServerConnection::start() @ 0x000000001f485887
  10. Poco::Net::TCPServerDispatcher::run() @ 0x000000001f485d19
  11. Poco::PooledThread::run() @ 0x000000001f44c387
  12. Poco::ThreadImpl::runnableEntry(void*) @ 0x000000001f44a781
  13. ? @ 0x0000000000094a83
  14. ? @ 0x0000000000125a44
  

Check your database credentials and try again. For more information, visit:
https://docs.getdbt.com/docs/configure-your-profile


[0m19:24:53.106037 [debug] [MainThread]: Resource report: {"command_name": "debug", "command_success": false, "command_wall_clock_time": 1.0881385, "process_in_blocks": "0", "process_kernel_time": 0.449791, "process_mem_max_rss": "142780", "process_out_blocks": "0", "process_user_time": 3.634155}
[0m19:24:53.109378 [debug] [MainThread]: Command `dbt debug` failed at 19:24:53.108868 after 1.09 seconds
[0m19:24:53.111859 [debug] [MainThread]: Connection 'debug' was left open.
[0m19:24:53.113849 [debug] [MainThread]: On debug: No close available on handle
[0m19:24:53.115823 [debug] [MainThread]: Sending event: {'category': 'dbt', 'action': 'invocation', 'label': 'end', 'context': [<snowplow_tracker.self_describing_json.SelfDescribingJson object at 0x75dab75c2f60>, <snowplow_tracker.self_describing_json.SelfDescribingJson object at 0x75dab5f41520>, <snowplow_tracker.self_describing_json.SelfDescribingJson object at 0x75dab99970e0>]}
[0m19:24:53.118487 [debug] [MainThread]: Flushing usage events
[0m19:24:53.974325 [debug] [MainThread]: An error was encountered while trying to flush usage events
[0m10:38:58.947426 [debug] [MainThread]: Sending event: {'category': 'dbt', 'action': 'invocation', 'label': 'start', 'context': [<snowplow_tracker.self_describing_json.SelfDescribingJson object at 0x7ed22cb0a780>, <snowplow_tracker.self_describing_json.SelfDescribingJson object at 0x7ed22cb0a6c0>, <snowplow_tracker.self_describing_json.SelfDescribingJson object at 0x7ed22cb0a990>]}


============================== 10:38:58.959068 | 0f8d4c55-79f8-4506-8d3c-fd32fb88718f ==============================
[0m10:38:58.959068 [info ] [MainThread]: Running with dbt=1.12.2
[0m10:38:58.960395 [debug] [MainThread]: running dbt with arguments {'static_parser': 'True', 'log_path': '/opt/airflow/dbt/logs', 'partial_parse': 'True', 'debug': 'False', 'empty': 'None', 'no_print': 'None', 'use_experimental_parser': 'False', 'version_check': 'True', 'introspect': 'True', 'warn_error_options': 'WarnErrorOptionsV2(error=[], warn=[], silence=[])', 'printer_width': '80', 'send_anonymous_usage_stats': 'True', 'invocation_command': 'dbt debug --project-dir /opt/airflow/dbt/ --profiles-dir /opt/airlow/dbt', 'fail_fast': 'False', 'warn_error': 'None', 'maximum_seed_size_mib': '1', 'use_colors': 'True', 'log_format': 'default', 'cache_selected_only': 'False', 'hints_enabled': 'True', 'indirect_selection': 'eager', 'write_json': 'True', 'quiet': 'False', 'target_path': 'None', 'log_cache_events': 'False', 'profiles_dir': '/opt/airlow/dbt'}
[0m10:38:58.994283 [info ] [MainThread]: dbt version: 1.12.2
[0m10:38:58.995337 [info ] [MainThread]: python version: 3.12.11
[0m10:38:58.997367 [info ] [MainThread]: python path: /home/airflow/.local/bin/python
[0m10:38:58.998587 [info ] [MainThread]: os info: Linux-6.6.87.2-microsoft-standard-WSL2-x86_64-with-glibc2.36
[0m10:38:58.999772 [info ] [MainThread]: Using profiles dir at /opt/airlow/dbt
[0m10:38:59.000977 [info ] [MainThread]: Using profiles.yml file at /opt/airlow/dbt/profiles.yml
[0m10:38:59.004126 [info ] [MainThread]: Using dbt_project.yml file at /opt/airflow/dbt/dbt_project.yml
[0m10:38:59.156525 [info ] [MainThread]: Configuration:
[0m10:38:59.157733 [info ] [MainThread]:   profiles.yml file [[31mERROR not found[0m]
[0m10:38:59.158926 [info ] [MainThread]:   dbt_project.yml file [[32mOK found and valid[0m]
[0m10:38:59.160010 [info ] [MainThread]: Required dependencies:
[0m10:38:59.160993 [debug] [MainThread]: Executing "git --help"
[0m10:38:59.175984 [debug] [MainThread]: STDOUT: "b"usage: git [-v | --version] [-h | --help] [-C <path>] [-c <name>=<value>]\n           [--exec-path[=<path>]] [--html-path] [--man-path] [--info-path]\n           [-p | --paginate | -P | --no-pager] [--no-replace-objects] [--bare]\n           [--git-dir=<path>] [--work-tree=<path>] [--namespace=<name>]\n           [--super-prefix=<path>] [--config-env=<name>=<envvar>]\n           <command> [<args>]\n\nThese are common Git commands used in various situations:\n\nstart a working area (see also: git help tutorial)\n   clone     Clone a repository into a new directory\n   init      Create an empty Git repository or reinitialize an existing one\n\nwork on the current change (see also: git help everyday)\n   add       Add file contents to the index\n   mv        Move or rename a file, a directory, or a symlink\n   restore   Restore working tree files\n   rm        Remove files from the working tree and from the index\n\nexamine the history and state (see also: git help revisions)\n   bisect    Use binary search to find the commit that introduced a bug\n   diff      Show changes between commits, commit and working tree, etc\n   grep      Print lines matching a pattern\n   log       Show commit logs\n   show      Show various types of objects\n   status    Show the working tree status\n\ngrow, mark and tweak your common history\n   branch    List, create, or delete branches\n   commit    Record changes to the repository\n   merge     Join two or more development histories together\n   rebase    Reapply commits on top of another base tip\n   reset     Reset current HEAD to the specified state\n   switch    Switch branches\n   tag       Create, list, delete or verify a tag object signed with GPG\n\ncollaborate (see also: git help workflows)\n   fetch     Download objects and refs from another repository\n   pull      Fetch from and integrate with another repository or a local branch\n   push      Update remote refs along with associated objects\n\n'git help -a' and 'git help -g' list available subcommands and some\nconcept guides. See 'git help <command>' or 'git help <concept>'\nto read about a specific subcommand or concept.\nSee 'git help git' for an overview of the system.\n""
[0m10:38:59.176998 [debug] [MainThread]: STDERR: "b''"
[0m10:38:59.177854 [info ] [MainThread]:  - git [[32mOK found[0m]

[0m10:38:59.178635 [info ] [MainThread]: Connection test skipped since no profile was found
[0m10:38:59.179597 [info ] [MainThread]: [31m1 check failed:[0m
[0m10:38:59.180676 [info ] [MainThread]: dbt looked for a profiles.yml file in /opt/airlow/dbt/profiles.yml, but did
not find one. For more information on configuring your profile, consult the
documentation:

https://docs.getdbt.com/docs/configure-your-profile


[0m10:38:59.182652 [debug] [MainThread]: Resource report: {"command_name": "debug", "command_success": false, "command_wall_clock_time": 0.46947867, "process_in_blocks": "1512", "process_kernel_time": 0.236129, "process_mem_max_rss": "115944", "process_out_blocks": "0", "process_user_time": 2.741508}
[0m10:38:59.183716 [debug] [MainThread]: Command `dbt debug` failed at 10:38:59.183518 after 0.47 seconds
[0m10:38:59.184672 [debug] [MainThread]: Sending event: {'category': 'dbt', 'action': 'invocation', 'label': 'end', 'context': [<snowplow_tracker.self_describing_json.SelfDescribingJson object at 0x7ed22cb9bf80>, <snowplow_tracker.self_describing_json.SelfDescribingJson object at 0x7ed22bec6ae0>, <snowplow_tracker.self_describing_json.SelfDescribingJson object at 0x7ed22bf78f80>]}
[0m10:38:59.185377 [debug] [MainThread]: Flushing usage events
[0m10:38:59.976473 [debug] [MainThread]: An error was encountered while trying to flush usage events
[0m10:44:25.175057 [debug] [MainThread]: Sending event: {'category': 'dbt', 'action': 'invocation', 'label': 'start', 'context': [<snowplow_tracker.self_describing_json.SelfDescribingJson object at 0x700875157680>, <snowplow_tracker.self_describing_json.SelfDescribingJson object at 0x7008771dd9a0>, <snowplow_tracker.self_describing_json.SelfDescribingJson object at 0x700875155280>]}


============================== 10:44:25.184836 | 05b748e5-ffa3-416a-9239-d146d9e74b51 ==============================
[0m10:44:25.184836 [info ] [MainThread]: Running with dbt=1.12.2
[0m10:44:25.186215 [debug] [MainThread]: running dbt with arguments {'fail_fast': 'False', 'warn_error': 'None', 'debug': 'False', 'warn_error_options': 'WarnErrorOptionsV2(error=[], warn=[], silence=[])', 'send_anonymous_usage_stats': 'True', 'introspect': 'True', 'write_json': 'True', 'log_cache_events': 'False', 'cache_selected_only': 'False', 'quiet': 'False', 'profiles_dir': '/opt/airflow/dbt', 'use_experimental_parser': 'False', 'printer_width': '80', 'version_check': 'True', 'partial_parse': 'True', 'indirect_selection': 'eager', 'log_path': '/opt/airflow/dbt/logs', 'maximum_seed_size_mib': '1', 'invocation_command': 'dbt debug --project-dir /opt/airflow/dbt/ --profiles-dir /opt/airflow/dbt', 'hints_enabled': 'True', 'use_colors': 'True', 'static_parser': 'True', 'empty': 'None', 'log_format': 'default', 'no_print': 'None', 'target_path': 'None'}
[0m10:44:25.201582 [info ] [MainThread]: dbt version: 1.12.2
[0m10:44:25.202590 [info ] [MainThread]: python version: 3.12.11
[0m10:44:25.203850 [info ] [MainThread]: python path: /home/airflow/.local/bin/python
[0m10:44:25.205324 [info ] [MainThread]: os info: Linux-6.6.87.2-microsoft-standard-WSL2-x86_64-with-glibc2.36
[0m10:44:25.395495 [info ] [MainThread]: Using profiles dir at /opt/airflow/dbt
[0m10:44:25.396820 [info ] [MainThread]: Using profiles.yml file at /opt/airflow/dbt/profiles.yml
[0m10:44:25.398173 [info ] [MainThread]: Using dbt_project.yml file at /opt/airflow/dbt/dbt_project.yml
[0m10:44:25.400892 [info ] [MainThread]: adapter type: clickhouse
[0m10:44:25.403531 [info ] [MainThread]: adapter version: 1.9.3
[0m10:44:25.605256 [info ] [MainThread]: Configuration:
[0m10:44:25.606367 [info ] [MainThread]:   profiles.yml file [[32mOK found and valid[0m]
[0m10:44:25.608139 [info ] [MainThread]:   dbt_project.yml file [[32mOK found and valid[0m]
[0m10:44:25.609300 [info ] [MainThread]: Required dependencies:
[0m10:44:25.610548 [debug] [MainThread]: Executing "git --help"
[0m10:44:25.614335 [debug] [MainThread]: STDOUT: "b"usage: git [-v | --version] [-h | --help] [-C <path>] [-c <name>=<value>]\n           [--exec-path[=<path>]] [--html-path] [--man-path] [--info-path]\n           [-p | --paginate | -P | --no-pager] [--no-replace-objects] [--bare]\n           [--git-dir=<path>] [--work-tree=<path>] [--namespace=<name>]\n           [--super-prefix=<path>] [--config-env=<name>=<envvar>]\n           <command> [<args>]\n\nThese are common Git commands used in various situations:\n\nstart a working area (see also: git help tutorial)\n   clone     Clone a repository into a new directory\n   init      Create an empty Git repository or reinitialize an existing one\n\nwork on the current change (see also: git help everyday)\n   add       Add file contents to the index\n   mv        Move or rename a file, a directory, or a symlink\n   restore   Restore working tree files\n   rm        Remove files from the working tree and from the index\n\nexamine the history and state (see also: git help revisions)\n   bisect    Use binary search to find the commit that introduced a bug\n   diff      Show changes between commits, commit and working tree, etc\n   grep      Print lines matching a pattern\n   log       Show commit logs\n   show      Show various types of objects\n   status    Show the working tree status\n\ngrow, mark and tweak your common history\n   branch    List, create, or delete branches\n   commit    Record changes to the repository\n   merge     Join two or more development histories together\n   rebase    Reapply commits on top of another base tip\n   reset     Reset current HEAD to the specified state\n   switch    Switch branches\n   tag       Create, list, delete or verify a tag object signed with GPG\n\ncollaborate (see also: git help workflows)\n   fetch     Download objects and refs from another repository\n   pull      Fetch from and integrate with another repository or a local branch\n   push      Update remote refs along with associated objects\n\n'git help -a' and 'git help -g' list available subcommands and some\nconcept guides. See 'git help <command>' or 'git help <concept>'\nto read about a specific subcommand or concept.\nSee 'git help git' for an overview of the system.\n""
[0m10:44:25.615799 [debug] [MainThread]: STDERR: "b''"
[0m10:44:25.617020 [info ] [MainThread]:  - git [[32mOK found[0m]

[0m10:44:25.618242 [info ] [MainThread]: Connection:
[0m10:44:25.619445 [info ] [MainThread]:   driver: None
[0m10:44:25.620498 [info ] [MainThread]:   host: clickhouse
[0m10:44:25.621682 [info ] [MainThread]:   port: 9000
[0m10:44:25.622835 [info ] [MainThread]:   user: default
[0m10:44:25.624454 [info ] [MainThread]:   schema: raw
[0m10:44:25.625832 [info ] [MainThread]:   retries: 1
[0m10:44:25.627255 [info ] [MainThread]:   cluster: None
[0m10:44:25.630765 [info ] [MainThread]:   database_engine: None
[0m10:44:25.633803 [info ] [MainThread]:   cluster_mode: False
[0m10:44:25.635483 [info ] [MainThread]:   secure: False
[0m10:44:25.636867 [info ] [MainThread]:   verify: True
[0m10:44:25.638413 [info ] [MainThread]:   client_cert: None
[0m10:44:25.639949 [info ] [MainThread]:   client_cert_key: None
[0m10:44:25.641576 [info ] [MainThread]:   connect_timeout: 10
[0m10:44:25.642947 [info ] [MainThread]:   send_receive_timeout: 300
[0m10:44:25.644112 [info ] [MainThread]:   sync_request_timeout: 5
[0m10:44:25.646987 [info ] [MainThread]:   compress_block_size: 1048576
[0m10:44:25.648437 [info ] [MainThread]:   compression: 
[0m10:44:25.650090 [info ] [MainThread]:   check_exchange: True
[0m10:44:25.653573 [info ] [MainThread]:   custom_settings: None
[0m10:44:25.654833 [info ] [MainThread]:   use_lw_deletes: False
[0m10:44:25.656228 [info ] [MainThread]:   allow_automatic_deduplication: False
[0m10:44:25.657490 [info ] [MainThread]:   tcp_keepalive: False
[0m10:44:25.659177 [info ] [MainThread]: Registered adapter: clickhouse=1.9.3
[0m10:44:25.790252 [debug] [MainThread]: Acquiring new clickhouse connection 'debug'
[0m10:44:25.791350 [debug] [MainThread]: Opening a new connection, currently in state init
[0m10:44:26.045575 [info ] [MainThread]:   Connection test: [[31mERROR[0m]

[0m10:44:26.046736 [info ] [MainThread]: [31m1 check failed:[0m
[0m10:44:26.047959 [info ] [MainThread]: dbt was unable to connect to the specified database.
The database returned the following error:

  >Database Error
  Code: 516.
  DB::Exception: default: Authentication failed: password is incorrect, or there is no user with such name.
  
  If you use ClickHouse Cloud, the password can be reset at https://clickhouse.cloud/
  on the settings page for the corresponding service.
  
  If you have installed ClickHouse and forgot password you can reset it in the configuration file.
  The password for default user is typically located at /etc/clickhouse-server/users.d/default-password.xml
  and deleting this file will reset the password.
  See also /etc/clickhouse-server/users.xml on the server where ClickHouse is installed.
  
  . Stack trace:
  
  0. DB::Exception::Exception(DB::Exception::MessageMasked&&, int, bool) @ 0x000000001372225f
  1. DB::Exception::Exception(String&&, int, String, bool) @ 0x000000000cb3b0ce
  2. DB::Exception::Exception(PreformattedMessage&&, int) @ 0x000000000cb3ab80
  3. DB::AccessControl::authenticate(DB::Credentials const&, Poco::Net::IPAddress const&, DB::ClientInfo const&) const @ 0x0000000016bd5123
  4. DB::Session::authenticate(DB::Credentials const&, Poco::Net::SocketAddress const&, std::vector<String, std::allocator<String>> const&) @ 0x00000000184526b2
  5. DB::Session::authenticate(String const&, String const&, Poco::Net::SocketAddress const&, std::vector<String, std::allocator<String>> const&) @ 0x0000000018451b72
  6. DB::TCPHandler::receiveHello() @ 0x0000000019e6ad86
  7. DB::TCPHandler::runImpl() @ 0x0000000019e5bb53
  8. DB::TCPHandler::run() @ 0x0000000019e81619
  9. Poco::Net::TCPServerConnection::start() @ 0x000000001f485887
  10. Poco::Net::TCPServerDispatcher::run() @ 0x000000001f485d19
  11. Poco::PooledThread::run() @ 0x000000001f44c387
  12. Poco::ThreadImpl::runnableEntry(void*) @ 0x000000001f44a781
  13. ? @ 0x0000000000094a83
  14. ? @ 0x0000000000125a44
  

Check your database credentials and try again. For more information, visit:
https://docs.getdbt.com/docs/configure-your-profile


[0m10:44:26.050478 [debug] [MainThread]: Resource report: {"command_name": "debug", "command_success": false, "command_wall_clock_time": 1.0118157, "process_in_blocks": "4520", "process_kernel_time": 0.492199, "process_mem_max_rss": "143204", "process_out_blocks": "0", "process_user_time": 3.856907}
[0m10:44:26.051531 [debug] [MainThread]: Command `dbt debug` failed at 10:44:26.051358 after 1.01 seconds
[0m10:44:26.052213 [debug] [MainThread]: Connection 'debug' was left open.
[0m10:44:26.052836 [debug] [MainThread]: On debug: No close available on handle
[0m10:44:26.053791 [debug] [MainThread]: Sending event: {'category': 'dbt', 'action': 'invocation', 'label': 'end', 'context': [<snowplow_tracker.self_describing_json.SelfDescribingJson object at 0x700878adf050>, <snowplow_tracker.self_describing_json.SelfDescribingJson object at 0x700873d5c1a0>, <snowplow_tracker.self_describing_json.SelfDescribingJson object at 0x7008771dd9a0>]}
[0m10:44:26.054686 [debug] [MainThread]: Flushing usage events
[0m10:44:26.793382 [debug] [MainThread]: An error was encountered while trying to flush usage events
[0m11:42:15.975173 [debug] [MainThread]: Sending event: {'category': 'dbt', 'action': 'invocation', 'label': 'start', 'context': [<snowplow_tracker.self_describing_json.SelfDescribingJson object at 0x74d2202d5ca0>, <snowplow_tracker.self_describing_json.SelfDescribingJson object at 0x74d21e3f9850>, <snowplow_tracker.self_describing_json.SelfDescribingJson object at 0x74d21d99fe30>]}


============================== 11:42:15.986935 | cbff69ea-4e6f-4a8d-b0de-beac96ae2849 ==============================
[0m11:42:15.986935 [info ] [MainThread]: Running with dbt=1.12.2
[0m11:42:15.988423 [debug] [MainThread]: running dbt with arguments {'send_anonymous_usage_stats': 'True', 'warn_error': 'None', 'debug': 'False', 'partial_parse': 'True', 'version_check': 'True', 'use_experimental_parser': 'False', 'invocation_command': 'dbt debug --project-dir /opt/airflow/dbt --profiles-dir /opt/airflow/dbt', 'log_cache_events': 'False', 'introspect': 'True', 'log_path': '/opt/airflow/dbt/logs', 'warn_error_options': 'WarnErrorOptionsV2(error=[], warn=[], silence=[])', 'fail_fast': 'False', 'cache_selected_only': 'False', 'target_path': 'None', 'static_parser': 'True', 'empty': 'None', 'quiet': 'False', 'no_print': 'None', 'printer_width': '80', 'profiles_dir': '/opt/airflow/dbt', 'maximum_seed_size_mib': '1', 'write_json': 'True', 'indirect_selection': 'eager', 'hints_enabled': 'True', 'use_colors': 'True', 'log_format': 'default'}
[0m11:42:16.012741 [info ] [MainThread]: dbt version: 1.12.2
[0m11:42:16.013843 [info ] [MainThread]: python version: 3.12.11
[0m11:42:16.016391 [info ] [MainThread]: python path: /home/airflow/.local/bin/python
[0m11:42:16.018838 [info ] [MainThread]: os info: Linux-6.6.87.2-microsoft-standard-WSL2-x86_64-with-glibc2.36
[0m11:42:16.162421 [info ] [MainThread]: Using profiles dir at /opt/airflow/dbt
[0m11:42:16.165574 [info ] [MainThread]: Using profiles.yml file at /opt/airflow/dbt/profiles.yml
[0m11:42:16.167436 [info ] [MainThread]: Using dbt_project.yml file at /opt/airflow/dbt/dbt_project.yml
[0m11:42:16.169117 [info ] [MainThread]: adapter type: clickhouse
[0m11:42:16.171251 [info ] [MainThread]: adapter version: 1.9.3
[0m11:42:16.399446 [info ] [MainThread]: Configuration:
[0m11:42:16.403316 [info ] [MainThread]:   profiles.yml file [[32mOK found and valid[0m]
[0m11:42:16.404444 [info ] [MainThread]:   dbt_project.yml file [[32mOK found and valid[0m]
[0m11:42:16.405722 [info ] [MainThread]: Required dependencies:
[0m11:42:16.407903 [debug] [MainThread]: Executing "git --help"
[0m11:42:16.418808 [debug] [MainThread]: STDOUT: "b"usage: git [-v | --version] [-h | --help] [-C <path>] [-c <name>=<value>]\n           [--exec-path[=<path>]] [--html-path] [--man-path] [--info-path]\n           [-p | --paginate | -P | --no-pager] [--no-replace-objects] [--bare]\n           [--git-dir=<path>] [--work-tree=<path>] [--namespace=<name>]\n           [--super-prefix=<path>] [--config-env=<name>=<envvar>]\n           <command> [<args>]\n\nThese are common Git commands used in various situations:\n\nstart a working area (see also: git help tutorial)\n   clone     Clone a repository into a new directory\n   init      Create an empty Git repository or reinitialize an existing one\n\nwork on the current change (see also: git help everyday)\n   add       Add file contents to the index\n   mv        Move or rename a file, a directory, or a symlink\n   restore   Restore working tree files\n   rm        Remove files from the working tree and from the index\n\nexamine the history and state (see also: git help revisions)\n   bisect    Use binary search to find the commit that introduced a bug\n   diff      Show changes between commits, commit and working tree, etc\n   grep      Print lines matching a pattern\n   log       Show commit logs\n   show      Show various types of objects\n   status    Show the working tree status\n\ngrow, mark and tweak your common history\n   branch    List, create, or delete branches\n   commit    Record changes to the repository\n   merge     Join two or more development histories together\n   rebase    Reapply commits on top of another base tip\n   reset     Reset current HEAD to the specified state\n   switch    Switch branches\n   tag       Create, list, delete or verify a tag object signed with GPG\n\ncollaborate (see also: git help workflows)\n   fetch     Download objects and refs from another repository\n   pull      Fetch from and integrate with another repository or a local branch\n   push      Update remote refs along with associated objects\n\n'git help -a' and 'git help -g' list available subcommands and some\nconcept guides. See 'git help <command>' or 'git help <concept>'\nto read about a specific subcommand or concept.\nSee 'git help git' for an overview of the system.\n""
[0m11:42:16.422952 [debug] [MainThread]: STDERR: "b''"
[0m11:42:16.424015 [info ] [MainThread]:  - git [[32mOK found[0m]

[0m11:42:16.424987 [info ] [MainThread]: Connection:
[0m11:42:16.426760 [info ] [MainThread]:   driver: None
[0m11:42:16.430884 [info ] [MainThread]:   host: clickhouse
[0m11:42:16.433616 [info ] [MainThread]:   port: 9000
[0m11:42:16.436853 [info ] [MainThread]:   user: dbt
[0m11:42:16.443895 [info ] [MainThread]:   schema: raw
[0m11:42:16.446087 [info ] [MainThread]:   retries: 1
[0m11:42:16.448027 [info ] [MainThread]:   cluster: None
[0m11:42:16.451068 [info ] [MainThread]:   database_engine: None
[0m11:42:16.454849 [info ] [MainThread]:   cluster_mode: False
[0m11:42:16.458183 [info ] [MainThread]:   secure: False
[0m11:42:16.460434 [info ] [MainThread]:   verify: True
[0m11:42:16.462393 [info ] [MainThread]:   client_cert: None
[0m11:42:16.464186 [info ] [MainThread]:   client_cert_key: None
[0m11:42:16.466661 [info ] [MainThread]:   connect_timeout: 10
[0m11:42:16.468147 [info ] [MainThread]:   send_receive_timeout: 300
[0m11:42:16.469354 [info ] [MainThread]:   sync_request_timeout: 5
[0m11:42:16.471435 [info ] [MainThread]:   compress_block_size: 1048576
[0m11:42:16.474368 [info ] [MainThread]:   compression: 
[0m11:42:16.479432 [info ] [MainThread]:   check_exchange: True
[0m11:42:16.480785 [info ] [MainThread]:   custom_settings: None
[0m11:42:16.483449 [info ] [MainThread]:   use_lw_deletes: False
[0m11:42:16.485700 [info ] [MainThread]:   allow_automatic_deduplication: False
[0m11:42:16.488961 [info ] [MainThread]:   tcp_keepalive: False
[0m11:42:16.491156 [info ] [MainThread]: Registered adapter: clickhouse=1.9.3
[0m11:42:16.629813 [debug] [MainThread]: Acquiring new clickhouse connection 'debug'
[0m11:42:16.631076 [debug] [MainThread]: Opening a new connection, currently in state init
[0m11:42:17.012077 [debug] [MainThread]: dbt_clickhouse adapter: On debug: select 1 as id...
[0m11:42:17.016072 [debug] [MainThread]: dbt_clickhouse adapter: SQL status: OK in 0.00 seconds
[0m11:42:17.089193 [info ] [MainThread]:   Connection test: [[32mOK connection ok[0m]

[0m11:42:17.090699 [info ] [MainThread]: [32mAll checks passed![0m
[0m11:42:17.093469 [debug] [MainThread]: Resource report: {"command_name": "debug", "command_success": true, "command_wall_clock_time": 1.28229, "process_in_blocks": "1816", "process_kernel_time": 0.720716, "process_mem_max_rss": "146432", "process_out_blocks": "16", "process_user_time": 4.246386}
[0m11:42:17.096183 [debug] [MainThread]: Command `dbt debug` succeeded at 11:42:17.095703 after 1.28 seconds
[0m11:42:17.097519 [debug] [MainThread]: Connection 'debug' was left open.
[0m11:42:17.101082 [debug] [MainThread]: On debug: Close
[0m11:42:17.103797 [debug] [MainThread]: Sending event: {'category': 'dbt', 'action': 'invocation', 'label': 'end', 'context': [<snowplow_tracker.self_describing_json.SelfDescribingJson object at 0x74d21d5f2a80>, <snowplow_tracker.self_describing_json.SelfDescribingJson object at 0x74d21e44c650>, <snowplow_tracker.self_describing_json.SelfDescribingJson object at 0x74d21c5319a0>]}
[0m11:42:17.105368 [debug] [MainThread]: Flushing usage events
[0m11:42:22.255337 [debug] [MainThread]: An error was encountered while trying to flush usage events
[0m13:23:04.268825 [debug] [MainThread]: Sending event: {'category': 'dbt', 'action': 'invocation', 'label': 'start', 'context': [<snowplow_tracker.self_describing_json.SelfDescribingJson object at 0x7af1d70e5070>, <snowplow_tracker.self_describing_json.SelfDescribingJson object at 0x7af1d7f5d880>, <snowplow_tracker.self_describing_json.SelfDescribingJson object at 0x7af1d7d56e40>]}


============================== 13:23:04.282206 | 1fdcfc98-8eaf-41f5-984a-d836106329c6 ==============================
[0m13:23:04.282206 [info ] [MainThread]: Running with dbt=1.12.2
[0m13:23:04.283317 [debug] [MainThread]: running dbt with arguments {'profiles_dir': '/opt/airflow/dbt', 'log_format': 'default', 'log_cache_events': 'False', 'write_json': 'True', 'empty': 'None', 'no_print': 'None', 'indirect_selection': 'eager', 'hints_enabled': 'True', 'use_experimental_parser': 'False', 'maximum_seed_size_mib': '1', 'printer_width': '80', 'cache_selected_only': 'False', 'quiet': 'False', 'introspect': 'True', 'use_colors': 'True', 'log_path': '/opt/airflow/dbt/logs', 'warn_error_options': 'WarnErrorOptionsV2(error=[], warn=[], silence=[])', 'invocation_command': 'dbt debug --project-dir /opt/airflow/dbt --profiles-dir /opt/airflow/dbt', 'debug': 'False', 'version_check': 'True', 'partial_parse': 'True', 'send_anonymous_usage_stats': 'True', 'static_parser': 'True', 'fail_fast': 'False', 'target_path': 'None', 'warn_error': 'None'}
[0m13:23:04.320932 [info ] [MainThread]: dbt version: 1.12.2
[0m13:23:04.322956 [info ] [MainThread]: python version: 3.12.11
[0m13:23:04.324244 [info ] [MainThread]: python path: /home/airflow/.local/bin/python
[0m13:23:04.325403 [info ] [MainThread]: os info: Linux-6.6.87.2-microsoft-standard-WSL2-x86_64-with-glibc2.36
[0m13:23:04.468059 [info ] [MainThread]: Using profiles dir at /opt/airflow/dbt
[0m13:23:04.469520 [info ] [MainThread]: Using profiles.yml file at /opt/airflow/dbt/profiles.yml
[0m13:23:04.471040 [info ] [MainThread]: Using dbt_project.yml file at /opt/airflow/dbt/dbt_project.yml
[0m13:23:04.473131 [info ] [MainThread]: adapter type: clickhouse
[0m13:23:04.474203 [info ] [MainThread]: adapter version: 1.9.3
[0m13:23:04.655014 [info ] [MainThread]: Configuration:
[0m13:23:04.655941 [info ] [MainThread]:   profiles.yml file [[32mOK found and valid[0m]
[0m13:23:04.657161 [info ] [MainThread]:   dbt_project.yml file [[32mOK found and valid[0m]
[0m13:23:04.658577 [info ] [MainThread]: Required dependencies:
[0m13:23:04.659777 [debug] [MainThread]: Executing "git --help"
[0m13:23:04.675240 [debug] [MainThread]: STDOUT: "b"usage: git [-v | --version] [-h | --help] [-C <path>] [-c <name>=<value>]\n           [--exec-path[=<path>]] [--html-path] [--man-path] [--info-path]\n           [-p | --paginate | -P | --no-pager] [--no-replace-objects] [--bare]\n           [--git-dir=<path>] [--work-tree=<path>] [--namespace=<name>]\n           [--super-prefix=<path>] [--config-env=<name>=<envvar>]\n           <command> [<args>]\n\nThese are common Git commands used in various situations:\n\nstart a working area (see also: git help tutorial)\n   clone     Clone a repository into a new directory\n   init      Create an empty Git repository or reinitialize an existing one\n\nwork on the current change (see also: git help everyday)\n   add       Add file contents to the index\n   mv        Move or rename a file, a directory, or a symlink\n   restore   Restore working tree files\n   rm        Remove files from the working tree and from the index\n\nexamine the history and state (see also: git help revisions)\n   bisect    Use binary search to find the commit that introduced a bug\n   diff      Show changes between commits, commit and working tree, etc\n   grep      Print lines matching a pattern\n   log       Show commit logs\n   show      Show various types of objects\n   status    Show the working tree status\n\ngrow, mark and tweak your common history\n   branch    List, create, or delete branches\n   commit    Record changes to the repository\n   merge     Join two or more development histories together\n   rebase    Reapply commits on top of another base tip\n   reset     Reset current HEAD to the specified state\n   switch    Switch branches\n   tag       Create, list, delete or verify a tag object signed with GPG\n\ncollaborate (see also: git help workflows)\n   fetch     Download objects and refs from another repository\n   pull      Fetch from and integrate with another repository or a local branch\n   push      Update remote refs along with associated objects\n\n'git help -a' and 'git help -g' list available subcommands and some\nconcept guides. See 'git help <command>' or 'git help <concept>'\nto read about a specific subcommand or concept.\nSee 'git help git' for an overview of the system.\n""
[0m13:23:04.676461 [debug] [MainThread]: STDERR: "b''"
[0m13:23:04.677677 [info ] [MainThread]:  - git [[32mOK found[0m]

[0m13:23:04.679137 [info ] [MainThread]: Connection:
[0m13:23:04.680975 [info ] [MainThread]:   driver: None
[0m13:23:04.682616 [info ] [MainThread]:   host: clickhouse
[0m13:23:04.683950 [info ] [MainThread]:   port: 9000
[0m13:23:04.685212 [info ] [MainThread]:   user: dbt
[0m13:23:04.686692 [info ] [MainThread]:   schema: raw
[0m13:23:04.689996 [info ] [MainThread]:   retries: 1
[0m13:23:04.691450 [info ] [MainThread]:   cluster: None
[0m13:23:04.695314 [info ] [MainThread]:   database_engine: None
[0m13:23:04.697053 [info ] [MainThread]:   cluster_mode: False
[0m13:23:04.698356 [info ] [MainThread]:   secure: False
[0m13:23:04.699683 [info ] [MainThread]:   verify: True
[0m13:23:04.701280 [info ] [MainThread]:   client_cert: None
[0m13:23:04.703207 [info ] [MainThread]:   client_cert_key: None
[0m13:23:04.704855 [info ] [MainThread]:   connect_timeout: 10
[0m13:23:04.706597 [info ] [MainThread]:   send_receive_timeout: 300
[0m13:23:04.707806 [info ] [MainThread]:   sync_request_timeout: 5
[0m13:23:04.709732 [info ] [MainThread]:   compress_block_size: 1048576
[0m13:23:04.711432 [info ] [MainThread]:   compression: 
[0m13:23:04.713200 [info ] [MainThread]:   check_exchange: True
[0m13:23:04.714823 [info ] [MainThread]:   custom_settings: None
[0m13:23:04.716698 [info ] [MainThread]:   use_lw_deletes: False
[0m13:23:04.719031 [info ] [MainThread]:   allow_automatic_deduplication: False
[0m13:23:04.721807 [info ] [MainThread]:   tcp_keepalive: False
[0m13:23:04.723643 [info ] [MainThread]: Registered adapter: clickhouse=1.9.3
[0m13:23:04.888898 [debug] [MainThread]: Acquiring new clickhouse connection 'debug'
[0m13:23:04.890099 [debug] [MainThread]: Opening a new connection, currently in state init
[0m13:23:05.387497 [debug] [MainThread]: dbt_clickhouse adapter: On debug: select 1 as id...
[0m13:23:05.393655 [debug] [MainThread]: dbt_clickhouse adapter: SQL status: OK in 0.01 seconds
[0m13:23:05.455259 [info ] [MainThread]:   Connection test: [[32mOK connection ok[0m]

[0m13:23:05.456449 [info ] [MainThread]: [32mAll checks passed![0m
[0m13:23:05.458678 [debug] [MainThread]: Resource report: {"command_name": "debug", "command_success": true, "command_wall_clock_time": 1.3709757, "process_in_blocks": "43560", "process_kernel_time": 0.693294, "process_mem_max_rss": "146396", "process_out_blocks": "0", "process_user_time": 4.308045}
[0m13:23:05.459617 [debug] [MainThread]: Command `dbt debug` succeeded at 13:23:05.459433 after 1.37 seconds
[0m13:23:05.460381 [debug] [MainThread]: Connection 'debug' was left open.
[0m13:23:05.461307 [debug] [MainThread]: On debug: Close
[0m13:23:05.462443 [debug] [MainThread]: Sending event: {'category': 'dbt', 'action': 'invocation', 'label': 'end', 'context': [<snowplow_tracker.self_describing_json.SelfDescribingJson object at 0x7af1d7cb7ce0>, <snowplow_tracker.self_describing_json.SelfDescribingJson object at 0x7af1d6f0a2d0>, <snowplow_tracker.self_describing_json.SelfDescribingJson object at 0x7af1d56961e0>]}
[0m13:23:05.463744 [debug] [MainThread]: Flushing usage events
[0m13:23:06.335102 [debug] [MainThread]: An error was encountered while trying to flush usage events
[0m15:09:57.102009 [debug] [MainThread]: Sending event: {'category': 'dbt', 'action': 'invocation', 'label': 'start', 'context': [<snowplow_tracker.self_describing_json.SelfDescribingJson object at 0x74af92a27200>, <snowplow_tracker.self_describing_json.SelfDescribingJson object at 0x74af92f39df0>, <snowplow_tracker.self_describing_json.SelfDescribingJson object at 0x74af928a27e0>]}


============================== 15:09:57.134772 | b1f68115-6a56-46c2-9f7e-48dba8e2bac3 ==============================
[0m15:09:57.134772 [info ] [MainThread]: Running with dbt=1.12.2
[0m15:09:57.136958 [debug] [MainThread]: running dbt with arguments {'warn_error_options': 'WarnErrorOptionsV2(error=[], warn=[], silence=[])', 'fail_fast': 'False', 'version_check': 'True', 'invocation_command': 'dbt debug --project-dir /opt/airflow/dbt --profiles-dir /opt/airflow/dbt', 'send_anonymous_usage_stats': 'True', 'log_format': 'default', 'target_path': 'None', 'profiles_dir': '/opt/airflow/dbt', 'warn_error': 'None', 'introspect': 'True', 'static_parser': 'True', 'maximum_seed_size_mib': '1', 'use_experimental_parser': 'False', 'log_cache_events': 'False', 'use_colors': 'True', 'quiet': 'False', 'hints_enabled': 'True', 'partial_parse': 'True', 'empty': 'None', 'cache_selected_only': 'False', 'indirect_selection': 'eager', 'write_json': 'True', 'no_print': 'None', 'log_path': '/opt/airflow/dbt/logs', 'printer_width': '80', 'debug': 'False'}
[0m15:09:57.214576 [info ] [MainThread]: dbt version: 1.12.2
[0m15:09:57.216784 [info ] [MainThread]: python version: 3.12.11
[0m15:09:57.221635 [info ] [MainThread]: python path: /home/airflow/.local/bin/python
[0m15:09:57.224355 [info ] [MainThread]: os info: Linux-6.6.87.2-microsoft-standard-WSL2-x86_64-with-glibc2.36
[0m15:09:57.384094 [info ] [MainThread]: Using profiles dir at /opt/airflow/dbt
[0m15:09:57.385315 [info ] [MainThread]: Using profiles.yml file at /opt/airflow/dbt/profiles.yml
[0m15:09:57.390096 [info ] [MainThread]: Using dbt_project.yml file at /opt/airflow/dbt/dbt_project.yml
[0m15:09:57.393917 [info ] [MainThread]: adapter type: clickhouse
[0m15:09:57.398421 [info ] [MainThread]: adapter version: 1.9.3
[0m15:09:57.763422 [info ] [MainThread]: Configuration:
[0m15:09:57.764497 [info ] [MainThread]:   profiles.yml file [[32mOK found and valid[0m]
[0m15:09:57.765784 [info ] [MainThread]:   dbt_project.yml file [[32mOK found and valid[0m]
[0m15:09:57.767373 [info ] [MainThread]: Required dependencies:
[0m15:09:57.768878 [debug] [MainThread]: Executing "git --help"
[0m15:09:57.790866 [debug] [MainThread]: STDOUT: "b"usage: git [-v | --version] [-h | --help] [-C <path>] [-c <name>=<value>]\n           [--exec-path[=<path>]] [--html-path] [--man-path] [--info-path]\n           [-p | --paginate | -P | --no-pager] [--no-replace-objects] [--bare]\n           [--git-dir=<path>] [--work-tree=<path>] [--namespace=<name>]\n           [--super-prefix=<path>] [--config-env=<name>=<envvar>]\n           <command> [<args>]\n\nThese are common Git commands used in various situations:\n\nstart a working area (see also: git help tutorial)\n   clone     Clone a repository into a new directory\n   init      Create an empty Git repository or reinitialize an existing one\n\nwork on the current change (see also: git help everyday)\n   add       Add file contents to the index\n   mv        Move or rename a file, a directory, or a symlink\n   restore   Restore working tree files\n   rm        Remove files from the working tree and from the index\n\nexamine the history and state (see also: git help revisions)\n   bisect    Use binary search to find the commit that introduced a bug\n   diff      Show changes between commits, commit and working tree, etc\n   grep      Print lines matching a pattern\n   log       Show commit logs\n   show      Show various types of objects\n   status    Show the working tree status\n\ngrow, mark and tweak your common history\n   branch    List, create, or delete branches\n   commit    Record changes to the repository\n   merge     Join two or more development histories together\n   rebase    Reapply commits on top of another base tip\n   reset     Reset current HEAD to the specified state\n   switch    Switch branches\n   tag       Create, list, delete or verify a tag object signed with GPG\n\ncollaborate (see also: git help workflows)\n   fetch     Download objects and refs from another repository\n   pull      Fetch from and integrate with another repository or a local branch\n   push      Update remote refs along with associated objects\n\n'git help -a' and 'git help -g' list available subcommands and some\nconcept guides. See 'git help <command>' or 'git help <concept>'\nto read about a specific subcommand or concept.\nSee 'git help git' for an overview of the system.\n""
[0m15:09:57.792128 [debug] [MainThread]: STDERR: "b''"
[0m15:09:57.793060 [info ] [MainThread]:  - git [[32mOK found[0m]

[0m15:09:57.794242 [info ] [MainThread]: Connection:
[0m15:09:57.795656 [info ] [MainThread]:   driver: None
[0m15:09:57.797266 [info ] [MainThread]:   host: clickhouse
[0m15:09:57.799535 [info ] [MainThread]:   port: 9000
[0m15:09:57.801687 [info ] [MainThread]:   user: dbt
[0m15:09:57.803026 [info ] [MainThread]:   schema: raw
[0m15:09:57.804664 [info ] [MainThread]:   retries: 1
[0m15:09:57.806841 [info ] [MainThread]:   cluster: None
[0m15:09:57.808209 [info ] [MainThread]:   database_engine: None
[0m15:09:57.810291 [info ] [MainThread]:   cluster_mode: False
[0m15:09:57.812528 [info ] [MainThread]:   secure: False
[0m15:09:57.813863 [info ] [MainThread]:   verify: True
[0m15:09:57.815838 [info ] [MainThread]:   client_cert: None
[0m15:09:57.821575 [info ] [MainThread]:   client_cert_key: None
[0m15:09:57.823853 [info ] [MainThread]:   connect_timeout: 10
[0m15:09:57.828400 [info ] [MainThread]:   send_receive_timeout: 300
[0m15:09:57.829336 [info ] [MainThread]:   sync_request_timeout: 5
[0m15:09:57.835723 [info ] [MainThread]:   compress_block_size: 1048576
[0m15:09:57.841518 [info ] [MainThread]:   compression: 
[0m15:09:57.843426 [info ] [MainThread]:   check_exchange: True
[0m15:09:57.848611 [info ] [MainThread]:   custom_settings: None
[0m15:09:57.852998 [info ] [MainThread]:   use_lw_deletes: False
[0m15:09:57.855785 [info ] [MainThread]:   allow_automatic_deduplication: False
[0m15:09:57.857564 [info ] [MainThread]:   tcp_keepalive: False
[0m15:09:57.862226 [info ] [MainThread]: Registered adapter: clickhouse=1.9.3
[0m15:09:58.015234 [debug] [MainThread]: Acquiring new clickhouse connection 'debug'
[0m15:09:58.016447 [debug] [MainThread]: Opening a new connection, currently in state init
[0m15:09:58.438106 [debug] [MainThread]: dbt_clickhouse adapter: On debug: select 1 as id...
[0m15:09:58.448574 [debug] [MainThread]: dbt_clickhouse adapter: SQL status: OK in 0.01 seconds
[0m15:09:58.526134 [info ] [MainThread]:   Connection test: [[32mOK connection ok[0m]

[0m15:09:58.527446 [info ] [MainThread]: [32mAll checks passed![0m
[0m15:09:58.529951 [debug] [MainThread]: Resource report: {"command_name": "debug", "command_success": true, "command_wall_clock_time": 1.7681955, "process_in_blocks": "44496", "process_kernel_time": 0.745383, "process_mem_max_rss": "146828", "process_out_blocks": "0", "process_user_time": 4.380128}
[0m15:09:58.532222 [debug] [MainThread]: Command `dbt debug` succeeded at 15:09:58.531968 after 1.77 seconds
[0m15:09:58.535536 [debug] [MainThread]: Connection 'debug' was left open.
[0m15:09:58.538594 [debug] [MainThread]: On debug: Close
[0m15:09:58.541691 [debug] [MainThread]: Sending event: {'category': 'dbt', 'action': 'invocation', 'label': 'end', 'context': [<snowplow_tracker.self_describing_json.SelfDescribingJson object at 0x74af92a27200>, <snowplow_tracker.self_describing_json.SelfDescribingJson object at 0x74af928a2300>, <snowplow_tracker.self_describing_json.SelfDescribingJson object at 0x74af917f23c0>]}
[0m15:09:58.543035 [debug] [MainThread]: Flushing usage events
[0m15:09:59.359663 [debug] [MainThread]: An error was encountered while trying to flush usage events
[0m15:12:06.313925 [debug] [MainThread]: Sending event: {'category': 'dbt', 'action': 'invocation', 'label': 'start', 'context': [<snowplow_tracker.self_describing_json.SelfDescribingJson object at 0x79d5185ad8e0>, <snowplow_tracker.self_describing_json.SelfDescribingJson object at 0x79d518532e10>, <snowplow_tracker.self_describing_json.SelfDescribingJson object at 0x79d5189da1e0>]}


============================== 15:12:06.322814 | 7a7f22d7-946f-4997-831a-43e2d5b309a2 ==============================
[0m15:12:06.322814 [info ] [MainThread]: Running with dbt=1.12.2
[0m15:12:06.323745 [debug] [MainThread]: running dbt with arguments {'empty': 'False', 'maximum_seed_size_mib': '1', 'target_path': 'None', 'version_check': 'True', 'indirect_selection': 'eager', 'fail_fast': 'False', 'partial_parse': 'True', 'log_format': 'default', 'profiles_dir': '/opt/airflow/dbt', 'warn_error': 'None', 'invocation_command': 'dbt run --project-dir /opt/airflow/dbt --profiles-dir /opt/airflow/dbt', 'use_experimental_parser': 'False', 'hints_enabled': 'True', 'static_parser': 'True', 'use_colors': 'True', 'warn_error_options': 'WarnErrorOptionsV2(error=[], warn=[], silence=[])', 'introspect': 'True', 'quiet': 'False', 'printer_width': '80', 'send_anonymous_usage_stats': 'True', 'log_cache_events': 'False', 'log_path': '/opt/airflow/dbt/logs', 'cache_selected_only': 'False', 'debug': 'False', 'no_print': 'None', 'write_json': 'True'}
[0m15:12:06.621149 [debug] [MainThread]: Sending event: {'category': 'dbt', 'action': 'project_id', 'label': '7a7f22d7-946f-4997-831a-43e2d5b309a2', 'context': [<snowplow_tracker.self_describing_json.SelfDescribingJson object at 0x79d5178c4320>]}
[0m15:12:06.697544 [debug] [MainThread]: Sending event: {'category': 'dbt', 'action': 'adapter_info', 'label': '7a7f22d7-946f-4997-831a-43e2d5b309a2', 'context': [<snowplow_tracker.self_describing_json.SelfDescribingJson object at 0x79d517955eb0>]}
[0m15:12:06.699096 [info ] [MainThread]: Registered adapter: clickhouse=1.9.3
[0m15:12:06.802995 [debug] [MainThread]: checksum: adba77356f91f81a11ee2fa729542f151b163d2280a76ec0a147e0b39f20e5da, vars: {}, profile: analytics, target: dev, version: 1.12.2
[0m15:12:06.807847 [info ] [MainThread]: Unable to do partial parsing because saved manifest not found. Starting full parse.
[0m15:12:06.808669 [debug] [MainThread]: Sending event: {'category': 'dbt', 'action': 'partial_parser', 'label': '7a7f22d7-946f-4997-831a-43e2d5b309a2', 'context': [<snowplow_tracker.self_describing_json.SelfDescribingJson object at 0x79d5177cfd10>]}
[0m15:12:08.520727 [warn ] [MainThread]: [[33mWARNING[0m]: Configuration paths exist in your dbt_project.yml file which do not apply to any resources.
There are 1 unused configuration paths:
- models.analytics.marts
[0m15:12:08.527414 [debug] [MainThread]: Sending event: {'category': 'dbt', 'action': 'load_project', 'label': '7a7f22d7-946f-4997-831a-43e2d5b309a2', 'context': [<snowplow_tracker.self_describing_json.SelfDescribingJson object at 0x79d5174a6db0>]}
[0m15:12:08.639555 [debug] [MainThread]: Wrote artifact WritableManifest to /opt/airflow/dbt/target/manifest.json
[0m15:12:08.649211 [debug] [MainThread]: Wrote artifact SemanticManifest to /opt/airflow/dbt/target/semantic_manifest.json
[0m15:12:08.687444 [debug] [MainThread]: Wrote artifact OsiDocument to /opt/airflow/dbt/target/osi_document.json
[0m15:12:08.712929 [debug] [MainThread]: Sending event: {'category': 'dbt', 'action': 'resource_counts', 'label': '7a7f22d7-946f-4997-831a-43e2d5b309a2', 'context': [<snowplow_tracker.self_describing_json.SelfDescribingJson object at 0x79d5172bcc80>]}
[0m15:12:08.713836 [info ] [MainThread]: Found 1 model, 521 macros
[0m15:12:08.714967 [debug] [MainThread]: Sending event: {'category': 'dbt', 'action': 'runnable_timing', 'label': '7a7f22d7-946f-4997-831a-43e2d5b309a2', 'context': [<snowplow_tracker.self_describing_json.SelfDescribingJson object at 0x79d5172d7260>]}
[0m15:12:08.717896 [info ] [MainThread]: 
[0m15:12:08.718895 [info ] [MainThread]: Concurrency: 4 threads (target='dev')
[0m15:12:08.720147 [info ] [MainThread]: 
[0m15:12:08.721862 [debug] [MainThread]: Acquiring new clickhouse connection 'master'
[0m15:12:08.724153 [debug] [ThreadPool]: Acquiring new clickhouse connection 'list_'
[0m15:12:08.740615 [debug] [ThreadPool]: Opening a new connection, currently in state init
[0m15:12:08.929902 [debug] [ThreadPool]: dbt_clickhouse adapter: On list_: /* {"app": "dbt", "dbt_version": "1.12.2", "profile_name": "analytics", "target_name": "dev", "connection_name": "list_"} */

    select name from system.databases
  ...
[0m15:12:08.933144 [debug] [ThreadPool]: dbt_clickhouse adapter: SQL status: OK in 0.00 seconds
[0m15:12:08.963385 [debug] [ThreadPool]: Re-using an available connection from the pool (formerly list_, now list__raw)
[0m15:12:08.969448 [debug] [ThreadPool]: dbt_clickhouse adapter: On list__raw: /* {"app": "dbt", "dbt_version": "1.12.2", "profile_name": "analytics", "target_name": "dev", "connection_name": "list__raw"} */
select
      t.name as name,
      t.database as schema,
      multiIf(
        engine in ('MaterializedView', 'View'), 'view',
        engine = 'Dictionary', 'dictionary',
        'table'
      ) as type,
      db.engine as db_engine,0 as is_on_cluster
          from system.tables as t join system.databases as db on t.database = db.name
        where schema = 'raw'
      

  ...
[0m15:12:08.994237 [debug] [ThreadPool]: dbt_clickhouse adapter: SQL status: OK in 0.02 seconds
[0m15:12:08.998178 [debug] [MainThread]: Sending event: {'category': 'dbt', 'action': 'runnable_timing', 'label': '7a7f22d7-946f-4997-831a-43e2d5b309a2', 'context': [<snowplow_tracker.self_describing_json.SelfDescribingJson object at 0x79d517278d40>]}
[0m15:12:09.005456 [debug] [Thread-1 (]: Began running node model.analytics.stg_orders
[0m15:12:09.006360 [info ] [Thread-1 (]: 1 of 1 START sql view model `raw`.`stg_orders` ................................. [RUN]
[0m15:12:09.007258 [debug] [Thread-1 (]: Re-using an available connection from the pool (formerly list__raw, now model.analytics.stg_orders)
[0m15:12:09.008106 [debug] [Thread-1 (]: Began compiling node model.analytics.stg_orders
[0m15:12:09.014536 [debug] [Thread-1 (]: Writing injected SQL for node "model.analytics.stg_orders"
[0m15:12:09.032559 [debug] [Thread-1 (]: Began executing node model.analytics.stg_orders
[0m15:12:09.051036 [debug] [Thread-1 (]: Creating new relation stg_orders
[0m15:12:09.067117 [debug] [Thread-1 (]: Writing runtime sql for node "model.analytics.stg_orders"
[0m15:12:09.081917 [debug] [Thread-1 (]: dbt_clickhouse adapter: On model.analytics.stg_orders: /* {"app": "dbt", "dbt_version": "1.12.2", "profile_name": "analytics", "target_name": "dev", "node_id": "model.analytics.stg_orders"} */


  create or replace view `raw`.`stg_orders` 
  
    
  
  
    
    
  as (
    SELECT 
    order_id,
    customer_id,
    order_date,
    status
FROM raw.orders
    
  )
      
      
                    -- end_of_sql
                    
                    ...
[0m15:12:09.089920 [debug] [Thread-1 (]: dbt_clickhouse adapter: SQL status: OK in 0.01 seconds
[0m15:12:09.118710 [debug] [Thread-1 (]: Sending event: {'category': 'dbt', 'action': 'run_model', 'label': '7a7f22d7-946f-4997-831a-43e2d5b309a2', 'context': [<snowplow_tracker.self_describing_json.SelfDescribingJson object at 0x79d51a7a0920>]}
[0m15:12:09.120656 [info ] [Thread-1 (]: 1 of 1 OK created sql view model `raw`.`stg_orders` ............................ [[32mOK[0m in 0.11s]
[0m15:12:09.122252 [debug] [Thread-1 (]: Finished running node model.analytics.stg_orders
[0m15:12:09.125485 [debug] [MainThread]: Connection 'master' was properly closed.
[0m15:12:09.126385 [debug] [MainThread]: Connection 'model.analytics.stg_orders' was left open.
[0m15:12:09.127308 [debug] [MainThread]: On model.analytics.stg_orders: Close
[0m15:12:09.128792 [info ] [MainThread]: 
[0m15:12:09.130106 [info ] [MainThread]: Finished running 1 view model in 0 hours 0 minutes and 0.41 seconds (0.41s).
[0m15:12:09.132241 [debug] [MainThread]: Command end result
[0m15:12:09.201885 [debug] [MainThread]: Wrote artifact WritableManifest to /opt/airflow/dbt/target/manifest.json
[0m15:12:09.210345 [debug] [MainThread]: Wrote artifact SemanticManifest to /opt/airflow/dbt/target/semantic_manifest.json
[0m15:12:09.217844 [debug] [MainThread]: Wrote artifact OsiDocument to /opt/airflow/dbt/target/osi_document.json
[0m15:12:09.231960 [debug] [MainThread]: Wrote artifact RunExecutionResult to /opt/airflow/dbt/target/run_results.json
[0m15:12:09.232704 [info ] [MainThread]: 
[0m15:12:09.233625 [info ] [MainThread]: [32mCompleted successfully[0m
[0m15:12:09.234647 [info ] [MainThread]: 
[0m15:12:09.235762 [info ] [MainThread]: Done. PASS=1 WARN=0 ERROR=0 SKIP=0 NO-OP=0 REUSED=0 TOTAL=1
[0m15:12:09.238740 [debug] [MainThread]: Resource report: {"command_name": "run", "command_success": true, "command_wall_clock_time": 3.0800204, "process_in_blocks": "5128", "process_kernel_time": 0.464441, "process_mem_max_rss": "156744", "process_out_blocks": "0", "process_user_time": 4.842302}
[0m15:12:09.240078 [debug] [MainThread]: Command `dbt run` succeeded at 15:12:09.239804 after 3.08 seconds
[0m15:12:09.241064 [debug] [MainThread]: Sending event: {'category': 'dbt', 'action': 'invocation', 'label': 'end', 'context': [<snowplow_tracker.self_describing_json.SelfDescribingJson object at 0x79d51a44faa0>, <snowplow_tracker.self_describing_json.SelfDescribingJson object at 0x79d5188af020>, <snowplow_tracker.self_describing_json.SelfDescribingJson object at 0x79d518147950>]}
[0m15:12:09.242669 [debug] [MainThread]: Flushing usage events
[0m15:12:09.979489 [debug] [MainThread]: An error was encountered while trying to flush usage events
[0m15:14:18.405228 [debug] [MainThread]: Sending event: {'category': 'dbt', 'action': 'invocation', 'label': 'start', 'context': [<snowplow_tracker.self_describing_json.SelfDescribingJson object at 0x772b55c9e960>, <snowplow_tracker.self_describing_json.SelfDescribingJson object at 0x772b561fd310>, <snowplow_tracker.self_describing_json.SelfDescribingJson object at 0x772b55309100>]}


============================== 15:14:18.413653 | b19fa5bb-8baf-45ee-8d4a-d53d713b82be ==============================
[0m15:14:18.413653 [info ] [MainThread]: Running with dbt=1.12.2
[0m15:14:18.414784 [debug] [MainThread]: running dbt with arguments {'printer_width': '80', 'partial_parse': 'True', 'quiet': 'False', 'log_path': '/opt/airflow/dbt/logs', 'use_colors': 'True', 'version_check': 'True', 'log_format': 'default', 'warn_error': 'None', 'maximum_seed_size_mib': '1', 'empty': 'False', 'introspect': 'True', 'fail_fast': 'False', 'indirect_selection': 'eager', 'log_cache_events': 'False', 'send_anonymous_usage_stats': 'True', 'use_experimental_parser': 'False', 'hints_enabled': 'True', 'static_parser': 'True', 'profiles_dir': '/opt/airflow/dbt', 'warn_error_options': 'WarnErrorOptionsV2(error=[], warn=[], silence=[])', 'write_json': 'True', 'no_print': 'None', 'invocation_command': 'dbt run --project-dir /opt/airflow/dbt --profiles-dir /opt/airflow/dbt', 'target_path': 'None', 'cache_selected_only': 'False', 'debug': 'False'}
[0m15:14:18.650156 [debug] [MainThread]: Sending event: {'category': 'dbt', 'action': 'project_id', 'label': 'b19fa5bb-8baf-45ee-8d4a-d53d713b82be', 'context': [<snowplow_tracker.self_describing_json.SelfDescribingJson object at 0x772b54ecbd40>]}
[0m15:14:18.729147 [debug] [MainThread]: Sending event: {'category': 'dbt', 'action': 'adapter_info', 'label': 'b19fa5bb-8baf-45ee-8d4a-d53d713b82be', 'context': [<snowplow_tracker.self_describing_json.SelfDescribingJson object at 0x772b551ebe00>]}
[0m15:14:18.730965 [info ] [MainThread]: Registered adapter: clickhouse=1.9.3
[0m15:14:18.836538 [debug] [MainThread]: checksum: adba77356f91f81a11ee2fa729542f151b163d2280a76ec0a147e0b39f20e5da, vars: {}, profile: analytics, target: dev, version: 1.12.2
[0m15:14:19.001832 [debug] [MainThread]: Partial parsing enabled: 0 files deleted, 0 files added, 0 files changed.
[0m15:14:19.002529 [debug] [MainThread]: Nothing changed, skipping partial parsing.
[0m15:14:19.003024 [debug] [MainThread]: Partial parsing enabled, no changes found, skipping parsing
[0m15:14:19.010016 [warn ] [MainThread]: [[33mWARNING[0m]: Configuration paths exist in your dbt_project.yml file which do not apply to any resources.
There are 1 unused configuration paths:
- models.analytics.marts
[0m15:14:19.016039 [debug] [MainThread]: Sending event: {'category': 'dbt', 'action': 'load_project', 'label': 'b19fa5bb-8baf-45ee-8d4a-d53d713b82be', 'context': [<snowplow_tracker.self_describing_json.SelfDescribingJson object at 0x772b5504f350>]}
[0m15:14:19.147528 [debug] [MainThread]: Wrote artifact WritableManifest to /opt/airflow/dbt/target/manifest.json
[0m15:14:19.155167 [debug] [MainThread]: Wrote artifact SemanticManifest to /opt/airflow/dbt/target/semantic_manifest.json
[0m15:14:19.178452 [debug] [MainThread]: Wrote artifact OsiDocument to /opt/airflow/dbt/target/osi_document.json
[0m15:14:19.204993 [debug] [MainThread]: Sending event: {'category': 'dbt', 'action': 'resource_counts', 'label': 'b19fa5bb-8baf-45ee-8d4a-d53d713b82be', 'context': [<snowplow_tracker.self_describing_json.SelfDescribingJson object at 0x772b54ba3590>]}
[0m15:14:19.206517 [info ] [MainThread]: Found 1 model, 521 macros
[0m15:14:19.207868 [debug] [MainThread]: Sending event: {'category': 'dbt', 'action': 'runnable_timing', 'label': 'b19fa5bb-8baf-45ee-8d4a-d53d713b82be', 'context': [<snowplow_tracker.self_describing_json.SelfDescribingJson object at 0x772b5495a990>]}
[0m15:14:19.211288 [info ] [MainThread]: 
[0m15:14:19.212399 [info ] [MainThread]: Concurrency: 4 threads (target='dev')
[0m15:14:19.213680 [info ] [MainThread]: 
[0m15:14:19.215341 [debug] [MainThread]: Acquiring new clickhouse connection 'master'
[0m15:14:19.217466 [debug] [ThreadPool]: Acquiring new clickhouse connection 'list_'
[0m15:14:19.237418 [debug] [ThreadPool]: Opening a new connection, currently in state init
[0m15:14:19.527202 [debug] [ThreadPool]: dbt_clickhouse adapter: On list_: /* {"app": "dbt", "dbt_version": "1.12.2", "profile_name": "analytics", "target_name": "dev", "connection_name": "list_"} */

    select name from system.databases
  ...
[0m15:14:19.530881 [debug] [ThreadPool]: dbt_clickhouse adapter: SQL status: OK in 0.00 seconds
[0m15:14:19.560267 [debug] [ThreadPool]: Re-using an available connection from the pool (formerly list_, now list__raw)
[0m15:14:19.567685 [debug] [ThreadPool]: dbt_clickhouse adapter: On list__raw: /* {"app": "dbt", "dbt_version": "1.12.2", "profile_name": "analytics", "target_name": "dev", "connection_name": "list__raw"} */
select
      t.name as name,
      t.database as schema,
      multiIf(
        engine in ('MaterializedView', 'View'), 'view',
        engine = 'Dictionary', 'dictionary',
        'table'
      ) as type,
      db.engine as db_engine,0 as is_on_cluster
          from system.tables as t join system.databases as db on t.database = db.name
        where schema = 'raw'
      

  ...
[0m15:14:19.574245 [debug] [ThreadPool]: dbt_clickhouse adapter: SQL status: OK in 0.01 seconds
[0m15:14:19.581529 [debug] [MainThread]: Sending event: {'category': 'dbt', 'action': 'runnable_timing', 'label': 'b19fa5bb-8baf-45ee-8d4a-d53d713b82be', 'context': [<snowplow_tracker.self_describing_json.SelfDescribingJson object at 0x772b54dc4f80>]}
[0m15:14:19.587919 [debug] [Thread-1 (]: Began running node model.analytics.stg_orders
[0m15:14:19.588891 [info ] [Thread-1 (]: 1 of 1 START sql view model `raw`.`stg_orders` ................................. [RUN]
[0m15:14:19.589964 [debug] [Thread-1 (]: Re-using an available connection from the pool (formerly list__raw, now model.analytics.stg_orders)
[0m15:14:19.591044 [debug] [Thread-1 (]: Began compiling node model.analytics.stg_orders
[0m15:14:19.597779 [debug] [Thread-1 (]: Writing injected SQL for node "model.analytics.stg_orders"
[0m15:14:19.605848 [debug] [Thread-1 (]: Began executing node model.analytics.stg_orders
[0m15:14:19.635491 [debug] [Thread-1 (]: Relation stg_orders already exists, replacing it
[0m15:14:19.653650 [debug] [Thread-1 (]: Writing runtime sql for node "model.analytics.stg_orders"
[0m15:14:19.661906 [debug] [Thread-1 (]: dbt_clickhouse adapter: On model.analytics.stg_orders: /* {"app": "dbt", "dbt_version": "1.12.2", "profile_name": "analytics", "target_name": "dev", "node_id": "model.analytics.stg_orders"} */


  create or replace view `raw`.`stg_orders` 
  
    
  
  
    
    
  as (
    SELECT 
    order_id,
    customer_id,
    order_date,
    status
FROM raw.orders
    
  )
      
      
                    -- end_of_sql
                    
                    ...
[0m15:14:19.670937 [debug] [Thread-1 (]: dbt_clickhouse adapter: SQL status: OK in 0.01 seconds
[0m15:14:19.696419 [debug] [Thread-1 (]: Sending event: {'category': 'dbt', 'action': 'run_model', 'label': 'b19fa5bb-8baf-45ee-8d4a-d53d713b82be', 'context': [<snowplow_tracker.self_describing_json.SelfDescribingJson object at 0x772b57f40980>]}
[0m15:14:19.697434 [info ] [Thread-1 (]: 1 of 1 OK created sql view model `raw`.`stg_orders` ............................ [[32mOK[0m in 0.11s]
[0m15:14:19.699114 [debug] [Thread-1 (]: Finished running node model.analytics.stg_orders
[0m15:14:19.702191 [debug] [MainThread]: Connection 'master' was properly closed.
[0m15:14:19.702988 [debug] [MainThread]: Connection 'model.analytics.stg_orders' was left open.
[0m15:14:19.703786 [debug] [MainThread]: On model.analytics.stg_orders: Close
[0m15:14:19.704858 [info ] [MainThread]: 
[0m15:14:19.705992 [info ] [MainThread]: Finished running 1 view model in 0 hours 0 minutes and 0.49 seconds (0.49s).
[0m15:14:19.707764 [debug] [MainThread]: Command end result
[0m15:14:19.761747 [debug] [MainThread]: Wrote artifact WritableManifest to /opt/airflow/dbt/target/manifest.json
[0m15:14:19.767728 [debug] [MainThread]: Wrote artifact SemanticManifest to /opt/airflow/dbt/target/semantic_manifest.json
[0m15:14:19.774254 [debug] [MainThread]: Wrote artifact OsiDocument to /opt/airflow/dbt/target/osi_document.json
[0m15:14:19.787596 [debug] [MainThread]: Wrote artifact RunExecutionResult to /opt/airflow/dbt/target/run_results.json
[0m15:14:19.788554 [info ] [MainThread]: 
[0m15:14:19.789399 [info ] [MainThread]: [32mCompleted successfully[0m
[0m15:14:19.790344 [info ] [MainThread]: 
[0m15:14:19.791601 [info ] [MainThread]: Done. PASS=1 WARN=0 ERROR=0 SKIP=0 NO-OP=0 REUSED=0 TOTAL=1
[0m15:14:19.794542 [debug] [MainThread]: Resource report: {"command_name": "run", "command_success": true, "command_wall_clock_time": 1.4962158, "process_in_blocks": "0", "process_kernel_time": 0.39134, "process_mem_max_rss": "154380", "process_out_blocks": "0", "process_user_time": 3.364725}
[0m15:14:19.795874 [debug] [MainThread]: Command `dbt run` succeeded at 15:14:19.795604 after 1.50 seconds
[0m15:14:19.796681 [debug] [MainThread]: Sending event: {'category': 'dbt', 'action': 'invocation', 'label': 'end', 'context': [<snowplow_tracker.self_describing_json.SelfDescribingJson object at 0x772b552051c0>, <snowplow_tracker.self_describing_json.SelfDescribingJson object at 0x772b55205130>, <snowplow_tracker.self_describing_json.SelfDescribingJson object at 0x772b550a5b80>]}
[0m15:14:19.797328 [debug] [MainThread]: Flushing usage events
[0m15:14:20.469984 [debug] [MainThread]: An error was encountered while trying to flush usage events
[0m15:45:50.653633 [debug] [MainThread]: Sending event: {'category': 'dbt', 'action': 'invocation', 'label': 'start', 'context': [<snowplow_tracker.self_describing_json.SelfDescribingJson object at 0x79da3594c230>, <snowplow_tracker.self_describing_json.SelfDescribingJson object at 0x79da35506870>, <snowplow_tracker.self_describing_json.SelfDescribingJson object at 0x79da3594c170>]}


============================== 15:45:50.666715 | 5254c08b-e16f-49b1-a8b2-8ded43ff01d4 ==============================
[0m15:45:50.666715 [info ] [MainThread]: Running with dbt=1.12.2
[0m15:45:50.667916 [debug] [MainThread]: running dbt with arguments {'profiles_dir': '/opt/airflow/dbt', 'maximum_seed_size_mib': '1', 'warn_error': 'None', 'fail_fast': 'False', 'printer_width': '80', 'send_anonymous_usage_stats': 'True', 'quiet': 'False', 'static_parser': 'True', 'warn_error_options': 'WarnErrorOptionsV2(error=[], warn=[], silence=[])', 'no_print': 'None', 'debug': 'False', 'invocation_command': 'dbt run --project-dir /opt/airflow/dbt --profiles-dir /opt/airflow/dbt', 'empty': 'False', 'use_experimental_parser': 'False', 'hints_enabled': 'True', 'indirect_selection': 'eager', 'use_colors': 'True', 'write_json': 'True', 'log_format': 'default', 'target_path': 'None', 'introspect': 'True', 'cache_selected_only': 'False', 'log_path': '/opt/airflow/dbt/logs', 'version_check': 'True', 'log_cache_events': 'False', 'partial_parse': 'True'}
[0m15:45:51.074620 [debug] [MainThread]: Sending event: {'category': 'dbt', 'action': 'project_id', 'label': '5254c08b-e16f-49b1-a8b2-8ded43ff01d4', 'context': [<snowplow_tracker.self_describing_json.SelfDescribingJson object at 0x79da34ce6780>]}
[0m15:45:51.151164 [debug] [MainThread]: Sending event: {'category': 'dbt', 'action': 'adapter_info', 'label': '5254c08b-e16f-49b1-a8b2-8ded43ff01d4', 'context': [<snowplow_tracker.self_describing_json.SelfDescribingJson object at 0x79da36192960>]}
[0m15:45:51.152705 [info ] [MainThread]: Registered adapter: clickhouse=1.9.3
[0m15:45:51.264854 [debug] [MainThread]: checksum: adba77356f91f81a11ee2fa729542f151b163d2280a76ec0a147e0b39f20e5da, vars: {}, profile: analytics, target: dev, version: 1.12.2
[0m15:45:51.585295 [debug] [MainThread]: Partial parsing enabled: 0 files deleted, 3 files added, 0 files changed.
[0m15:45:51.586597 [debug] [MainThread]: Partial parsing: added file: analytics://models/staging/stg_customers.sql
[0m15:45:51.587401 [debug] [MainThread]: Partial parsing: added file: analytics://models/staging/stg_order_items.sql
[0m15:45:51.588089 [debug] [MainThread]: Partial parsing: added file: analytics://models/staging/stg_products.sql
[0m15:45:51.948215 [warn ] [MainThread]: [[33mWARNING[0m]: Configuration paths exist in your dbt_project.yml file which do not apply to any resources.
There are 1 unused configuration paths:
- models.analytics.marts
[0m15:45:51.955051 [debug] [MainThread]: Sending event: {'category': 'dbt', 'action': 'load_project', 'label': '5254c08b-e16f-49b1-a8b2-8ded43ff01d4', 'context': [<snowplow_tracker.self_describing_json.SelfDescribingJson object at 0x79da34653320>]}
[0m15:45:52.081629 [debug] [MainThread]: Wrote artifact WritableManifest to /opt/airflow/dbt/target/manifest.json
[0m15:45:52.088730 [debug] [MainThread]: Wrote artifact SemanticManifest to /opt/airflow/dbt/target/semantic_manifest.json
[0m15:45:52.177685 [debug] [MainThread]: Wrote artifact OsiDocument to /opt/airflow/dbt/target/osi_document.json
[0m15:45:52.200279 [debug] [MainThread]: Sending event: {'category': 'dbt', 'action': 'resource_counts', 'label': '5254c08b-e16f-49b1-a8b2-8ded43ff01d4', 'context': [<snowplow_tracker.self_describing_json.SelfDescribingJson object at 0x79da347b4170>]}
[0m15:45:52.201385 [info ] [MainThread]: Found 4 models, 521 macros
[0m15:45:52.202959 [debug] [MainThread]: Sending event: {'category': 'dbt', 'action': 'runnable_timing', 'label': '5254c08b-e16f-49b1-a8b2-8ded43ff01d4', 'context': [<snowplow_tracker.self_describing_json.SelfDescribingJson object at 0x79da361b89b0>]}
[0m15:45:52.206807 [info ] [MainThread]: 
[0m15:45:52.208198 [info ] [MainThread]: Concurrency: 4 threads (target='dev')
[0m15:45:52.209541 [info ] [MainThread]: 
[0m15:45:52.211258 [debug] [MainThread]: Acquiring new clickhouse connection 'master'
[0m15:45:52.223969 [debug] [ThreadPool]: Acquiring new clickhouse connection 'list_'
[0m15:45:52.238816 [debug] [ThreadPool]: Opening a new connection, currently in state init
[0m15:45:52.441805 [debug] [ThreadPool]: dbt_clickhouse adapter: On list_: /* {"app": "dbt", "dbt_version": "1.12.2", "profile_name": "analytics", "target_name": "dev", "connection_name": "list_"} */

    select name from system.databases
  ...
[0m15:45:52.446036 [debug] [ThreadPool]: dbt_clickhouse adapter: SQL status: OK in 0.00 seconds
[0m15:45:52.486938 [debug] [ThreadPool]: Re-using an available connection from the pool (formerly list_, now list__raw)
[0m15:45:52.492824 [debug] [ThreadPool]: dbt_clickhouse adapter: On list__raw: /* {"app": "dbt", "dbt_version": "1.12.2", "profile_name": "analytics", "target_name": "dev", "connection_name": "list__raw"} */
select
      t.name as name,
      t.database as schema,
      multiIf(
        engine in ('MaterializedView', 'View'), 'view',
        engine = 'Dictionary', 'dictionary',
        'table'
      ) as type,
      db.engine as db_engine,0 as is_on_cluster
          from system.tables as t join system.databases as db on t.database = db.name
        where schema = 'raw'
      

  ...
[0m15:45:52.499483 [debug] [ThreadPool]: dbt_clickhouse adapter: SQL status: OK in 0.01 seconds
[0m15:45:52.503299 [debug] [MainThread]: Sending event: {'category': 'dbt', 'action': 'runnable_timing', 'label': '5254c08b-e16f-49b1-a8b2-8ded43ff01d4', 'context': [<snowplow_tracker.self_describing_json.SelfDescribingJson object at 0x79da3485f920>]}
[0m15:45:52.509237 [debug] [Thread-1 (]: Began running node model.analytics.stg_customers
[0m15:45:52.509892 [debug] [Thread-2 (]: Began running node model.analytics.stg_order_items
[0m15:45:52.510362 [debug] [Thread-3 (]: Began running node model.analytics.stg_orders
[0m15:45:52.511441 [debug] [Thread-4 (]: Began running node model.analytics.stg_products
[0m15:45:52.510959 [info ] [Thread-1 (]: 1 of 4 START sql view model `raw`.`stg_customers` .............................. [RUN]
[0m15:45:52.513233 [info ] [Thread-2 (]: 2 of 4 START sql view model `raw`.`stg_order_items` ............................ [RUN]
[0m15:45:52.514786 [info ] [Thread-3 (]: 3 of 4 START sql view model `raw`.`stg_orders` ................................. [RUN]
[0m15:45:52.516115 [info ] [Thread-4 (]: 4 of 4 START sql view model `raw`.`stg_products` ............................... [RUN]
[0m15:45:52.517470 [debug] [Thread-1 (]: Re-using an available connection from the pool (formerly list__raw, now model.analytics.stg_customers)
[0m15:45:52.519202 [debug] [Thread-2 (]: Acquiring new clickhouse connection 'model.analytics.stg_order_items'
[0m15:45:52.520710 [debug] [Thread-3 (]: Acquiring new clickhouse connection 'model.analytics.stg_orders'
[0m15:45:52.522278 [debug] [Thread-4 (]: Acquiring new clickhouse connection 'model.analytics.stg_products'
[0m15:45:52.524156 [debug] [Thread-1 (]: Began compiling node model.analytics.stg_customers
[0m15:45:52.525461 [debug] [Thread-2 (]: Began compiling node model.analytics.stg_order_items
[0m15:45:52.526446 [debug] [Thread-3 (]: Began compiling node model.analytics.stg_orders
[0m15:45:52.527373 [debug] [Thread-4 (]: Began compiling node model.analytics.stg_products
[0m15:45:52.535396 [debug] [Thread-1 (]: Writing injected SQL for node "model.analytics.stg_customers"
[0m15:45:52.536540 [debug] [Thread-2 (]: Writing injected SQL for node "model.analytics.stg_order_items"
[0m15:45:52.538333 [debug] [Thread-3 (]: Writing injected SQL for node "model.analytics.stg_orders"
[0m15:45:52.540080 [debug] [Thread-4 (]: Writing injected SQL for node "model.analytics.stg_products"
[0m15:45:52.545513 [debug] [Thread-1 (]: Began executing node model.analytics.stg_customers
[0m15:45:52.557869 [debug] [Thread-2 (]: Began executing node model.analytics.stg_order_items
[0m15:45:52.558597 [debug] [Thread-3 (]: Began executing node model.analytics.stg_orders
[0m15:45:52.565079 [debug] [Thread-1 (]: Creating new relation stg_customers
[0m15:45:52.567069 [debug] [Thread-2 (]: Creating new relation stg_order_items
[0m15:45:52.569996 [debug] [Thread-3 (]: Relation stg_orders already exists, replacing it
[0m15:45:52.570858 [debug] [Thread-4 (]: Began executing node model.analytics.stg_products
[0m15:45:52.609779 [debug] [Thread-3 (]: Opening a new connection, currently in state init
[0m15:45:52.613703 [debug] [Thread-1 (]: Writing runtime sql for node "model.analytics.stg_customers"
[0m15:45:52.615370 [debug] [Thread-2 (]: Opening a new connection, currently in state init
[0m15:45:52.617617 [debug] [Thread-4 (]: Creating new relation stg_products
[0m15:45:52.622816 [debug] [Thread-4 (]: Opening a new connection, currently in state init
[0m15:45:52.635638 [debug] [Thread-1 (]: dbt_clickhouse adapter: On model.analytics.stg_customers: /* {"app": "dbt", "dbt_version": "1.12.2", "profile_name": "analytics", "target_name": "dev", "node_id": "model.analytics.stg_customers"} */


  create or replace view `raw`.`stg_customers` 
  
    
  
  
    
    
  as (
    SELECT
    customer_id,
    name,
    email,
    city,
    registration_date
FROM raw.customers
    
  )
      
      
                    -- end_of_sql
                    
                    ...
[0m15:45:52.644470 [debug] [Thread-1 (]: dbt_clickhouse adapter: SQL status: OK in 0.01 seconds
[0m15:45:52.672052 [debug] [Thread-1 (]: Sending event: {'category': 'dbt', 'action': 'run_model', 'label': '5254c08b-e16f-49b1-a8b2-8ded43ff01d4', 'context': [<snowplow_tracker.self_describing_json.SelfDescribingJson object at 0x79da37cc4b30>]}
[0m15:45:52.673712 [info ] [Thread-1 (]: 1 of 4 OK created sql view model `raw`.`stg_customers` ......................... [[32mOK[0m in 0.15s]
[0m15:45:52.675598 [debug] [Thread-1 (]: Finished running node model.analytics.stg_customers
[0m15:45:52.711370 [debug] [Thread-2 (]: Writing runtime sql for node "model.analytics.stg_order_items"
[0m15:45:52.712066 [debug] [Thread-3 (]: Writing runtime sql for node "model.analytics.stg_orders"
[0m15:45:52.712566 [debug] [Thread-4 (]: Writing runtime sql for node "model.analytics.stg_products"
[0m15:45:52.718629 [debug] [Thread-2 (]: dbt_clickhouse adapter: On model.analytics.stg_order_items: /* {"app": "dbt", "dbt_version": "1.12.2", "profile_name": "analytics", "target_name": "dev", "node_id": "model.analytics.stg_order_items"} */


  create or replace view `raw`.`stg_order_items` 
  
    
  
  
    
    
  as (
    SELECT
    order_item_id,
    order_id,
    product_id,
    quantity,
    price,
    total_amount
FROM raw.order_items
    
  )
      
      
                    -- end_of_sql
                    
                    ...
[0m15:45:52.723341 [debug] [Thread-4 (]: dbt_clickhouse adapter: On model.analytics.stg_products: /* {"app": "dbt", "dbt_version": "1.12.2", "profile_name": "analytics", "target_name": "dev", "node_id": "model.analytics.stg_products"} */


  create or replace view `raw`.`stg_products` 
  
    
  
  
    
    
  as (
    SELECT
    product_id,
    product_name,
    category,
    price
FROM raw.products
    
  )
      
      
                    -- end_of_sql
                    
                    ...
[0m15:45:52.726193 [debug] [Thread-3 (]: dbt_clickhouse adapter: On model.analytics.stg_orders: /* {"app": "dbt", "dbt_version": "1.12.2", "profile_name": "analytics", "target_name": "dev", "node_id": "model.analytics.stg_orders"} */


  create or replace view `raw`.`stg_orders` 
  
    
  
  
    
    
  as (
    SELECT 
    order_id,
    customer_id,
    order_date,
    status
FROM raw.orders
    
  )
      
      
                    -- end_of_sql
                    
                    ...
[0m15:45:52.730147 [debug] [Thread-2 (]: dbt_clickhouse adapter: SQL status: OK in 0.01 seconds
[0m15:45:52.734499 [debug] [Thread-2 (]: Sending event: {'category': 'dbt', 'action': 'run_model', 'label': '5254c08b-e16f-49b1-a8b2-8ded43ff01d4', 'context': [<snowplow_tracker.self_describing_json.SelfDescribingJson object at 0x79da2d78e0c0>]}
[0m15:45:52.735149 [debug] [Thread-3 (]: dbt_clickhouse adapter: SQL status: OK in 0.01 seconds
[0m15:45:52.735622 [debug] [Thread-4 (]: dbt_clickhouse adapter: SQL status: OK in 0.01 seconds
[0m15:45:52.736403 [info ] [Thread-2 (]: 2 of 4 OK created sql view model `raw`.`stg_order_items` ....................... [[32mOK[0m in 0.22s]
[0m15:45:52.743384 [debug] [Thread-3 (]: Sending event: {'category': 'dbt', 'action': 'run_model', 'label': '5254c08b-e16f-49b1-a8b2-8ded43ff01d4', 'context': [<snowplow_tracker.self_describing_json.SelfDescribingJson object at 0x79da2d698cb0>]}
[0m15:45:52.746199 [debug] [Thread-4 (]: Sending event: {'category': 'dbt', 'action': 'run_model', 'label': '5254c08b-e16f-49b1-a8b2-8ded43ff01d4', 'context': [<snowplow_tracker.self_describing_json.SelfDescribingJson object at 0x79da2d809eb0>]}
[0m15:45:52.747362 [debug] [Thread-2 (]: Finished running node model.analytics.stg_order_items
[0m15:45:52.748444 [info ] [Thread-3 (]: 3 of 4 OK created sql view model `raw`.`stg_orders` ............................ [[32mOK[0m in 0.22s]
[0m15:45:52.749436 [info ] [Thread-4 (]: 4 of 4 OK created sql view model `raw`.`stg_products` .......................... [[32mOK[0m in 0.22s]
[0m15:45:52.751677 [debug] [Thread-3 (]: Finished running node model.analytics.stg_orders
[0m15:45:52.753005 [debug] [Thread-4 (]: Finished running node model.analytics.stg_products
[0m15:45:52.756634 [debug] [MainThread]: Connection 'master' was properly closed.
[0m15:45:52.757403 [debug] [MainThread]: Connection 'model.analytics.stg_customers' was left open.
[0m15:45:52.758012 [debug] [MainThread]: On model.analytics.stg_customers: Close
[0m15:45:52.758821 [debug] [MainThread]: Connection 'model.analytics.stg_order_items' was left open.
[0m15:45:52.759867 [debug] [MainThread]: On model.analytics.stg_order_items: Close
[0m15:45:52.761219 [debug] [MainThread]: Connection 'model.analytics.stg_orders' was left open.
[0m15:45:52.797571 [debug] [MainThread]: On model.analytics.stg_orders: Close
[0m15:45:52.799183 [debug] [MainThread]: Connection 'model.analytics.stg_products' was left open.
[0m15:45:52.800236 [debug] [MainThread]: On model.analytics.stg_products: Close
[0m15:45:52.801420 [info ] [MainThread]: 
[0m15:45:52.802754 [info ] [MainThread]: Finished running 4 view models in 0 hours 0 minutes and 0.59 seconds (0.59s).
[0m15:45:52.805941 [debug] [MainThread]: Command end result
[0m15:45:52.870845 [debug] [MainThread]: Wrote artifact WritableManifest to /opt/airflow/dbt/target/manifest.json
[0m15:45:52.877098 [debug] [MainThread]: Wrote artifact SemanticManifest to /opt/airflow/dbt/target/semantic_manifest.json
[0m15:45:52.884449 [debug] [MainThread]: Wrote artifact OsiDocument to /opt/airflow/dbt/target/osi_document.json
[0m15:45:52.895407 [debug] [MainThread]: Wrote artifact RunExecutionResult to /opt/airflow/dbt/target/run_results.json
[0m15:45:52.896654 [info ] [MainThread]: 
[0m15:45:52.897998 [info ] [MainThread]: [32mCompleted successfully[0m
[0m15:45:52.899329 [info ] [MainThread]: 
[0m15:45:52.900549 [info ] [MainThread]: Done. PASS=4 WARN=0 ERROR=0 SKIP=0 NO-OP=0 REUSED=0 TOTAL=4
[0m15:45:52.902735 [debug] [MainThread]: Resource report: {"command_name": "run", "command_success": true, "command_wall_clock_time": 2.4154263, "process_in_blocks": "0", "process_kernel_time": 0.677548, "process_mem_max_rss": "160520", "process_out_blocks": "0", "process_user_time": 4.718787}
[0m15:45:52.903629 [debug] [MainThread]: Command `dbt run` succeeded at 15:45:52.903463 after 2.42 seconds
[0m15:45:52.904328 [debug] [MainThread]: Sending event: {'category': 'dbt', 'action': 'invocation', 'label': 'end', 'context': [<snowplow_tracker.self_describing_json.SelfDescribingJson object at 0x79da3478e990>, <snowplow_tracker.self_describing_json.SelfDescribingJson object at 0x79da34764110>, <snowplow_tracker.self_describing_json.SelfDescribingJson object at 0x79da3823d9d0>]}
[0m15:45:52.905069 [debug] [MainThread]: Flushing usage events
[0m15:45:53.687640 [debug] [MainThread]: An error was encountered while trying to flush usage events
[0m08:08:18.840811 [debug] [MainThread]: Sending event: {'category': 'dbt', 'action': 'invocation', 'label': 'start', 'context': [<snowplow_tracker.self_describing_json.SelfDescribingJson object at 0x7100b342ec00>, <snowplow_tracker.self_describing_json.SelfDescribingJson object at 0x7100b5575820>, <snowplow_tracker.self_describing_json.SelfDescribingJson object at 0x7100b2ce7650>]}


============================== 08:08:18.850912 | 29a76281-78c8-4b00-bb09-a72970546e18 ==============================
[0m08:08:18.850912 [info ] [MainThread]: Running with dbt=1.12.2
[0m08:08:18.852110 [debug] [MainThread]: running dbt with arguments {'invocation_command': 'dbt run --project-dir /opt/airflow/dbt --profiles-dir /opt/airflow/dbt', 'no_print': 'None', 'target_path': 'None', 'debug': 'False', 'use_experimental_parser': 'False', 'indirect_selection': 'eager', 'use_colors': 'True', 'warn_error_options': 'WarnErrorOptionsV2(error=[], warn=[], silence=[])', 'write_json': 'True', 'profiles_dir': '/opt/airflow/dbt', 'send_anonymous_usage_stats': 'True', 'partial_parse': 'True', 'empty': 'False', 'log_format': 'default', 'quiet': 'False', 'warn_error': 'None', 'log_path': '/opt/airflow/dbt/logs', 'introspect': 'True', 'hints_enabled': 'True', 'fail_fast': 'False', 'printer_width': '80', 'maximum_seed_size_mib': '1', 'version_check': 'True', 'cache_selected_only': 'False', 'static_parser': 'True', 'log_cache_events': 'False'}
[0m08:08:19.209834 [debug] [MainThread]: Sending event: {'category': 'dbt', 'action': 'project_id', 'label': '29a76281-78c8-4b00-bb09-a72970546e18', 'context': [<snowplow_tracker.self_describing_json.SelfDescribingJson object at 0x7100b211c620>]}
[0m08:08:19.298433 [debug] [MainThread]: Sending event: {'category': 'dbt', 'action': 'adapter_info', 'label': '29a76281-78c8-4b00-bb09-a72970546e18', 'context': [<snowplow_tracker.self_describing_json.SelfDescribingJson object at 0x7100b2194080>]}
[0m08:08:19.300442 [info ] [MainThread]: Registered adapter: clickhouse=1.9.3
[0m08:08:19.422511 [debug] [MainThread]: checksum: adba77356f91f81a11ee2fa729542f151b163d2280a76ec0a147e0b39f20e5da, vars: {}, profile: analytics, target: dev, version: 1.12.2
[0m08:08:19.706147 [debug] [MainThread]: Partial parsing enabled: 0 files deleted, 3 files added, 0 files changed.
[0m08:08:19.707035 [debug] [MainThread]: Partial parsing: added file: analytics://models/marts/fct_orders.sql
[0m08:08:19.707833 [debug] [MainThread]: Partial parsing: added file: analytics://models/marts/sales_by_category.sql
[0m08:08:19.708650 [debug] [MainThread]: Partial parsing: added file: analytics://models/marts/sales_daily.sql
[0m08:08:20.158966 [debug] [MainThread]: Sending event: {'category': 'dbt', 'action': 'load_project', 'label': '29a76281-78c8-4b00-bb09-a72970546e18', 'context': [<snowplow_tracker.self_describing_json.SelfDescribingJson object at 0x7100b1a14c20>]}
[0m08:08:20.377009 [debug] [MainThread]: Wrote artifact WritableManifest to /opt/airflow/dbt/target/manifest.json
[0m08:08:20.391508 [debug] [MainThread]: Wrote artifact SemanticManifest to /opt/airflow/dbt/target/semantic_manifest.json
[0m08:08:20.454756 [debug] [MainThread]: Wrote artifact OsiDocument to /opt/airflow/dbt/target/osi_document.json
[0m08:08:20.496236 [debug] [MainThread]: Sending event: {'category': 'dbt', 'action': 'resource_counts', 'label': '29a76281-78c8-4b00-bb09-a72970546e18', 'context': [<snowplow_tracker.self_describing_json.SelfDescribingJson object at 0x7100b1e02ae0>]}
[0m08:08:20.498002 [info ] [MainThread]: Found 7 models, 521 macros
[0m08:08:20.499666 [debug] [MainThread]: Sending event: {'category': 'dbt', 'action': 'runnable_timing', 'label': '29a76281-78c8-4b00-bb09-a72970546e18', 'context': [<snowplow_tracker.self_describing_json.SelfDescribingJson object at 0x7100b19f47a0>]}
[0m08:08:20.504212 [info ] [MainThread]: 
[0m08:08:20.506302 [info ] [MainThread]: Concurrency: 4 threads (target='dev')
[0m08:08:20.512971 [info ] [MainThread]: 
[0m08:08:20.515377 [debug] [MainThread]: Acquiring new clickhouse connection 'master'
[0m08:08:20.531241 [debug] [ThreadPool]: Acquiring new clickhouse connection 'list_'
[0m08:08:20.557478 [debug] [ThreadPool]: Opening a new connection, currently in state init
[0m08:08:21.243195 [debug] [ThreadPool]: dbt_clickhouse adapter: On list_: /* {"app": "dbt", "dbt_version": "1.12.2", "profile_name": "analytics", "target_name": "dev", "connection_name": "list_"} */

    select name from system.databases
  ...
[0m08:08:21.248249 [debug] [ThreadPool]: dbt_clickhouse adapter: SQL status: OK in 0.00 seconds
[0m08:08:21.285980 [debug] [ThreadPool]: Re-using an available connection from the pool (formerly list_, now list__raw)
[0m08:08:21.294323 [debug] [ThreadPool]: dbt_clickhouse adapter: On list__raw: /* {"app": "dbt", "dbt_version": "1.12.2", "profile_name": "analytics", "target_name": "dev", "connection_name": "list__raw"} */
select
      t.name as name,
      t.database as schema,
      multiIf(
        engine in ('MaterializedView', 'View'), 'view',
        engine = 'Dictionary', 'dictionary',
        'table'
      ) as type,
      db.engine as db_engine,0 as is_on_cluster
          from system.tables as t join system.databases as db on t.database = db.name
        where schema = 'raw'
      

  ...
[0m08:08:21.374587 [debug] [ThreadPool]: dbt_clickhouse adapter: SQL status: OK in 0.08 seconds
[0m08:08:21.379978 [debug] [MainThread]: Sending event: {'category': 'dbt', 'action': 'runnable_timing', 'label': '29a76281-78c8-4b00-bb09-a72970546e18', 'context': [<snowplow_tracker.self_describing_json.SelfDescribingJson object at 0x7100b19f6e10>]}
[0m08:08:21.392268 [debug] [Thread-1 (]: Began running node model.analytics.stg_customers
[0m08:08:21.393303 [debug] [Thread-2 (]: Began running node model.analytics.stg_order_items
[0m08:08:21.394394 [debug] [Thread-3 (]: Began running node model.analytics.stg_orders
[0m08:08:21.395260 [debug] [Thread-4 (]: Began running node model.analytics.stg_products
[0m08:08:21.396325 [info ] [Thread-1 (]: 1 of 7 START sql view model `raw`.`stg_customers` .............................. [RUN]
[0m08:08:21.398432 [info ] [Thread-2 (]: 2 of 7 START sql view model `raw`.`stg_order_items` ............................ [RUN]
[0m08:08:21.400410 [info ] [Thread-3 (]: 3 of 7 START sql view model `raw`.`stg_orders` ................................. [RUN]
[0m08:08:21.402450 [info ] [Thread-4 (]: 4 of 7 START sql view model `raw`.`stg_products` ............................... [RUN]
[0m08:08:21.404059 [debug] [Thread-1 (]: Re-using an available connection from the pool (formerly list__raw, now model.analytics.stg_customers)
[0m08:08:21.405998 [debug] [Thread-2 (]: Acquiring new clickhouse connection 'model.analytics.stg_order_items'
[0m08:08:21.407868 [debug] [Thread-3 (]: Acquiring new clickhouse connection 'model.analytics.stg_orders'
[0m08:08:21.409429 [debug] [Thread-4 (]: Acquiring new clickhouse connection 'model.analytics.stg_products'
[0m08:08:21.410666 [debug] [Thread-1 (]: Began compiling node model.analytics.stg_customers
[0m08:08:21.412067 [debug] [Thread-2 (]: Began compiling node model.analytics.stg_order_items
[0m08:08:21.414114 [debug] [Thread-3 (]: Began compiling node model.analytics.stg_orders
[0m08:08:21.415539 [debug] [Thread-4 (]: Began compiling node model.analytics.stg_products
[0m08:08:21.423366 [debug] [Thread-1 (]: Writing injected SQL for node "model.analytics.stg_customers"
[0m08:08:21.425941 [debug] [Thread-2 (]: Writing injected SQL for node "model.analytics.stg_order_items"
[0m08:08:21.428198 [debug] [Thread-3 (]: Writing injected SQL for node "model.analytics.stg_orders"
[0m08:08:21.430229 [debug] [Thread-4 (]: Writing injected SQL for node "model.analytics.stg_products"
[0m08:08:21.475221 [debug] [Thread-4 (]: Began executing node model.analytics.stg_products
[0m08:08:21.482381 [debug] [Thread-2 (]: Began executing node model.analytics.stg_order_items
[0m08:08:21.491834 [debug] [Thread-1 (]: Began executing node model.analytics.stg_customers
[0m08:08:21.504797 [debug] [Thread-3 (]: Began executing node model.analytics.stg_orders
[0m08:08:21.506690 [debug] [Thread-4 (]: Relation stg_products already exists, replacing it
[0m08:08:21.513929 [debug] [Thread-2 (]: Relation stg_order_items already exists, replacing it
[0m08:08:21.515540 [debug] [Thread-1 (]: Relation stg_customers already exists, replacing it
[0m08:08:21.518126 [debug] [Thread-3 (]: Relation stg_orders already exists, replacing it
[0m08:08:21.549087 [debug] [Thread-4 (]: Opening a new connection, currently in state init
[0m08:08:21.553748 [debug] [Thread-2 (]: Opening a new connection, currently in state init
[0m08:08:21.555868 [debug] [Thread-1 (]: Writing runtime sql for node "model.analytics.stg_customers"
[0m08:08:21.558362 [debug] [Thread-3 (]: Opening a new connection, currently in state init
[0m08:08:21.578982 [debug] [Thread-1 (]: dbt_clickhouse adapter: On model.analytics.stg_customers: /* {"app": "dbt", "dbt_version": "1.12.2", "profile_name": "analytics", "target_name": "dev", "node_id": "model.analytics.stg_customers"} */


  create or replace view `raw`.`stg_customers` 
  
    
  
  
    
    
  as (
    SELECT
    customer_id,
    name,
    email,
    city,
    registration_date
FROM raw.customers
    
  )
      
      
                    -- end_of_sql
                    
                    ...
[0m08:08:21.607735 [debug] [Thread-1 (]: dbt_clickhouse adapter: SQL status: OK in 0.03 seconds
[0m08:08:21.641053 [debug] [Thread-1 (]: Sending event: {'category': 'dbt', 'action': 'run_model', 'label': '29a76281-78c8-4b00-bb09-a72970546e18', 'context': [<snowplow_tracker.self_describing_json.SelfDescribingJson object at 0x7100b1c9c350>]}
[0m08:08:21.643830 [info ] [Thread-1 (]: 1 of 7 OK created sql view model `raw`.`stg_customers` ......................... [[32mOK[0m in 0.24s]
[0m08:08:21.646102 [debug] [Thread-1 (]: Finished running node model.analytics.stg_customers
[0m08:08:21.685663 [debug] [Thread-4 (]: Writing runtime sql for node "model.analytics.stg_products"
[0m08:08:21.688971 [debug] [Thread-3 (]: Writing runtime sql for node "model.analytics.stg_orders"
[0m08:08:21.691590 [debug] [Thread-2 (]: Writing runtime sql for node "model.analytics.stg_order_items"
[0m08:08:21.696116 [debug] [Thread-4 (]: dbt_clickhouse adapter: On model.analytics.stg_products: /* {"app": "dbt", "dbt_version": "1.12.2", "profile_name": "analytics", "target_name": "dev", "node_id": "model.analytics.stg_products"} */


  create or replace view `raw`.`stg_products` 
  
    
  
  
    
    
  as (
    SELECT
    product_id,
    product_name,
    category,
    price
FROM raw.products
    
  )
      
      
                    -- end_of_sql
                    
                    ...
[0m08:08:21.697998 [debug] [Thread-3 (]: dbt_clickhouse adapter: On model.analytics.stg_orders: /* {"app": "dbt", "dbt_version": "1.12.2", "profile_name": "analytics", "target_name": "dev", "node_id": "model.analytics.stg_orders"} */


  create or replace view `raw`.`stg_orders` 
  
    
  
  
    
    
  as (
    SELECT 
    order_id,
    customer_id,
    order_date,
    status
FROM raw.orders
    
  )
      
      
                    -- end_of_sql
                    
                    ...
[0m08:08:21.701210 [debug] [Thread-2 (]: dbt_clickhouse adapter: On model.analytics.stg_order_items: /* {"app": "dbt", "dbt_version": "1.12.2", "profile_name": "analytics", "target_name": "dev", "node_id": "model.analytics.stg_order_items"} */


  create or replace view `raw`.`stg_order_items` 
  
    
  
  
    
    
  as (
    SELECT
    order_item_id,
    order_id,
    product_id,
    quantity,
    price,
    total_amount
FROM raw.order_items
    
  )
      
      
                    -- end_of_sql
                    
                    ...
[0m08:08:21.708204 [debug] [Thread-4 (]: dbt_clickhouse adapter: SQL status: OK in 0.01 seconds
[0m08:08:21.711437 [debug] [Thread-4 (]: Sending event: {'category': 'dbt', 'action': 'run_model', 'label': '29a76281-78c8-4b00-bb09-a72970546e18', 'context': [<snowplow_tracker.self_describing_json.SelfDescribingJson object at 0x710092a47aa0>]}
[0m08:08:21.712014 [debug] [Thread-3 (]: dbt_clickhouse adapter: SQL status: OK in 0.01 seconds
[0m08:08:21.714307 [debug] [Thread-2 (]: dbt_clickhouse adapter: SQL status: OK in 0.01 seconds
[0m08:08:21.712874 [info ] [Thread-4 (]: 4 of 7 OK created sql view model `raw`.`stg_products` .......................... [[32mOK[0m in 0.30s]
[0m08:08:21.718886 [debug] [Thread-3 (]: Sending event: {'category': 'dbt', 'action': 'run_model', 'label': '29a76281-78c8-4b00-bb09-a72970546e18', 'context': [<snowplow_tracker.self_describing_json.SelfDescribingJson object at 0x710092bf0ef0>]}
[0m08:08:21.722531 [debug] [Thread-2 (]: Sending event: {'category': 'dbt', 'action': 'run_model', 'label': '29a76281-78c8-4b00-bb09-a72970546e18', 'context': [<snowplow_tracker.self_describing_json.SelfDescribingJson object at 0x710092a7b170>]}
[0m08:08:21.723459 [debug] [Thread-4 (]: Finished running node model.analytics.stg_products
[0m08:08:21.724338 [info ] [Thread-3 (]: 3 of 7 OK created sql view model `raw`.`stg_orders` ............................ [[32mOK[0m in 0.31s]
[0m08:08:21.725711 [info ] [Thread-2 (]: 2 of 7 OK created sql view model `raw`.`stg_order_items` ....................... [[32mOK[0m in 0.32s]
[0m08:08:21.728496 [debug] [Thread-3 (]: Finished running node model.analytics.stg_orders
[0m08:08:21.730503 [debug] [Thread-2 (]: Finished running node model.analytics.stg_order_items
[0m08:08:21.733102 [debug] [Thread-1 (]: Began running node model.analytics.fct_orders
[0m08:08:21.734006 [debug] [Thread-4 (]: Began running node model.analytics.sales_by_category
[0m08:08:21.735218 [info ] [Thread-1 (]: 5 of 7 START sql table model `raw`.`fct_orders` ................................ [RUN]
[0m08:08:21.736650 [info ] [Thread-4 (]: 6 of 7 START sql table model `raw`.`sales_by_category` ......................... [RUN]
[0m08:08:21.738152 [debug] [Thread-1 (]: Re-using an available connection from the pool (formerly model.analytics.stg_customers, now model.analytics.fct_orders)
[0m08:08:21.739260 [debug] [Thread-4 (]: Re-using an available connection from the pool (formerly model.analytics.stg_products, now model.analytics.sales_by_category)
[0m08:08:21.740613 [debug] [Thread-1 (]: Began compiling node model.analytics.fct_orders
[0m08:08:21.742864 [debug] [Thread-4 (]: Began compiling node model.analytics.sales_by_category
[0m08:08:21.746949 [debug] [Thread-1 (]: Writing injected SQL for node "model.analytics.fct_orders"
[0m08:08:21.750553 [debug] [Thread-4 (]: Writing injected SQL for node "model.analytics.sales_by_category"
[0m08:08:21.761150 [debug] [Thread-4 (]: Began executing node model.analytics.sales_by_category
[0m08:08:21.782156 [debug] [Thread-4 (]: Creating new relation sales_by_category
[0m08:08:21.782766 [debug] [Thread-1 (]: Began executing node model.analytics.fct_orders
[0m08:08:21.800429 [debug] [Thread-1 (]: Creating new relation fct_orders
[0m08:08:21.878264 [debug] [Thread-4 (]: dbt_clickhouse adapter: On model.analytics.sales_by_category: /* {"app": "dbt", "dbt_version": "1.12.2", "profile_name": "analytics", "target_name": "dev", "node_id": "model.analytics.sales_by_category"} */

            

    
        create table `raw`.`sales_by_category`
        
  
        
  engine = MergeTree()
        
      order by (tuple())
        
        
        
        
                    -- end_of_sql
                    SETTINGS replicated_deduplication_window='0'

                    
            empty
          as (
            SELECT
    p.category,
    SUM(oi.total_amount) AS revenue,
    SUM(oi.quantity) AS items_sold,
    COUNT(DISTINCT o.order_id) AS orders_count
FROM `raw`.`stg_order_items` oi
JOIN `raw`.`stg_orders` o
    ON oi.order_id = o.order_id
JOIN `raw`.`stg_products` p
    ON oi.product_id = p.product_id
WHERE o.status = 'completed'
GROUP BY p.category
ORDER BY revenue DESC
          )
        
        ...
[0m08:08:21.878883 [debug] [Thread-1 (]: dbt_clickhouse adapter: On model.analytics.fct_orders: /* {"app": "dbt", "dbt_version": "1.12.2", "profile_name": "analytics", "target_name": "dev", "node_id": "model.analytics.fct_orders"} */

            

    
        create table `raw`.`fct_orders`
        
  
        
  engine = MergeTree()
        
      order by (tuple())
        
        
        
        
                    -- end_of_sql
                    SETTINGS replicated_deduplication_window='0'

                    
            empty
          as (
            SELECT 
    o.order_id,
    o.customer_id,
    o.order_date,
    o.status,
FROM `raw`.`stg_orders` o
JOIN `raw`.`stg_order_items` oi
ON o.order_id = oi.order_id
GROUP BY
    o.order_id,
    o.customer_id,
    o.order_date,
    o.status
          )
        
        ...
[0m08:08:21.901783 [debug] [Thread-1 (]: dbt_clickhouse adapter: SQL status: OK in 0.02 seconds
[0m08:08:21.914701 [debug] [Thread-4 (]: dbt_clickhouse adapter: SQL status: OK in 0.04 seconds
[0m08:08:21.940092 [debug] [Thread-1 (]: dbt_clickhouse adapter: On model.analytics.fct_orders: /* {"app": "dbt", "dbt_version": "1.12.2", "profile_name": "analytics", "target_name": "dev", "node_id": "model.analytics.fct_orders"} */

    select name, type from system.columns where table = 'fct_orders'
    
      and database = 'raw'
    
    order by position
  ...
[0m08:08:21.942446 [debug] [Thread-4 (]: dbt_clickhouse adapter: On model.analytics.sales_by_category: /* {"app": "dbt", "dbt_version": "1.12.2", "profile_name": "analytics", "target_name": "dev", "node_id": "model.analytics.sales_by_category"} */

    select name, type from system.columns where table = 'sales_by_category'
    
      and database = 'raw'
    
    order by position
  ...
[0m08:08:21.955653 [debug] [Thread-1 (]: dbt_clickhouse adapter: SQL status: OK in 0.01 seconds
[0m08:08:21.956637 [debug] [Thread-4 (]: dbt_clickhouse adapter: SQL status: OK in 0.01 seconds
[0m08:08:21.962056 [debug] [Thread-1 (]: Writing runtime sql for node "model.analytics.fct_orders"
[0m08:08:21.964437 [debug] [Thread-4 (]: Writing runtime sql for node "model.analytics.sales_by_category"
[0m08:08:21.975023 [debug] [Thread-4 (]: dbt_clickhouse adapter: On model.analytics.sales_by_category: /* {"app": "dbt", "dbt_version": "1.12.2", "profile_name": "analytics", "target_name": "dev", "node_id": "model.analytics.sales_by_category"} */

  
    
    
    
        
         


        insert into `raw`.`sales_by_category`
        ("category", "revenue", "items_sold", "orders_count")SELECT
    p.category,
    SUM(oi.total_amount) AS revenue,
    SUM(oi.quantity) AS items_sold,
    COUNT(DISTINCT o.order_id) AS orders_count
FROM `raw`.`stg_order_items` oi
JOIN `raw`.`stg_orders` o
    ON oi.order_id = o.order_id
JOIN `raw`.`stg_products` p
    ON oi.product_id = p.product_id
WHERE o.status = 'completed'
GROUP BY p.category
ORDER BY revenue DESC
  ...
[0m08:08:21.978634 [debug] [Thread-1 (]: dbt_clickhouse adapter: On model.analytics.fct_orders: /* {"app": "dbt", "dbt_version": "1.12.2", "profile_name": "analytics", "target_name": "dev", "node_id": "model.analytics.fct_orders"} */

  
    
    
    
        
         


        insert into `raw`.`fct_orders`
        ("order_id", "customer_id", "order_date", "status")SELECT 
    o.order_id,
    o.customer_id,
    o.order_date,
    o.status,
FROM `raw`.`stg_orders` o
JOIN `raw`.`stg_order_items` oi
ON o.order_id = oi.order_id
GROUP BY
    o.order_id,
    o.customer_id,
    o.order_date,
    o.status
  ...
[0m08:08:25.243713 [debug] [Thread-4 (]: dbt_clickhouse adapter: SQL status: OK in 3.27 seconds
[0m08:08:25.248477 [debug] [Thread-4 (]: Sending event: {'category': 'dbt', 'action': 'run_model', 'label': '29a76281-78c8-4b00-bb09-a72970546e18', 'context': [<snowplow_tracker.self_describing_json.SelfDescribingJson object at 0x71009296b5c0>]}
[0m08:08:25.249989 [info ] [Thread-4 (]: 6 of 7 OK created sql table model `raw`.`sales_by_category` .................... [[32mOK[0m in 3.51s]
[0m08:08:25.251733 [debug] [Thread-4 (]: Finished running node model.analytics.sales_by_category
[0m08:08:25.775051 [debug] [Thread-1 (]: dbt_clickhouse adapter: SQL status: OK in 3.80 seconds
[0m08:08:25.778383 [debug] [Thread-1 (]: Sending event: {'category': 'dbt', 'action': 'run_model', 'label': '29a76281-78c8-4b00-bb09-a72970546e18', 'context': [<snowplow_tracker.self_describing_json.SelfDescribingJson object at 0x7100b1c38ce0>]}
[0m08:08:25.779465 [info ] [Thread-1 (]: 5 of 7 OK created sql table model `raw`.`fct_orders` ........................... [[32mOK[0m in 4.04s]
[0m08:08:25.781576 [debug] [Thread-1 (]: Finished running node model.analytics.fct_orders
[0m08:08:25.783051 [debug] [Thread-2 (]: Began running node model.analytics.sales_daily
[0m08:08:25.784611 [info ] [Thread-2 (]: 7 of 7 START sql table model `raw`.`sales_daily` ............................... [RUN]
[0m08:08:25.785961 [debug] [Thread-2 (]: Re-using an available connection from the pool (formerly model.analytics.stg_order_items, now model.analytics.sales_daily)
[0m08:08:25.786840 [debug] [Thread-2 (]: Began compiling node model.analytics.sales_daily
[0m08:08:25.789945 [debug] [Thread-2 (]: Writing injected SQL for node "model.analytics.sales_daily"
[0m08:08:25.802373 [debug] [Thread-2 (]: Began executing node model.analytics.sales_daily
[0m08:08:25.805969 [debug] [Thread-2 (]: Creating new relation sales_daily
[0m08:08:25.808519 [debug] [Thread-2 (]: dbt_clickhouse adapter: On model.analytics.sales_daily: /* {"app": "dbt", "dbt_version": "1.12.2", "profile_name": "analytics", "target_name": "dev", "node_id": "model.analytics.sales_daily"} */

            

    
        create table `raw`.`sales_daily`
        
  
        
  engine = MergeTree()
        
      order by (tuple())
        
        
        
        
                    -- end_of_sql
                    SETTINGS replicated_deduplication_window='0'

                    
            empty
          as (
            SELECT
    toDate(order_date) AS sale_date,
    COUNT(*) AS orders_count,
    SUM(order_amount) AS revenue,
    SUM(total_items) AS items_sold
FROM `raw`.`fct_orders`
WHERE status = 'completed'
GROUP BY sale_date
ORDER BY sale_date
          )
        
        ...
[0m08:08:25.841606 [debug] [Thread-2 (]: dbt_clickhouse adapter: Error running SQL: /* {"app": "dbt", "dbt_version": "1.12.2", "profile_name": "analytics", "target_name": "dev", "node_id": "model.analytics.sales_daily"} */

            

    
        create table `raw`.`sales_daily`
        
  
        
  engine = MergeTree()
        
      order by (tuple())
        
        
        
        
                    -- end_of_sql
                    SETTINGS replicated_deduplication_window='0'

                    
            empty
          as (
            SELECT
    toDate(order_date) AS sale_date,
    COUNT(*) AS orders_count,
    SUM(order_amount) AS revenue,
    SUM(total_items) AS items_sold
FROM `raw`.`fct_orders`
WHERE status = 'completed'
GROUP BY sale_date
ORDER BY sale_date
          )
        
        
[0m08:08:25.856575 [debug] [Thread-2 (]: Database Error in model sales_daily (models/marts/sales_daily.sql)
  Code: 47.
  DB::Exception: Unknown expression or function identifier `order_amount` in scope SELECT toDate(order_date) AS sale_date, count(*) AS orders_count, sum(order_amount) AS revenue, sum(total_items) AS items_sold FROM raw.fct_orders WHERE status = 'completed' GROUP BY sale_date ORDER BY sale_date ASC. Maybe you meant: ['orders_count']. Stack trace:
  
  0. DB::Exception::Exception(DB::Exception::MessageMasked&&, int, bool) @ 0x000000001372225f
  1. DB::Exception::Exception(String&&, int, String, bool) @ 0x000000000cb3b0ce
  2. DB::Exception::Exception(PreformattedMessage&&, int) @ 0x000000000cb3ab80
  3. DB::Exception::Exception<char const*, String&, String, String, String>(int, FormatStringHelperImpl<std::type_identity<char const*>::type, std::type_identity<String&>::type, std::type_identity<String>::type, std::type_identity<String>::type, std::type_identity<String>::type>, char const*&&, String&, String&&, String&&, String&&) @ 0x00000000178003c2
  4. DB::QueryAnalyzer::resolveExpressionNode(std::shared_ptr<DB::IQueryTreeNode>&, DB::IdentifierResolveScope&, bool, bool, bool) @ 0x00000000177cbed2
  5. DB::QueryAnalyzer::resolveExpressionNodeList(std::shared_ptr<DB::IQueryTreeNode>&, DB::IdentifierResolveScope&, bool, bool) @ 0x00000000177c91f4
  6. DB::QueryAnalyzer::resolveFunction(std::shared_ptr<DB::IQueryTreeNode>&, DB::IdentifierResolveScope&) @ 0x00000000177e4ff8
  7. DB::QueryAnalyzer::resolveExpressionNode(std::shared_ptr<DB::IQueryTreeNode>&, DB::IdentifierResolveScope&, bool, bool, bool) @ 0x00000000177c9e40
  8. DB::QueryAnalyzer::resolveExpressionNodeList(std::shared_ptr<DB::IQueryTreeNode>&, DB::IdentifierResolveScope&, bool, bool) @ 0x00000000177c91f4
  9. DB::QueryAnalyzer::resolveProjectionExpressionNodeList(std::shared_ptr<DB::IQueryTreeNode>&, DB::IdentifierResolveScope&) @ 0x0000000017801167
  10. DB::QueryAnalyzer::resolveQuery(std::shared_ptr<DB::IQueryTreeNode> const&, DB::IdentifierResolveScope&) @ 0x00000000177c00ee
  11. DB::QueryAnalyzer::resolve(std::shared_ptr<DB::IQueryTreeNode>&, std::shared_ptr<DB::IQueryTreeNode> const&, std::shared_ptr<DB::Context const>) @ 0x00000000177bda38
  12. DB::QueryAnalysisPass::run(std::shared_ptr<DB::IQueryTreeNode>&, std::shared_ptr<DB::Context const>) @ 0x00000000177bd09c
  13. DB::QueryTreePassManager::run(std::shared_ptr<DB::IQueryTreeNode>) @ 0x0000000017824976
  14. DB::buildQueryTreeAndRunPasses(std::shared_ptr<DB::IAST> const&, DB::SelectQueryOptions const&, std::shared_ptr<DB::Context const> const&, std::shared_ptr<DB::IStorage> const&) (.llvm.12241402796318543270) @ 0x000000001839b9cd
  15. DB::InterpreterSelectQueryAnalyzer::InterpreterSelectQueryAnalyzer(std::shared_ptr<DB::IAST> const&, std::shared_ptr<DB::Context const> const&, DB::SelectQueryOptions const&, std::vector<String, std::allocator<String>> const&) @ 0x000000001839991c
  16. DB::InterpreterSelectQueryAnalyzer::getSampleBlock(std::shared_ptr<DB::IAST> const&, std::shared_ptr<DB::Context const> const&, DB::SelectQueryOptions const&) @ 0x000000001839be21
  17. DB::InterpreterCreateQuery::getTablePropertiesAndNormalizeCreateQuery(DB::ASTCreateQuery&, DB::LoadingStrictnessLevel) const @ 0x00000000182bbfdf
  18. DB::InterpreterCreateQuery::createTable(DB::ASTCreateQuery&) @ 0x00000000182c5262
  19. DB::InterpreterCreateQuery::execute() @ 0x00000000182dbbb8
  20. DB::executeQueryImpl(char const*, char const*, std::shared_ptr<DB::Context>, DB::QueryFlags, DB::QueryProcessingStage::Enum, std::unique_ptr<DB::ReadBuffer, std::default_delete<DB::ReadBuffer>>&, std::shared_ptr<DB::IAST>&, std::shared_ptr<DB::ImplicitTransactionControlExecutor>) @ 0x0000000018772719
  21. DB::executeQuery(String const&, std::shared_ptr<DB::Context>, DB::QueryFlags, DB::QueryProcessingStage::Enum) @ 0x000000001876a68b
  22. DB::TCPHandler::runImpl() @ 0x0000000019e5f590
  23. DB::TCPHandler::run() @ 0x0000000019e81619
  24. Poco::Net::TCPServerConnection::start() @ 0x000000001f485887
  25. Poco::Net::TCPServerDispatcher::run() @ 0x000000001f485d19
  26. Poco::PooledThread::run() @ 0x000000001f44c387
  27. Poco::ThreadImpl::runnableEntry(void*) @ 0x000000001f44a781
  28. ? @ 0x0000000000094a83
  29. ? @ 0x0000000000125a44
[0m08:08:25.858042 [debug] [Thread-2 (]: Sending event: {'category': 'dbt', 'action': 'run_model', 'label': '29a76281-78c8-4b00-bb09-a72970546e18', 'context': [<snowplow_tracker.self_describing_json.SelfDescribingJson object at 0x7100b1bf0ad0>]}
[0m08:08:25.860638 [error] [Thread-2 (]: 7 of 7 ERROR creating sql table model `raw`.`sales_daily` ...................... [[31mERROR[0m in 0.07s]
[0m08:08:25.863406 [debug] [Thread-2 (]: Finished running node model.analytics.sales_daily
[0m08:08:25.864763 [debug] [Thread-7 (]: Marking all children of 'model.analytics.sales_daily' to be skipped because of status 'error'.  Reason: Database Error in model sales_daily (models/marts/sales_daily.sql)
  Code: 47.
  DB::Exception: Unknown expression or function identifier `order_amount` in scope SELECT toDate(order_date) AS sale_date, count(*) AS orders_count, sum(order_amount) AS revenue, sum(total_items) AS items_sold FROM raw.fct_orders WHERE status = 'completed' GROUP BY sale_date ORDER BY sale_date ASC. Maybe you meant: ['orders_count']. Stack trace:
  
  0. DB::Exception::Exception(DB::Exception::MessageMasked&&, int, bool) @ 0x000000001372225f
  1. DB::Exception::Exception(String&&, int, String, bool) @ 0x000000000cb3b0ce
  2. DB::Exception::Exception(PreformattedMessage&&, int) @ 0x000000000cb3ab80
  3. DB::Exception::Exception<char const*, String&, String, String, String>(int, FormatStringHelperImpl<std::type_identity<char const*>::type, std::type_identity<String&>::type, std::type_identity<String>::type, std::type_identity<String>::type, std::type_identity<String>::type>, char const*&&, String&, String&&, String&&, String&&) @ 0x00000000178003c2
  4. DB::QueryAnalyzer::resolveExpressionNode(std::shared_ptr<DB::IQueryTreeNode>&, DB::IdentifierResolveScope&, bool, bool, bool) @ 0x00000000177cbed2
  5. DB::QueryAnalyzer::resolveExpressionNodeList(std::shared_ptr<DB::IQueryTreeNode>&, DB::IdentifierResolveScope&, bool, bool) @ 0x00000000177c91f4
  6. DB::QueryAnalyzer::resolveFunction(std::shared_ptr<DB::IQueryTreeNode>&, DB::IdentifierResolveScope&) @ 0x00000000177e4ff8
  7. DB::QueryAnalyzer::resolveExpressionNode(std::shared_ptr<DB::IQueryTreeNode>&, DB::IdentifierResolveScope&, bool, bool, bool) @ 0x00000000177c9e40
  8. DB::QueryAnalyzer::resolveExpressionNodeList(std::shared_ptr<DB::IQueryTreeNode>&, DB::IdentifierResolveScope&, bool, bool) @ 0x00000000177c91f4
  9. DB::QueryAnalyzer::resolveProjectionExpressionNodeList(std::shared_ptr<DB::IQueryTreeNode>&, DB::IdentifierResolveScope&) @ 0x0000000017801167
  10. DB::QueryAnalyzer::resolveQuery(std::shared_ptr<DB::IQueryTreeNode> const&, DB::IdentifierResolveScope&) @ 0x00000000177c00ee
  11. DB::QueryAnalyzer::resolve(std::shared_ptr<DB::IQueryTreeNode>&, std::shared_ptr<DB::IQueryTreeNode> const&, std::shared_ptr<DB::Context const>) @ 0x00000000177bda38
  12. DB::QueryAnalysisPass::run(std::shared_ptr<DB::IQueryTreeNode>&, std::shared_ptr<DB::Context const>) @ 0x00000000177bd09c
  13. DB::QueryTreePassManager::run(std::shared_ptr<DB::IQueryTreeNode>) @ 0x0000000017824976
  14. DB::buildQueryTreeAndRunPasses(std::shared_ptr<DB::IAST> const&, DB::SelectQueryOptions const&, std::shared_ptr<DB::Context const> const&, std::shared_ptr<DB::IStorage> const&) (.llvm.12241402796318543270) @ 0x000000001839b9cd
  15. DB::InterpreterSelectQueryAnalyzer::InterpreterSelectQueryAnalyzer(std::shared_ptr<DB::IAST> const&, std::shared_ptr<DB::Context const> const&, DB::SelectQueryOptions const&, std::vector<String, std::allocator<String>> const&) @ 0x000000001839991c
  16. DB::InterpreterSelectQueryAnalyzer::getSampleBlock(std::shared_ptr<DB::IAST> const&, std::shared_ptr<DB::Context const> const&, DB::SelectQueryOptions const&) @ 0x000000001839be21
  17. DB::InterpreterCreateQuery::getTablePropertiesAndNormalizeCreateQuery(DB::ASTCreateQuery&, DB::LoadingStrictnessLevel) const @ 0x00000000182bbfdf
  18. DB::InterpreterCreateQuery::createTable(DB::ASTCreateQuery&) @ 0x00000000182c5262
  19. DB::InterpreterCreateQuery::execute() @ 0x00000000182dbbb8
  20. DB::executeQueryImpl(char const*, char const*, std::shared_ptr<DB::Context>, DB::QueryFlags, DB::QueryProcessingStage::Enum, std::unique_ptr<DB::ReadBuffer, std::default_delete<DB::ReadBuffer>>&, std::shared_ptr<DB::IAST>&, std::shared_ptr<DB::ImplicitTransactionControlExecutor>) @ 0x0000000018772719
  21. DB::executeQuery(String const&, std::shared_ptr<DB::Context>, DB::QueryFlags, DB::QueryProcessingStage::Enum) @ 0x000000001876a68b
  22. DB::TCPHandler::runImpl() @ 0x0000000019e5f590
  23. DB::TCPHandler::run() @ 0x0000000019e81619
  24. Poco::Net::TCPServerConnection::start() @ 0x000000001f485887
  25. Poco::Net::TCPServerDispatcher::run() @ 0x000000001f485d19
  26. Poco::PooledThread::run() @ 0x000000001f44c387
  27. Poco::ThreadImpl::runnableEntry(void*) @ 0x000000001f44a781
  28. ? @ 0x0000000000094a83
  29. ? @ 0x0000000000125a44.
[0m08:08:25.869526 [debug] [MainThread]: Connection 'master' was properly closed.
[0m08:08:25.870426 [debug] [MainThread]: Connection 'model.analytics.fct_orders' was left open.
[0m08:08:25.871138 [debug] [MainThread]: On model.analytics.fct_orders: Close
[0m08:08:25.871848 [debug] [MainThread]: Connection 'model.analytics.sales_daily' was left open.
[0m08:08:25.872994 [debug] [MainThread]: On model.analytics.sales_daily: Close
[0m08:08:25.874761 [debug] [MainThread]: Connection 'model.analytics.stg_orders' was left open.
[0m08:08:25.876275 [debug] [MainThread]: On model.analytics.stg_orders: Close
[0m08:08:25.877144 [debug] [MainThread]: Connection 'model.analytics.sales_by_category' was left open.
[0m08:08:25.878011 [debug] [MainThread]: On model.analytics.sales_by_category: Close
[0m08:08:25.879301 [info ] [MainThread]: 
[0m08:08:25.881883 [info ] [MainThread]: Finished running 3 table models, 4 view models in 0 hours 0 minutes and 5.36 seconds (5.36s).
[0m08:08:25.886061 [debug] [MainThread]: Command end result
[0m08:08:25.968155 [debug] [MainThread]: Wrote artifact WritableManifest to /opt/airflow/dbt/target/manifest.json
[0m08:08:25.977435 [debug] [MainThread]: Wrote artifact SemanticManifest to /opt/airflow/dbt/target/semantic_manifest.json
[0m08:08:25.984982 [debug] [MainThread]: Wrote artifact OsiDocument to /opt/airflow/dbt/target/osi_document.json
[0m08:08:25.998151 [debug] [MainThread]: Wrote artifact RunExecutionResult to /opt/airflow/dbt/target/run_results.json
[0m08:08:25.999581 [info ] [MainThread]: 
[0m08:08:26.000774 [info ] [MainThread]: [31mCompleted with 1 error, 0 partial successes, and 0 warnings:[0m
[0m08:08:26.002070 [info ] [MainThread]: 
[0m08:08:26.003512 [error] [MainThread]: [[31mERROR[0m]: in model sales_daily (models/marts/sales_daily.sql)
[0m08:08:26.005456 [error] [MainThread]:   Database Error in model sales_daily (models/marts/sales_daily.sql)
  Code: 47.
  DB::Exception: Unknown expression or function identifier `order_amount` in scope SELECT toDate(order_date) AS sale_date, count(*) AS orders_count, sum(order_amount) AS revenue, sum(total_items) AS items_sold FROM raw.fct_orders WHERE status = 'completed' GROUP BY sale_date ORDER BY sale_date ASC. Maybe you meant: ['orders_count']. Stack trace:
  
  0. DB::Exception::Exception(DB::Exception::MessageMasked&&, int, bool) @ 0x000000001372225f
  1. DB::Exception::Exception(String&&, int, String, bool) @ 0x000000000cb3b0ce
  2. DB::Exception::Exception(PreformattedMessage&&, int) @ 0x000000000cb3ab80
  3. DB::Exception::Exception<char const*, String&, String, String, String>(int, FormatStringHelperImpl<std::type_identity<char const*>::type, std::type_identity<String&>::type, std::type_identity<String>::type, std::type_identity<String>::type, std::type_identity<String>::type>, char const*&&, String&, String&&, String&&, String&&) @ 0x00000000178003c2
  4. DB::QueryAnalyzer::resolveExpressionNode(std::shared_ptr<DB::IQueryTreeNode>&, DB::IdentifierResolveScope&, bool, bool, bool) @ 0x00000000177cbed2
  5. DB::QueryAnalyzer::resolveExpressionNodeList(std::shared_ptr<DB::IQueryTreeNode>&, DB::IdentifierResolveScope&, bool, bool) @ 0x00000000177c91f4
  6. DB::QueryAnalyzer::resolveFunction(std::shared_ptr<DB::IQueryTreeNode>&, DB::IdentifierResolveScope&) @ 0x00000000177e4ff8
  7. DB::QueryAnalyzer::resolveExpressionNode(std::shared_ptr<DB::IQueryTreeNode>&, DB::IdentifierResolveScope&, bool, bool, bool) @ 0x00000000177c9e40
  8. DB::QueryAnalyzer::resolveExpressionNodeList(std::shared_ptr<DB::IQueryTreeNode>&, DB::IdentifierResolveScope&, bool, bool) @ 0x00000000177c91f4
  9. DB::QueryAnalyzer::resolveProjectionExpressionNodeList(std::shared_ptr<DB::IQueryTreeNode>&, DB::IdentifierResolveScope&) @ 0x0000000017801167
  10. DB::QueryAnalyzer::resolveQuery(std::shared_ptr<DB::IQueryTreeNode> const&, DB::IdentifierResolveScope&) @ 0x00000000177c00ee
  11. DB::QueryAnalyzer::resolve(std::shared_ptr<DB::IQueryTreeNode>&, std::shared_ptr<DB::IQueryTreeNode> const&, std::shared_ptr<DB::Context const>) @ 0x00000000177bda38
  12. DB::QueryAnalysisPass::run(std::shared_ptr<DB::IQueryTreeNode>&, std::shared_ptr<DB::Context const>) @ 0x00000000177bd09c
  13. DB::QueryTreePassManager::run(std::shared_ptr<DB::IQueryTreeNode>) @ 0x0000000017824976
  14. DB::buildQueryTreeAndRunPasses(std::shared_ptr<DB::IAST> const&, DB::SelectQueryOptions const&, std::shared_ptr<DB::Context const> const&, std::shared_ptr<DB::IStorage> const&) (.llvm.12241402796318543270) @ 0x000000001839b9cd
  15. DB::InterpreterSelectQueryAnalyzer::InterpreterSelectQueryAnalyzer(std::shared_ptr<DB::IAST> const&, std::shared_ptr<DB::Context const> const&, DB::SelectQueryOptions const&, std::vector<String, std::allocator<String>> const&) @ 0x000000001839991c
  16. DB::InterpreterSelectQueryAnalyzer::getSampleBlock(std::shared_ptr<DB::IAST> const&, std::shared_ptr<DB::Context const> const&, DB::SelectQueryOptions const&) @ 0x000000001839be21
  17. DB::InterpreterCreateQuery::getTablePropertiesAndNormalizeCreateQuery(DB::ASTCreateQuery&, DB::LoadingStrictnessLevel) const @ 0x00000000182bbfdf
  18. DB::InterpreterCreateQuery::createTable(DB::ASTCreateQuery&) @ 0x00000000182c5262
  19. DB::InterpreterCreateQuery::execute() @ 0x00000000182dbbb8
  20. DB::executeQueryImpl(char const*, char const*, std::shared_ptr<DB::Context>, DB::QueryFlags, DB::QueryProcessingStage::Enum, std::unique_ptr<DB::ReadBuffer, std::default_delete<DB::ReadBuffer>>&, std::shared_ptr<DB::IAST>&, std::shared_ptr<DB::ImplicitTransactionControlExecutor>) @ 0x0000000018772719
  21. DB::executeQuery(String const&, std::shared_ptr<DB::Context>, DB::QueryFlags, DB::QueryProcessingStage::Enum) @ 0x000000001876a68b
  22. DB::TCPHandler::runImpl() @ 0x0000000019e5f590
  23. DB::TCPHandler::run() @ 0x0000000019e81619
  24. Poco::Net::TCPServerConnection::start() @ 0x000000001f485887
  25. Poco::Net::TCPServerDispatcher::run() @ 0x000000001f485d19
  26. Poco::PooledThread::run() @ 0x000000001f44c387
  27. Poco::ThreadImpl::runnableEntry(void*) @ 0x000000001f44a781
  28. ? @ 0x0000000000094a83
  29. ? @ 0x0000000000125a44
[0m08:08:26.008163 [info ] [MainThread]: 
[0m08:08:26.009824 [info ] [MainThread]:   compiled code at target/compiled/analytics/models/marts/sales_daily.sql
[0m08:08:26.011275 [info ] [MainThread]: 
[0m08:08:26.013623 [info ] [MainThread]: Done. PASS=6 WARN=0 ERROR=1 SKIP=0 NO-OP=0 REUSED=0 TOTAL=7
[0m08:08:26.017103 [debug] [MainThread]: Resource report: {"command_name": "run", "command_success": false, "command_wall_clock_time": 7.4966426, "process_in_blocks": "49408", "process_kernel_time": 0.95093, "process_mem_max_rss": "162404", "process_out_blocks": "0", "process_user_time": 5.242103}
[0m08:08:26.019690 [debug] [MainThread]: Command `dbt run` failed at 08:08:26.019317 after 7.50 seconds
[0m08:08:26.021172 [debug] [MainThread]: Sending event: {'category': 'dbt', 'action': 'invocation', 'label': 'end', 'context': [<snowplow_tracker.self_describing_json.SelfDescribingJson object at 0x7100b2d62a50>, <snowplow_tracker.self_describing_json.SelfDescribingJson object at 0x7100b1c3a870>, <snowplow_tracker.self_describing_json.SelfDescribingJson object at 0x7100b1e02c90>]}
[0m08:08:26.022478 [debug] [MainThread]: Flushing usage events
[0m08:08:26.845983 [debug] [MainThread]: An error was encountered while trying to flush usage events
[0m08:09:00.853737 [debug] [MainThread]: Sending event: {'category': 'dbt', 'action': 'invocation', 'label': 'start', 'context': [<snowplow_tracker.self_describing_json.SelfDescribingJson object at 0x739d82b7a3c0>, <snowplow_tracker.self_describing_json.SelfDescribingJson object at 0x739d824ab860>, <snowplow_tracker.self_describing_json.SelfDescribingJson object at 0x739d8303f140>]}


============================== 08:09:00.864580 | 6b593893-f3e2-4771-98ff-517133371518 ==============================
[0m08:09:00.864580 [info ] [MainThread]: Running with dbt=1.12.2
[0m08:09:00.865800 [debug] [MainThread]: running dbt with arguments {'cache_selected_only': 'False', 'use_colors': 'True', 'warn_error': 'None', 'log_path': '/opt/airflow/dbt/logs', 'hints_enabled': 'True', 'invocation_command': 'dbt run --project-dir /opt/airflow/dbt --profiles-dir /opt/airflow/dbt', 'static_parser': 'True', 'warn_error_options': 'WarnErrorOptionsV2(error=[], warn=[], silence=[])', 'maximum_seed_size_mib': '1', 'empty': 'False', 'profiles_dir': '/opt/airflow/dbt', 'quiet': 'False', 'printer_width': '80', 'debug': 'False', 'introspect': 'True', 'log_format': 'default', 'partial_parse': 'True', 'target_path': 'None', 'fail_fast': 'False', 'indirect_selection': 'eager', 'no_print': 'None', 'send_anonymous_usage_stats': 'True', 'use_experimental_parser': 'False', 'log_cache_events': 'False', 'write_json': 'True', 'version_check': 'True'}
[0m08:09:01.190819 [debug] [MainThread]: Sending event: {'category': 'dbt', 'action': 'project_id', 'label': '6b593893-f3e2-4771-98ff-517133371518', 'context': [<snowplow_tracker.self_describing_json.SelfDescribingJson object at 0x739d81953410>]}
[0m08:09:01.287794 [debug] [MainThread]: Sending event: {'category': 'dbt', 'action': 'adapter_info', 'label': '6b593893-f3e2-4771-98ff-517133371518', 'context': [<snowplow_tracker.self_describing_json.SelfDescribingJson object at 0x739d81986690>]}
[0m08:09:01.289356 [info ] [MainThread]: Registered adapter: clickhouse=1.9.3
[0m08:09:01.430320 [debug] [MainThread]: checksum: adba77356f91f81a11ee2fa729542f151b163d2280a76ec0a147e0b39f20e5da, vars: {}, profile: analytics, target: dev, version: 1.12.2
[0m08:09:01.671520 [debug] [MainThread]: Partial parsing enabled: 0 files deleted, 0 files added, 1 files changed.
[0m08:09:01.672655 [debug] [MainThread]: Partial parsing: updated file: analytics://models/marts/sales_by_category.sql
[0m08:09:02.106803 [debug] [MainThread]: Sending event: {'category': 'dbt', 'action': 'load_project', 'label': '6b593893-f3e2-4771-98ff-517133371518', 'context': [<snowplow_tracker.self_describing_json.SelfDescribingJson object at 0x739d81262750>]}
[0m08:09:02.255213 [debug] [MainThread]: Wrote artifact WritableManifest to /opt/airflow/dbt/target/manifest.json
[0m08:09:02.264514 [debug] [MainThread]: Wrote artifact SemanticManifest to /opt/airflow/dbt/target/semantic_manifest.json
[0m08:09:02.383505 [debug] [MainThread]: Wrote artifact OsiDocument to /opt/airflow/dbt/target/osi_document.json
[0m08:09:02.434902 [debug] [MainThread]: Sending event: {'category': 'dbt', 'action': 'resource_counts', 'label': '6b593893-f3e2-4771-98ff-517133371518', 'context': [<snowplow_tracker.self_describing_json.SelfDescribingJson object at 0x739d811ff980>]}
[0m08:09:02.437440 [info ] [MainThread]: Found 7 models, 521 macros
[0m08:09:02.439508 [debug] [MainThread]: Sending event: {'category': 'dbt', 'action': 'runnable_timing', 'label': '6b593893-f3e2-4771-98ff-517133371518', 'context': [<snowplow_tracker.self_describing_json.SelfDescribingJson object at 0x739d810a3a70>]}
[0m08:09:02.447257 [info ] [MainThread]: 
[0m08:09:02.448573 [info ] [MainThread]: Concurrency: 4 threads (target='dev')
[0m08:09:02.452884 [info ] [MainThread]: 
[0m08:09:02.456043 [debug] [MainThread]: Acquiring new clickhouse connection 'master'
[0m08:09:02.472742 [debug] [ThreadPool]: Acquiring new clickhouse connection 'list_'
[0m08:09:02.494543 [debug] [ThreadPool]: Opening a new connection, currently in state init
[0m08:09:02.882097 [debug] [ThreadPool]: dbt_clickhouse adapter: On list_: /* {"app": "dbt", "dbt_version": "1.12.2", "profile_name": "analytics", "target_name": "dev", "connection_name": "list_"} */

    select name from system.databases
  ...
[0m08:09:02.888641 [debug] [ThreadPool]: dbt_clickhouse adapter: SQL status: OK in 0.00 seconds
[0m08:09:02.964885 [debug] [ThreadPool]: Re-using an available connection from the pool (formerly list_, now list__raw)
[0m08:09:02.975856 [debug] [ThreadPool]: dbt_clickhouse adapter: On list__raw: /* {"app": "dbt", "dbt_version": "1.12.2", "profile_name": "analytics", "target_name": "dev", "connection_name": "list__raw"} */
select
      t.name as name,
      t.database as schema,
      multiIf(
        engine in ('MaterializedView', 'View'), 'view',
        engine = 'Dictionary', 'dictionary',
        'table'
      ) as type,
      db.engine as db_engine,0 as is_on_cluster
          from system.tables as t join system.databases as db on t.database = db.name
        where schema = 'raw'
      

  ...
[0m08:09:02.988267 [debug] [ThreadPool]: dbt_clickhouse adapter: SQL status: OK in 0.01 seconds
[0m08:09:02.997971 [debug] [MainThread]: Sending event: {'category': 'dbt', 'action': 'runnable_timing', 'label': '6b593893-f3e2-4771-98ff-517133371518', 'context': [<snowplow_tracker.self_describing_json.SelfDescribingJson object at 0x739d816515e0>]}
[0m08:09:03.015651 [debug] [Thread-1 (]: Began running node model.analytics.stg_customers
[0m08:09:03.016628 [debug] [Thread-2 (]: Began running node model.analytics.stg_order_items
[0m08:09:03.017726 [debug] [Thread-3 (]: Began running node model.analytics.stg_orders
[0m08:09:03.020094 [debug] [Thread-4 (]: Began running node model.analytics.stg_products
[0m08:09:03.019084 [info ] [Thread-1 (]: 1 of 7 START sql view model `raw`.`stg_customers` .............................. [RUN]
[0m08:09:03.022469 [info ] [Thread-2 (]: 2 of 7 START sql view model `raw`.`stg_order_items` ............................ [RUN]
[0m08:09:03.024740 [info ] [Thread-3 (]: 3 of 7 START sql view model `raw`.`stg_orders` ................................. [RUN]
[0m08:09:03.026820 [info ] [Thread-4 (]: 4 of 7 START sql view model `raw`.`stg_products` ............................... [RUN]
[0m08:09:03.028960 [debug] [Thread-1 (]: Re-using an available connection from the pool (formerly list__raw, now model.analytics.stg_customers)
[0m08:09:03.031069 [debug] [Thread-2 (]: Acquiring new clickhouse connection 'model.analytics.stg_order_items'
[0m08:09:03.033608 [debug] [Thread-3 (]: Acquiring new clickhouse connection 'model.analytics.stg_orders'
[0m08:09:03.035526 [debug] [Thread-4 (]: Acquiring new clickhouse connection 'model.analytics.stg_products'
[0m08:09:03.037142 [debug] [Thread-1 (]: Began compiling node model.analytics.stg_customers
[0m08:09:03.038560 [debug] [Thread-2 (]: Began compiling node model.analytics.stg_order_items
[0m08:09:03.040271 [debug] [Thread-3 (]: Began compiling node model.analytics.stg_orders
[0m08:09:03.042003 [debug] [Thread-4 (]: Began compiling node model.analytics.stg_products
[0m08:09:03.063358 [debug] [Thread-2 (]: Writing injected SQL for node "model.analytics.stg_order_items"
[0m08:09:03.064454 [debug] [Thread-1 (]: Writing injected SQL for node "model.analytics.stg_customers"
[0m08:09:03.068879 [debug] [Thread-3 (]: Writing injected SQL for node "model.analytics.stg_orders"
[0m08:09:03.072584 [debug] [Thread-4 (]: Writing injected SQL for node "model.analytics.stg_products"
[0m08:09:03.084931 [debug] [Thread-3 (]: Began executing node model.analytics.stg_orders
[0m08:09:03.086244 [debug] [Thread-4 (]: Began executing node model.analytics.stg_products
[0m08:09:03.089497 [debug] [Thread-2 (]: Began executing node model.analytics.stg_order_items
[0m08:09:03.112818 [debug] [Thread-1 (]: Began executing node model.analytics.stg_customers
[0m08:09:03.169285 [debug] [Thread-1 (]: Relation stg_customers already exists, replacing it
[0m08:09:03.174292 [debug] [Thread-4 (]: Relation stg_products already exists, replacing it
[0m08:09:03.181910 [debug] [Thread-3 (]: Relation stg_orders already exists, replacing it
[0m08:09:03.210805 [debug] [Thread-2 (]: Relation stg_order_items already exists, replacing it
[0m08:09:03.237615 [debug] [Thread-1 (]: Writing runtime sql for node "model.analytics.stg_customers"
[0m08:09:03.242874 [debug] [Thread-4 (]: Opening a new connection, currently in state init
[0m08:09:03.246448 [debug] [Thread-3 (]: Opening a new connection, currently in state init
[0m08:09:03.252572 [debug] [Thread-2 (]: Opening a new connection, currently in state init
[0m08:09:03.298663 [debug] [Thread-1 (]: dbt_clickhouse adapter: On model.analytics.stg_customers: /* {"app": "dbt", "dbt_version": "1.12.2", "profile_name": "analytics", "target_name": "dev", "node_id": "model.analytics.stg_customers"} */


  create or replace view `raw`.`stg_customers` 
  
    
  
  
    
    
  as (
    SELECT
    customer_id,
    name,
    email,
    city,
    registration_date
FROM raw.customers
    
  )
      
      
                    -- end_of_sql
                    
                    ...
[0m08:09:03.316024 [debug] [Thread-1 (]: dbt_clickhouse adapter: SQL status: OK in 0.02 seconds
[0m08:09:03.367390 [debug] [Thread-1 (]: Sending event: {'category': 'dbt', 'action': 'run_model', 'label': '6b593893-f3e2-4771-98ff-517133371518', 'context': [<snowplow_tracker.self_describing_json.SelfDescribingJson object at 0x739d847b8aa0>]}
[0m08:09:03.370382 [info ] [Thread-1 (]: 1 of 7 OK created sql view model `raw`.`stg_customers` ......................... [[32mOK[0m in 0.34s]
[0m08:09:03.377544 [debug] [Thread-1 (]: Finished running node model.analytics.stg_customers
[0m08:09:03.405767 [debug] [Thread-3 (]: Writing runtime sql for node "model.analytics.stg_orders"
[0m08:09:03.411805 [debug] [Thread-2 (]: Writing runtime sql for node "model.analytics.stg_order_items"
[0m08:09:03.425999 [debug] [Thread-3 (]: dbt_clickhouse adapter: On model.analytics.stg_orders: /* {"app": "dbt", "dbt_version": "1.12.2", "profile_name": "analytics", "target_name": "dev", "node_id": "model.analytics.stg_orders"} */


  create or replace view `raw`.`stg_orders` 
  
    
  
  
    
    
  as (
    SELECT 
    order_id,
    customer_id,
    order_date,
    status
FROM raw.orders
    
  )
      
      
                    -- end_of_sql
                    
                    ...
[0m08:09:03.430090 [debug] [Thread-2 (]: dbt_clickhouse adapter: On model.analytics.stg_order_items: /* {"app": "dbt", "dbt_version": "1.12.2", "profile_name": "analytics", "target_name": "dev", "node_id": "model.analytics.stg_order_items"} */


  create or replace view `raw`.`stg_order_items` 
  
    
  
  
    
    
  as (
    SELECT
    order_item_id,
    order_id,
    product_id,
    quantity,
    price,
    total_amount
FROM raw.order_items
    
  )
      
      
                    -- end_of_sql
                    
                    ...
[0m08:09:03.433539 [debug] [Thread-4 (]: Writing runtime sql for node "model.analytics.stg_products"
[0m08:09:03.439821 [debug] [Thread-3 (]: dbt_clickhouse adapter: SQL status: OK in 0.01 seconds
[0m08:09:03.443296 [debug] [Thread-3 (]: Sending event: {'category': 'dbt', 'action': 'run_model', 'label': '6b593893-f3e2-4771-98ff-517133371518', 'context': [<snowplow_tracker.self_describing_json.SelfDescribingJson object at 0x739d820cb920>]}
[0m08:09:03.444319 [debug] [Thread-2 (]: dbt_clickhouse adapter: SQL status: OK in 0.01 seconds
[0m08:09:03.445346 [info ] [Thread-3 (]: 3 of 7 OK created sql view model `raw`.`stg_orders` ............................ [[32mOK[0m in 0.41s]
[0m08:09:03.449813 [debug] [Thread-2 (]: Sending event: {'category': 'dbt', 'action': 'run_model', 'label': '6b593893-f3e2-4771-98ff-517133371518', 'context': [<snowplow_tracker.self_describing_json.SelfDescribingJson object at 0x739d82bd1370>]}
[0m08:09:03.451418 [debug] [Thread-3 (]: Finished running node model.analytics.stg_orders
[0m08:09:03.452087 [debug] [Thread-4 (]: dbt_clickhouse adapter: On model.analytics.stg_products: /* {"app": "dbt", "dbt_version": "1.12.2", "profile_name": "analytics", "target_name": "dev", "node_id": "model.analytics.stg_products"} */


  create or replace view `raw`.`stg_products` 
  
    
  
  
    
    
  as (
    SELECT
    product_id,
    product_name,
    category,
    price
FROM raw.products
    
  )
      
      
                    -- end_of_sql
                    
                    ...
[0m08:09:03.453158 [info ] [Thread-2 (]: 2 of 7 OK created sql view model `raw`.`stg_order_items` ....................... [[32mOK[0m in 0.42s]
[0m08:09:03.456651 [debug] [Thread-2 (]: Finished running node model.analytics.stg_order_items
[0m08:09:03.458196 [debug] [Thread-1 (]: Began running node model.analytics.fct_orders
[0m08:09:03.459361 [info ] [Thread-1 (]: 5 of 7 START sql table model `raw`.`fct_orders` ................................ [RUN]
[0m08:09:03.460805 [debug] [Thread-1 (]: Re-using an available connection from the pool (formerly model.analytics.stg_customers, now model.analytics.fct_orders)
[0m08:09:03.462199 [debug] [Thread-1 (]: Began compiling node model.analytics.fct_orders
[0m08:09:03.466240 [debug] [Thread-1 (]: Writing injected SQL for node "model.analytics.fct_orders"
[0m08:09:03.466990 [debug] [Thread-4 (]: dbt_clickhouse adapter: SQL status: OK in 0.01 seconds
[0m08:09:03.472688 [debug] [Thread-4 (]: Sending event: {'category': 'dbt', 'action': 'run_model', 'label': '6b593893-f3e2-4771-98ff-517133371518', 'context': [<snowplow_tracker.self_describing_json.SelfDescribingJson object at 0x739d621712e0>]}
[0m08:09:03.474228 [info ] [Thread-4 (]: 4 of 7 OK created sql view model `raw`.`stg_products` .......................... [[32mOK[0m in 0.44s]
[0m08:09:03.477336 [debug] [Thread-4 (]: Finished running node model.analytics.stg_products
[0m08:09:03.479121 [debug] [Thread-2 (]: Began running node model.analytics.sales_by_category
[0m08:09:03.480702 [info ] [Thread-2 (]: 6 of 7 START sql table model `raw`.`sales_by_category` ......................... [RUN]
[0m08:09:03.482352 [debug] [Thread-1 (]: Began executing node model.analytics.fct_orders
[0m08:09:03.483310 [debug] [Thread-2 (]: Re-using an available connection from the pool (formerly model.analytics.stg_order_items, now model.analytics.sales_by_category)
[0m08:09:03.495265 [debug] [Thread-2 (]: Began compiling node model.analytics.sales_by_category
[0m08:09:03.508207 [debug] [Thread-2 (]: Writing injected SQL for node "model.analytics.sales_by_category"
[0m08:09:03.596520 [debug] [Thread-2 (]: Began executing node model.analytics.sales_by_category
[0m08:09:03.599455 [debug] [Thread-1 (]: dbt_clickhouse adapter: On model.analytics.fct_orders: /* {"app": "dbt", "dbt_version": "1.12.2", "profile_name": "analytics", "target_name": "dev", "node_id": "model.analytics.fct_orders"} */

            

    
        create table `raw`.`fct_orders__dbt_backup`
        
  
        
  engine = MergeTree()
        
      order by (tuple())
        
        
        
        
                    -- end_of_sql
                    SETTINGS replicated_deduplication_window='0'

                    
            empty
          as (
            SELECT 
    o.order_id,
    o.customer_id,
    o.order_date,
    o.status,
FROM `raw`.`stg_orders` o
JOIN `raw`.`stg_order_items` oi
ON o.order_id = oi.order_id
GROUP BY
    o.order_id,
    o.customer_id,
    o.order_date,
    o.status
          )
        
        ...
[0m08:09:03.603938 [debug] [Thread-2 (]: dbt_clickhouse adapter: On model.analytics.sales_by_category: /* {"app": "dbt", "dbt_version": "1.12.2", "profile_name": "analytics", "target_name": "dev", "node_id": "model.analytics.sales_by_category"} */

            

    
        create table `raw`.`sales_by_category__dbt_backup`
        
  
        
  engine = MergeTree()
        
      order by (tuple())
        
        
        
        
                    -- end_of_sql
                    SETTINGS replicated_deduplication_window='0'

                    
            empty
          as (
            SELECT
    p.category,
    SUM(oi.total_amount) AS revenue,
    SUM(oi.quantity) AS items_sold,
    COUNT(DISTINCT o.order_id) AS orders_count
FROM `raw`.`stg_order_items` oi
JOIN `raw`.`stg_orders` o
    ON oi.order_id = o.order_id
JOIN `raw`.`stg_products` p
    ON oi.product_id = p.product_id
WHERE o.status = 'completed'
GROUP BY p.category
ORDER BY revenue DESC3
          )
        
        ...
[0m08:09:03.621191 [debug] [Thread-1 (]: dbt_clickhouse adapter: SQL status: OK in 0.02 seconds
[0m08:09:03.643333 [debug] [Thread-2 (]: dbt_clickhouse adapter: Error running SQL: /* {"app": "dbt", "dbt_version": "1.12.2", "profile_name": "analytics", "target_name": "dev", "node_id": "model.analytics.sales_by_category"} */

            

    
        create table `raw`.`sales_by_category__dbt_backup`
        
  
        
  engine = MergeTree()
        
      order by (tuple())
        
        
        
        
                    -- end_of_sql
                    SETTINGS replicated_deduplication_window='0'

                    
            empty
          as (
            SELECT
    p.category,
    SUM(oi.total_amount) AS revenue,
    SUM(oi.quantity) AS items_sold,
    COUNT(DISTINCT o.order_id) AS orders_count
FROM `raw`.`stg_order_items` oi
JOIN `raw`.`stg_orders` o
    ON oi.order_id = o.order_id
JOIN `raw`.`stg_products` p
    ON oi.product_id = p.product_id
WHERE o.status = 'completed'
GROUP BY p.category
ORDER BY revenue DESC3
          )
        
        
[0m08:09:03.645833 [debug] [Thread-1 (]: dbt_clickhouse adapter: On model.analytics.fct_orders: /* {"app": "dbt", "dbt_version": "1.12.2", "profile_name": "analytics", "target_name": "dev", "node_id": "model.analytics.fct_orders"} */

    select name, type from system.columns where table = 'fct_orders__dbt_backup'
    
      and database = 'raw'
    
    order by position
  ...
[0m08:09:03.655093 [debug] [Thread-2 (]: Database Error in model sales_by_category (models/marts/sales_by_category.sql)
  Code: 62.
  DB::Exception: Syntax error: failed at position 868 (DESC3) (line 35, col 18): DESC3
            )
          
          . Expected one of: token sequence, Dot, token, OR, AND, IS NOT DISTINCT FROM, IS NULL, IS NOT NULL, BETWEEN, NOT BETWEEN, LIKE, ILIKE, NOT LIKE, NOT ILIKE, REGEXP, IN, NOT IN, GLOBAL IN, GLOBAL NOT IN, MOD, DIV, alias, AS, DESCENDING, DESC, ASCENDING, ASC, NULLS, COLLATE, WITH FILL, Comma, LIMIT, OFFSET, FETCH, SETTINGS, UNION, EXCEPT, INTERSECT. Stack trace:
  
  0. DB::Exception::Exception(DB::Exception::MessageMasked&&, int, bool) @ 0x000000001372225f
  1. DB::Exception::Exception(String const&, int, String, bool) @ 0x00000000123c968e
  2. DB::Exception::createDeprecated(String const&, int, bool) @ 0x00000000139d2cdf
  3. DB::parseQueryAndMovePosition(DB::IParser&, char const*&, char const*, String const&, bool, unsigned long, unsigned long, unsigned long) @ 0x000000001ab1e4f2
  4. DB::executeQueryImpl(char const*, char const*, std::shared_ptr<DB::Context>, DB::QueryFlags, DB::QueryProcessingStage::Enum, std::unique_ptr<DB::ReadBuffer, std::default_delete<DB::ReadBuffer>>&, std::shared_ptr<DB::IAST>&, std::shared_ptr<DB::ImplicitTransactionControlExecutor>) @ 0x000000001876b57b
  5. DB::executeQuery(String const&, std::shared_ptr<DB::Context>, DB::QueryFlags, DB::QueryProcessingStage::Enum) @ 0x000000001876a68b
  6. DB::TCPHandler::runImpl() @ 0x0000000019e5f590
  7. DB::TCPHandler::run() @ 0x0000000019e81619
  8. Poco::Net::TCPServerConnection::start() @ 0x000000001f485887
  9. Poco::Net::TCPServerDispatcher::run() @ 0x000000001f485d19
  10. Poco::PooledThread::run() @ 0x000000001f44c387
  11. Poco::ThreadImpl::runnableEntry(void*) @ 0x000000001f44a781
  12. ? @ 0x0000000000094a83
  13. ? @ 0x0000000000125a44
[0m08:09:03.656287 [debug] [Thread-1 (]: dbt_clickhouse adapter: SQL status: OK in 0.01 seconds
[0m08:09:03.657132 [debug] [Thread-2 (]: Sending event: {'category': 'dbt', 'action': 'run_model', 'label': '6b593893-f3e2-4771-98ff-517133371518', 'context': [<snowplow_tracker.self_describing_json.SelfDescribingJson object at 0x739d815d6240>]}
[0m08:09:03.663550 [debug] [Thread-1 (]: Writing runtime sql for node "model.analytics.fct_orders"
[0m08:09:03.665145 [error] [Thread-2 (]: 6 of 7 ERROR creating sql table model `raw`.`sales_by_category` ................ [[31mERROR[0m in 0.17s]
[0m08:09:03.669569 [debug] [Thread-2 (]: Finished running node model.analytics.sales_by_category
[0m08:09:03.671436 [debug] [Thread-7 (]: Marking all children of 'model.analytics.sales_by_category' to be skipped because of status 'error'.  Reason: Database Error in model sales_by_category (models/marts/sales_by_category.sql)
  Code: 62.
  DB::Exception: Syntax error: failed at position 868 (DESC3) (line 35, col 18): DESC3
            )
          
          . Expected one of: token sequence, Dot, token, OR, AND, IS NOT DISTINCT FROM, IS NULL, IS NOT NULL, BETWEEN, NOT BETWEEN, LIKE, ILIKE, NOT LIKE, NOT ILIKE, REGEXP, IN, NOT IN, GLOBAL IN, GLOBAL NOT IN, MOD, DIV, alias, AS, DESCENDING, DESC, ASCENDING, ASC, NULLS, COLLATE, WITH FILL, Comma, LIMIT, OFFSET, FETCH, SETTINGS, UNION, EXCEPT, INTERSECT. Stack trace:
  
  0. DB::Exception::Exception(DB::Exception::MessageMasked&&, int, bool) @ 0x000000001372225f
  1. DB::Exception::Exception(String const&, int, String, bool) @ 0x00000000123c968e
  2. DB::Exception::createDeprecated(String const&, int, bool) @ 0x00000000139d2cdf
  3. DB::parseQueryAndMovePosition(DB::IParser&, char const*&, char const*, String const&, bool, unsigned long, unsigned long, unsigned long) @ 0x000000001ab1e4f2
  4. DB::executeQueryImpl(char const*, char const*, std::shared_ptr<DB::Context>, DB::QueryFlags, DB::QueryProcessingStage::Enum, std::unique_ptr<DB::ReadBuffer, std::default_delete<DB::ReadBuffer>>&, std::shared_ptr<DB::IAST>&, std::shared_ptr<DB::ImplicitTransactionControlExecutor>) @ 0x000000001876b57b
  5. DB::executeQuery(String const&, std::shared_ptr<DB::Context>, DB::QueryFlags, DB::QueryProcessingStage::Enum) @ 0x000000001876a68b
  6. DB::TCPHandler::runImpl() @ 0x0000000019e5f590
  7. DB::TCPHandler::run() @ 0x0000000019e81619
  8. Poco::Net::TCPServerConnection::start() @ 0x000000001f485887
  9. Poco::Net::TCPServerDispatcher::run() @ 0x000000001f485d19
  10. Poco::PooledThread::run() @ 0x000000001f44c387
  11. Poco::ThreadImpl::runnableEntry(void*) @ 0x000000001f44a781
  12. ? @ 0x0000000000094a83
  13. ? @ 0x0000000000125a44.
[0m08:09:03.687101 [debug] [Thread-1 (]: dbt_clickhouse adapter: On model.analytics.fct_orders: /* {"app": "dbt", "dbt_version": "1.12.2", "profile_name": "analytics", "target_name": "dev", "node_id": "model.analytics.fct_orders"} */

  
    
    
    
        
         


        insert into `raw`.`fct_orders__dbt_backup`
        ("order_id", "customer_id", "order_date", "status")SELECT 
    o.order_id,
    o.customer_id,
    o.order_date,
    o.status,
FROM `raw`.`stg_orders` o
JOIN `raw`.`stg_order_items` oi
ON o.order_id = oi.order_id
GROUP BY
    o.order_id,
    o.customer_id,
    o.order_date,
    o.status
  ...
[0m08:09:04.977332 [debug] [Thread-1 (]: dbt_clickhouse adapter: SQL status: OK in 1.29 seconds
[0m08:09:04.983904 [debug] [Thread-1 (]: dbt_clickhouse adapter: On model.analytics.fct_orders: /* {"app": "dbt", "dbt_version": "1.12.2", "profile_name": "analytics", "target_name": "dev", "node_id": "model.analytics.fct_orders"} */
EXCHANGE TABLES `raw`.`fct_orders__dbt_backup` AND `raw`.`fct_orders` 
  
  ...
[0m08:09:04.988210 [debug] [Thread-1 (]: dbt_clickhouse adapter: SQL status: OK in 0.00 seconds
[0m08:09:04.999002 [debug] [Thread-1 (]: dbt_clickhouse adapter: On model.analytics.fct_orders: /* {"app": "dbt", "dbt_version": "1.12.2", "profile_name": "analytics", "target_name": "dev", "node_id": "model.analytics.fct_orders"} */
drop table if exists `raw`.`fct_orders__dbt_backup` 
  ...
[0m08:09:05.002546 [debug] [Thread-1 (]: dbt_clickhouse adapter: SQL status: OK in 0.00 seconds
[0m08:09:05.005482 [debug] [Thread-1 (]: Sending event: {'category': 'dbt', 'action': 'run_model', 'label': '6b593893-f3e2-4771-98ff-517133371518', 'context': [<snowplow_tracker.self_describing_json.SelfDescribingJson object at 0x739d817e0da0>]}
[0m08:09:05.006678 [info ] [Thread-1 (]: 5 of 7 OK created sql table model `raw`.`fct_orders` ........................... [[32mOK[0m in 1.54s]
[0m08:09:05.008079 [debug] [Thread-1 (]: Finished running node model.analytics.fct_orders
[0m08:09:05.010632 [debug] [Thread-4 (]: Began running node model.analytics.sales_daily
[0m08:09:05.011876 [info ] [Thread-4 (]: 7 of 7 START sql table model `raw`.`sales_daily` ............................... [RUN]
[0m08:09:05.013336 [debug] [Thread-4 (]: Re-using an available connection from the pool (formerly model.analytics.stg_products, now model.analytics.sales_daily)
[0m08:09:05.014351 [debug] [Thread-4 (]: Began compiling node model.analytics.sales_daily
[0m08:09:05.018068 [debug] [Thread-4 (]: Writing injected SQL for node "model.analytics.sales_daily"
[0m08:09:05.029844 [debug] [Thread-4 (]: Began executing node model.analytics.sales_daily
[0m08:09:05.033029 [debug] [Thread-4 (]: Creating new relation sales_daily
[0m08:09:05.036005 [debug] [Thread-4 (]: dbt_clickhouse adapter: On model.analytics.sales_daily: /* {"app": "dbt", "dbt_version": "1.12.2", "profile_name": "analytics", "target_name": "dev", "node_id": "model.analytics.sales_daily"} */

            

    
        create table `raw`.`sales_daily`
        
  
        
  engine = MergeTree()
        
      order by (tuple())
        
        
        
        
                    -- end_of_sql
                    SETTINGS replicated_deduplication_window='0'

                    
            empty
          as (
            SELECT
    toDate(order_date) AS sale_date,
    COUNT(*) AS orders_count,
    SUM(order_amount) AS revenue,
    SUM(total_items) AS items_sold
FROM `raw`.`fct_orders`
WHERE status = 'completed'
GROUP BY sale_date
ORDER BY sale_date
          )
        
        ...
[0m08:09:05.040859 [debug] [Thread-4 (]: dbt_clickhouse adapter: Error running SQL: /* {"app": "dbt", "dbt_version": "1.12.2", "profile_name": "analytics", "target_name": "dev", "node_id": "model.analytics.sales_daily"} */

            

    
        create table `raw`.`sales_daily`
        
  
        
  engine = MergeTree()
        
      order by (tuple())
        
        
        
        
                    -- end_of_sql
                    SETTINGS replicated_deduplication_window='0'

                    
            empty
          as (
            SELECT
    toDate(order_date) AS sale_date,
    COUNT(*) AS orders_count,
    SUM(order_amount) AS revenue,
    SUM(total_items) AS items_sold
FROM `raw`.`fct_orders`
WHERE status = 'completed'
GROUP BY sale_date
ORDER BY sale_date
          )
        
        
[0m08:09:05.047078 [debug] [Thread-4 (]: Database Error in model sales_daily (models/marts/sales_daily.sql)
  Code: 47.
  DB::Exception: Unknown expression or function identifier `order_amount` in scope SELECT toDate(order_date) AS sale_date, count(*) AS orders_count, sum(order_amount) AS revenue, sum(total_items) AS items_sold FROM raw.fct_orders WHERE status = 'completed' GROUP BY sale_date ORDER BY sale_date ASC. Maybe you meant: ['orders_count']. Stack trace:
  
  0. DB::Exception::Exception(DB::Exception::MessageMasked&&, int, bool) @ 0x000000001372225f
  1. DB::Exception::Exception(String&&, int, String, bool) @ 0x000000000cb3b0ce
  2. DB::Exception::Exception(PreformattedMessage&&, int) @ 0x000000000cb3ab80
  3. DB::Exception::Exception<char const*, String&, String, String, String>(int, FormatStringHelperImpl<std::type_identity<char const*>::type, std::type_identity<String&>::type, std::type_identity<String>::type, std::type_identity<String>::type, std::type_identity<String>::type>, char const*&&, String&, String&&, String&&, String&&) @ 0x00000000178003c2
  4. DB::QueryAnalyzer::resolveExpressionNode(std::shared_ptr<DB::IQueryTreeNode>&, DB::IdentifierResolveScope&, bool, bool, bool) @ 0x00000000177cbed2
  5. DB::QueryAnalyzer::resolveExpressionNodeList(std::shared_ptr<DB::IQueryTreeNode>&, DB::IdentifierResolveScope&, bool, bool) @ 0x00000000177c91f4
  6. DB::QueryAnalyzer::resolveFunction(std::shared_ptr<DB::IQueryTreeNode>&, DB::IdentifierResolveScope&) @ 0x00000000177e4ff8
  7. DB::QueryAnalyzer::resolveExpressionNode(std::shared_ptr<DB::IQueryTreeNode>&, DB::IdentifierResolveScope&, bool, bool, bool) @ 0x00000000177c9e40
  8. DB::QueryAnalyzer::resolveExpressionNodeList(std::shared_ptr<DB::IQueryTreeNode>&, DB::IdentifierResolveScope&, bool, bool) @ 0x00000000177c91f4
  9. DB::QueryAnalyzer::resolveProjectionExpressionNodeList(std::shared_ptr<DB::IQueryTreeNode>&, DB::IdentifierResolveScope&) @ 0x0000000017801167
  10. DB::QueryAnalyzer::resolveQuery(std::shared_ptr<DB::IQueryTreeNode> const&, DB::IdentifierResolveScope&) @ 0x00000000177c00ee
  11. DB::QueryAnalyzer::resolve(std::shared_ptr<DB::IQueryTreeNode>&, std::shared_ptr<DB::IQueryTreeNode> const&, std::shared_ptr<DB::Context const>) @ 0x00000000177bda38
  12. DB::QueryAnalysisPass::run(std::shared_ptr<DB::IQueryTreeNode>&, std::shared_ptr<DB::Context const>) @ 0x00000000177bd09c
  13. DB::QueryTreePassManager::run(std::shared_ptr<DB::IQueryTreeNode>) @ 0x0000000017824976
  14. DB::buildQueryTreeAndRunPasses(std::shared_ptr<DB::IAST> const&, DB::SelectQueryOptions const&, std::shared_ptr<DB::Context const> const&, std::shared_ptr<DB::IStorage> const&) (.llvm.12241402796318543270) @ 0x000000001839b9cd
  15. DB::InterpreterSelectQueryAnalyzer::InterpreterSelectQueryAnalyzer(std::shared_ptr<DB::IAST> const&, std::shared_ptr<DB::Context const> const&, DB::SelectQueryOptions const&, std::vector<String, std::allocator<String>> const&) @ 0x000000001839991c
  16. DB::InterpreterSelectQueryAnalyzer::getSampleBlock(std::shared_ptr<DB::IAST> const&, std::shared_ptr<DB::Context const> const&, DB::SelectQueryOptions const&) @ 0x000000001839be21
  17. DB::InterpreterCreateQuery::getTablePropertiesAndNormalizeCreateQuery(DB::ASTCreateQuery&, DB::LoadingStrictnessLevel) const @ 0x00000000182bbfdf
  18. DB::InterpreterCreateQuery::createTable(DB::ASTCreateQuery&) @ 0x00000000182c5262
  19. DB::InterpreterCreateQuery::execute() @ 0x00000000182dbbb8
  20. DB::executeQueryImpl(char const*, char const*, std::shared_ptr<DB::Context>, DB::QueryFlags, DB::QueryProcessingStage::Enum, std::unique_ptr<DB::ReadBuffer, std::default_delete<DB::ReadBuffer>>&, std::shared_ptr<DB::IAST>&, std::shared_ptr<DB::ImplicitTransactionControlExecutor>) @ 0x0000000018772719
  21. DB::executeQuery(String const&, std::shared_ptr<DB::Context>, DB::QueryFlags, DB::QueryProcessingStage::Enum) @ 0x000000001876a68b
  22. DB::TCPHandler::runImpl() @ 0x0000000019e5f590
  23. DB::TCPHandler::run() @ 0x0000000019e81619
  24. Poco::Net::TCPServerConnection::start() @ 0x000000001f485887
  25. Poco::Net::TCPServerDispatcher::run() @ 0x000000001f485d19
  26. Poco::PooledThread::run() @ 0x000000001f44c387
  27. Poco::ThreadImpl::runnableEntry(void*) @ 0x000000001f44a781
  28. ? @ 0x0000000000094a83
  29. ? @ 0x0000000000125a44
[0m08:09:05.048582 [debug] [Thread-4 (]: Sending event: {'category': 'dbt', 'action': 'run_model', 'label': '6b593893-f3e2-4771-98ff-517133371518', 'context': [<snowplow_tracker.self_describing_json.SelfDescribingJson object at 0x739d620b7020>]}
[0m08:09:05.050309 [error] [Thread-4 (]: 7 of 7 ERROR creating sql table model `raw`.`sales_daily` ...................... [[31mERROR[0m in 0.04s]
[0m08:09:05.052076 [debug] [Thread-4 (]: Finished running node model.analytics.sales_daily
[0m08:09:05.053591 [debug] [Thread-7 (]: Marking all children of 'model.analytics.sales_daily' to be skipped because of status 'error'.  Reason: Database Error in model sales_daily (models/marts/sales_daily.sql)
  Code: 47.
  DB::Exception: Unknown expression or function identifier `order_amount` in scope SELECT toDate(order_date) AS sale_date, count(*) AS orders_count, sum(order_amount) AS revenue, sum(total_items) AS items_sold FROM raw.fct_orders WHERE status = 'completed' GROUP BY sale_date ORDER BY sale_date ASC. Maybe you meant: ['orders_count']. Stack trace:
  
  0. DB::Exception::Exception(DB::Exception::MessageMasked&&, int, bool) @ 0x000000001372225f
  1. DB::Exception::Exception(String&&, int, String, bool) @ 0x000000000cb3b0ce
  2. DB::Exception::Exception(PreformattedMessage&&, int) @ 0x000000000cb3ab80
  3. DB::Exception::Exception<char const*, String&, String, String, String>(int, FormatStringHelperImpl<std::type_identity<char const*>::type, std::type_identity<String&>::type, std::type_identity<String>::type, std::type_identity<String>::type, std::type_identity<String>::type>, char const*&&, String&, String&&, String&&, String&&) @ 0x00000000178003c2
  4. DB::QueryAnalyzer::resolveExpressionNode(std::shared_ptr<DB::IQueryTreeNode>&, DB::IdentifierResolveScope&, bool, bool, bool) @ 0x00000000177cbed2
  5. DB::QueryAnalyzer::resolveExpressionNodeList(std::shared_ptr<DB::IQueryTreeNode>&, DB::IdentifierResolveScope&, bool, bool) @ 0x00000000177c91f4
  6. DB::QueryAnalyzer::resolveFunction(std::shared_ptr<DB::IQueryTreeNode>&, DB::IdentifierResolveScope&) @ 0x00000000177e4ff8
  7. DB::QueryAnalyzer::resolveExpressionNode(std::shared_ptr<DB::IQueryTreeNode>&, DB::IdentifierResolveScope&, bool, bool, bool) @ 0x00000000177c9e40
  8. DB::QueryAnalyzer::resolveExpressionNodeList(std::shared_ptr<DB::IQueryTreeNode>&, DB::IdentifierResolveScope&, bool, bool) @ 0x00000000177c91f4
  9. DB::QueryAnalyzer::resolveProjectionExpressionNodeList(std::shared_ptr<DB::IQueryTreeNode>&, DB::IdentifierResolveScope&) @ 0x0000000017801167
  10. DB::QueryAnalyzer::resolveQuery(std::shared_ptr<DB::IQueryTreeNode> const&, DB::IdentifierResolveScope&) @ 0x00000000177c00ee
  11. DB::QueryAnalyzer::resolve(std::shared_ptr<DB::IQueryTreeNode>&, std::shared_ptr<DB::IQueryTreeNode> const&, std::shared_ptr<DB::Context const>) @ 0x00000000177bda38
  12. DB::QueryAnalysisPass::run(std::shared_ptr<DB::IQueryTreeNode>&, std::shared_ptr<DB::Context const>) @ 0x00000000177bd09c
  13. DB::QueryTreePassManager::run(std::shared_ptr<DB::IQueryTreeNode>) @ 0x0000000017824976
  14. DB::buildQueryTreeAndRunPasses(std::shared_ptr<DB::IAST> const&, DB::SelectQueryOptions const&, std::shared_ptr<DB::Context const> const&, std::shared_ptr<DB::IStorage> const&) (.llvm.12241402796318543270) @ 0x000000001839b9cd
  15. DB::InterpreterSelectQueryAnalyzer::InterpreterSelectQueryAnalyzer(std::shared_ptr<DB::IAST> const&, std::shared_ptr<DB::Context const> const&, DB::SelectQueryOptions const&, std::vector<String, std::allocator<String>> const&) @ 0x000000001839991c
  16. DB::InterpreterSelectQueryAnalyzer::getSampleBlock(std::shared_ptr<DB::IAST> const&, std::shared_ptr<DB::Context const> const&, DB::SelectQueryOptions const&) @ 0x000000001839be21
  17. DB::InterpreterCreateQuery::getTablePropertiesAndNormalizeCreateQuery(DB::ASTCreateQuery&, DB::LoadingStrictnessLevel) const @ 0x00000000182bbfdf
  18. DB::InterpreterCreateQuery::createTable(DB::ASTCreateQuery&) @ 0x00000000182c5262
  19. DB::InterpreterCreateQuery::execute() @ 0x00000000182dbbb8
  20. DB::executeQueryImpl(char const*, char const*, std::shared_ptr<DB::Context>, DB::QueryFlags, DB::QueryProcessingStage::Enum, std::unique_ptr<DB::ReadBuffer, std::default_delete<DB::ReadBuffer>>&, std::shared_ptr<DB::IAST>&, std::shared_ptr<DB::ImplicitTransactionControlExecutor>) @ 0x0000000018772719
  21. DB::executeQuery(String const&, std::shared_ptr<DB::Context>, DB::QueryFlags, DB::QueryProcessingStage::Enum) @ 0x000000001876a68b
  22. DB::TCPHandler::runImpl() @ 0x0000000019e5f590
  23. DB::TCPHandler::run() @ 0x0000000019e81619
  24. Poco::Net::TCPServerConnection::start() @ 0x000000001f485887
  25. Poco::Net::TCPServerDispatcher::run() @ 0x000000001f485d19
  26. Poco::PooledThread::run() @ 0x000000001f44c387
  27. Poco::ThreadImpl::runnableEntry(void*) @ 0x000000001f44a781
  28. ? @ 0x0000000000094a83
  29. ? @ 0x0000000000125a44.
[0m08:09:05.056918 [debug] [MainThread]: Connection 'master' was properly closed.
[0m08:09:05.057789 [debug] [MainThread]: Connection 'model.analytics.fct_orders' was left open.
[0m08:09:05.058837 [debug] [MainThread]: On model.analytics.fct_orders: Close
[0m08:09:05.059801 [debug] [MainThread]: Connection 'model.analytics.sales_by_category' was left open.
[0m08:09:05.060495 [debug] [MainThread]: On model.analytics.sales_by_category: Close
[0m08:09:05.061142 [debug] [MainThread]: Connection 'model.analytics.stg_orders' was left open.
[0m08:09:05.062191 [debug] [MainThread]: On model.analytics.stg_orders: Close
[0m08:09:05.063273 [debug] [MainThread]: Connection 'model.analytics.sales_daily' was left open.
[0m08:09:05.064517 [debug] [MainThread]: On model.analytics.sales_daily: Close
[0m08:09:05.065580 [info ] [MainThread]: 
[0m08:09:05.066965 [info ] [MainThread]: Finished running 3 table models, 4 view models in 0 hours 0 minutes and 2.61 seconds (2.61s).
[0m08:09:05.073932 [debug] [MainThread]: Command end result
[0m08:09:05.188943 [debug] [MainThread]: Wrote artifact WritableManifest to /opt/airflow/dbt/target/manifest.json
[0m08:09:05.200507 [debug] [MainThread]: Wrote artifact SemanticManifest to /opt/airflow/dbt/target/semantic_manifest.json
[0m08:09:05.214306 [debug] [MainThread]: Wrote artifact OsiDocument to /opt/airflow/dbt/target/osi_document.json
[0m08:09:05.234782 [debug] [MainThread]: Wrote artifact RunExecutionResult to /opt/airflow/dbt/target/run_results.json
[0m08:09:05.235644 [info ] [MainThread]: 
[0m08:09:05.236761 [info ] [MainThread]: [31mCompleted with 2 errors, 0 partial successes, and 0 warnings:[0m
[0m08:09:05.238092 [info ] [MainThread]: 
[0m08:09:05.239836 [error] [MainThread]: [[31mERROR[0m]: in model sales_by_category (models/marts/sales_by_category.sql)
[0m08:09:05.241404 [error] [MainThread]:   Database Error in model sales_by_category (models/marts/sales_by_category.sql)
  Code: 62.
  DB::Exception: Syntax error: failed at position 868 (DESC3) (line 35, col 18): DESC3
            )
          
          . Expected one of: token sequence, Dot, token, OR, AND, IS NOT DISTINCT FROM, IS NULL, IS NOT NULL, BETWEEN, NOT BETWEEN, LIKE, ILIKE, NOT LIKE, NOT ILIKE, REGEXP, IN, NOT IN, GLOBAL IN, GLOBAL NOT IN, MOD, DIV, alias, AS, DESCENDING, DESC, ASCENDING, ASC, NULLS, COLLATE, WITH FILL, Comma, LIMIT, OFFSET, FETCH, SETTINGS, UNION, EXCEPT, INTERSECT. Stack trace:
  
  0. DB::Exception::Exception(DB::Exception::MessageMasked&&, int, bool) @ 0x000000001372225f
  1. DB::Exception::Exception(String const&, int, String, bool) @ 0x00000000123c968e
  2. DB::Exception::createDeprecated(String const&, int, bool) @ 0x00000000139d2cdf
  3. DB::parseQueryAndMovePosition(DB::IParser&, char const*&, char const*, String const&, bool, unsigned long, unsigned long, unsigned long) @ 0x000000001ab1e4f2
  4. DB::executeQueryImpl(char const*, char const*, std::shared_ptr<DB::Context>, DB::QueryFlags, DB::QueryProcessingStage::Enum, std::unique_ptr<DB::ReadBuffer, std::default_delete<DB::ReadBuffer>>&, std::shared_ptr<DB::IAST>&, std::shared_ptr<DB::ImplicitTransactionControlExecutor>) @ 0x000000001876b57b
  5. DB::executeQuery(String const&, std::shared_ptr<DB::Context>, DB::QueryFlags, DB::QueryProcessingStage::Enum) @ 0x000000001876a68b
  6. DB::TCPHandler::runImpl() @ 0x0000000019e5f590
  7. DB::TCPHandler::run() @ 0x0000000019e81619
  8. Poco::Net::TCPServerConnection::start() @ 0x000000001f485887
  9. Poco::Net::TCPServerDispatcher::run() @ 0x000000001f485d19
  10. Poco::PooledThread::run() @ 0x000000001f44c387
  11. Poco::ThreadImpl::runnableEntry(void*) @ 0x000000001f44a781
  12. ? @ 0x0000000000094a83
  13. ? @ 0x0000000000125a44
[0m08:09:05.245334 [info ] [MainThread]: 
[0m08:09:05.248842 [info ] [MainThread]:   compiled code at target/compiled/analytics/models/marts/sales_by_category.sql
[0m08:09:05.250561 [info ] [MainThread]: 
[0m08:09:05.251906 [error] [MainThread]: [[31mERROR[0m]: in model sales_daily (models/marts/sales_daily.sql)
[0m08:09:05.254901 [error] [MainThread]:   Database Error in model sales_daily (models/marts/sales_daily.sql)
  Code: 47.
  DB::Exception: Unknown expression or function identifier `order_amount` in scope SELECT toDate(order_date) AS sale_date, count(*) AS orders_count, sum(order_amount) AS revenue, sum(total_items) AS items_sold FROM raw.fct_orders WHERE status = 'completed' GROUP BY sale_date ORDER BY sale_date ASC. Maybe you meant: ['orders_count']. Stack trace:
  
  0. DB::Exception::Exception(DB::Exception::MessageMasked&&, int, bool) @ 0x000000001372225f
  1. DB::Exception::Exception(String&&, int, String, bool) @ 0x000000000cb3b0ce
  2. DB::Exception::Exception(PreformattedMessage&&, int) @ 0x000000000cb3ab80
  3. DB::Exception::Exception<char const*, String&, String, String, String>(int, FormatStringHelperImpl<std::type_identity<char const*>::type, std::type_identity<String&>::type, std::type_identity<String>::type, std::type_identity<String>::type, std::type_identity<String>::type>, char const*&&, String&, String&&, String&&, String&&) @ 0x00000000178003c2
  4. DB::QueryAnalyzer::resolveExpressionNode(std::shared_ptr<DB::IQueryTreeNode>&, DB::IdentifierResolveScope&, bool, bool, bool) @ 0x00000000177cbed2
  5. DB::QueryAnalyzer::resolveExpressionNodeList(std::shared_ptr<DB::IQueryTreeNode>&, DB::IdentifierResolveScope&, bool, bool) @ 0x00000000177c91f4
  6. DB::QueryAnalyzer::resolveFunction(std::shared_ptr<DB::IQueryTreeNode>&, DB::IdentifierResolveScope&) @ 0x00000000177e4ff8
  7. DB::QueryAnalyzer::resolveExpressionNode(std::shared_ptr<DB::IQueryTreeNode>&, DB::IdentifierResolveScope&, bool, bool, bool) @ 0x00000000177c9e40
  8. DB::QueryAnalyzer::resolveExpressionNodeList(std::shared_ptr<DB::IQueryTreeNode>&, DB::IdentifierResolveScope&, bool, bool) @ 0x00000000177c91f4
  9. DB::QueryAnalyzer::resolveProjectionExpressionNodeList(std::shared_ptr<DB::IQueryTreeNode>&, DB::IdentifierResolveScope&) @ 0x0000000017801167
  10. DB::QueryAnalyzer::resolveQuery(std::shared_ptr<DB::IQueryTreeNode> const&, DB::IdentifierResolveScope&) @ 0x00000000177c00ee
  11. DB::QueryAnalyzer::resolve(std::shared_ptr<DB::IQueryTreeNode>&, std::shared_ptr<DB::IQueryTreeNode> const&, std::shared_ptr<DB::Context const>) @ 0x00000000177bda38
  12. DB::QueryAnalysisPass::run(std::shared_ptr<DB::IQueryTreeNode>&, std::shared_ptr<DB::Context const>) @ 0x00000000177bd09c
  13. DB::QueryTreePassManager::run(std::shared_ptr<DB::IQueryTreeNode>) @ 0x0000000017824976
  14. DB::buildQueryTreeAndRunPasses(std::shared_ptr<DB::IAST> const&, DB::SelectQueryOptions const&, std::shared_ptr<DB::Context const> const&, std::shared_ptr<DB::IStorage> const&) (.llvm.12241402796318543270) @ 0x000000001839b9cd
  15. DB::InterpreterSelectQueryAnalyzer::InterpreterSelectQueryAnalyzer(std::shared_ptr<DB::IAST> const&, std::shared_ptr<DB::Context const> const&, DB::SelectQueryOptions const&, std::vector<String, std::allocator<String>> const&) @ 0x000000001839991c
  16. DB::InterpreterSelectQueryAnalyzer::getSampleBlock(std::shared_ptr<DB::IAST> const&, std::shared_ptr<DB::Context const> const&, DB::SelectQueryOptions const&) @ 0x000000001839be21
  17. DB::InterpreterCreateQuery::getTablePropertiesAndNormalizeCreateQuery(DB::ASTCreateQuery&, DB::LoadingStrictnessLevel) const @ 0x00000000182bbfdf
  18. DB::InterpreterCreateQuery::createTable(DB::ASTCreateQuery&) @ 0x00000000182c5262
  19. DB::InterpreterCreateQuery::execute() @ 0x00000000182dbbb8
  20. DB::executeQueryImpl(char const*, char const*, std::shared_ptr<DB::Context>, DB::QueryFlags, DB::QueryProcessingStage::Enum, std::unique_ptr<DB::ReadBuffer, std::default_delete<DB::ReadBuffer>>&, std::shared_ptr<DB::IAST>&, std::shared_ptr<DB::ImplicitTransactionControlExecutor>) @ 0x0000000018772719
  21. DB::executeQuery(String const&, std::shared_ptr<DB::Context>, DB::QueryFlags, DB::QueryProcessingStage::Enum) @ 0x000000001876a68b
  22. DB::TCPHandler::runImpl() @ 0x0000000019e5f590
  23. DB::TCPHandler::run() @ 0x0000000019e81619
  24. Poco::Net::TCPServerConnection::start() @ 0x000000001f485887
  25. Poco::Net::TCPServerDispatcher::run() @ 0x000000001f485d19
  26. Poco::PooledThread::run() @ 0x000000001f44c387
  27. Poco::ThreadImpl::runnableEntry(void*) @ 0x000000001f44a781
  28. ? @ 0x0000000000094a83
  29. ? @ 0x0000000000125a44
[0m08:09:05.257462 [info ] [MainThread]: 
[0m08:09:05.258937 [info ] [MainThread]:   compiled code at target/compiled/analytics/models/marts/sales_daily.sql
[0m08:09:05.261638 [info ] [MainThread]: 
[0m08:09:05.263809 [info ] [MainThread]: Done. PASS=5 WARN=0 ERROR=2 SKIP=0 NO-OP=0 REUSED=0 TOTAL=7
[0m08:09:05.267823 [debug] [MainThread]: Resource report: {"command_name": "run", "command_success": false, "command_wall_clock_time": 4.5352316, "process_in_blocks": "7552", "process_kernel_time": 0.786419, "process_mem_max_rss": "162084", "process_out_blocks": "0", "process_user_time": 5.644659}
[0m08:09:05.269775 [debug] [MainThread]: Command `dbt run` failed at 08:09:05.269038 after 4.54 seconds
[0m08:09:05.271632 [debug] [MainThread]: Sending event: {'category': 'dbt', 'action': 'invocation', 'label': 'end', 'context': [<snowplow_tracker.self_describing_json.SelfDescribingJson object at 0x739d8303f140>, <snowplow_tracker.self_describing_json.SelfDescribingJson object at 0x739d8447ed20>, <snowplow_tracker.self_describing_json.SelfDescribingJson object at 0x739d81701400>]}
[0m08:09:05.272842 [debug] [MainThread]: Flushing usage events
[0m08:09:06.047870 [debug] [MainThread]: An error was encountered while trying to flush usage events
[0m08:21:34.130501 [debug] [MainThread]: Sending event: {'category': 'dbt', 'action': 'invocation', 'label': 'start', 'context': [<snowplow_tracker.self_describing_json.SelfDescribingJson object at 0x75f8e72bdf70>, <snowplow_tracker.self_describing_json.SelfDescribingJson object at 0x75f8e61b99a0>, <snowplow_tracker.self_describing_json.SelfDescribingJson object at 0x75f8e62d4bf0>]}


============================== 08:21:34.138328 | 01b1aa09-7ee8-4cc0-8083-87e23c47f2c7 ==============================
[0m08:21:34.138328 [info ] [MainThread]: Running with dbt=1.12.2
[0m08:21:34.139382 [debug] [MainThread]: running dbt with arguments {'static_parser': 'True', 'invocation_command': 'dbt run --project-dir /opt/airflow/dbt --profiles-dir /opt/airflow/dbt', 'empty': 'False', 'maximum_seed_size_mib': '1', 'send_anonymous_usage_stats': 'True', 'write_json': 'True', 'indirect_selection': 'eager', 'fail_fast': 'False', 'profiles_dir': '/opt/airflow/dbt', 'cache_selected_only': 'False', 'version_check': 'True', 'use_colors': 'True', 'hints_enabled': 'True', 'no_print': 'None', 'partial_parse': 'True', 'quiet': 'False', 'introspect': 'True', 'debug': 'False', 'log_path': '/opt/airflow/dbt/logs', 'warn_error_options': 'WarnErrorOptionsV2(error=[], warn=[], silence=[])', 'use_experimental_parser': 'False', 'log_cache_events': 'False', 'target_path': 'None', 'warn_error': 'None', 'printer_width': '80', 'log_format': 'default'}
[0m08:21:34.394382 [debug] [MainThread]: Sending event: {'category': 'dbt', 'action': 'project_id', 'label': '01b1aa09-7ee8-4cc0-8083-87e23c47f2c7', 'context': [<snowplow_tracker.self_describing_json.SelfDescribingJson object at 0x75f8e5e68e60>]}
[0m08:21:34.470758 [debug] [MainThread]: Sending event: {'category': 'dbt', 'action': 'adapter_info', 'label': '01b1aa09-7ee8-4cc0-8083-87e23c47f2c7', 'context': [<snowplow_tracker.self_describing_json.SelfDescribingJson object at 0x75f8e5cced80>]}
[0m08:21:34.472456 [info ] [MainThread]: Registered adapter: clickhouse=1.9.3
[0m08:21:34.567753 [debug] [MainThread]: checksum: adba77356f91f81a11ee2fa729542f151b163d2280a76ec0a147e0b39f20e5da, vars: {}, profile: analytics, target: dev, version: 1.12.2
[0m08:21:34.826351 [debug] [MainThread]: Partial parsing enabled: 0 files deleted, 0 files added, 0 files changed.
[0m08:21:34.827047 [debug] [MainThread]: Nothing changed, skipping partial parsing.
[0m08:21:34.827676 [debug] [MainThread]: Partial parsing enabled, no changes found, skipping parsing
[0m08:21:34.838956 [debug] [MainThread]: Sending event: {'category': 'dbt', 'action': 'load_project', 'label': '01b1aa09-7ee8-4cc0-8083-87e23c47f2c7', 'context': [<snowplow_tracker.self_describing_json.SelfDescribingJson object at 0x75f8e5d68a10>]}
[0m08:21:34.970776 [debug] [MainThread]: Wrote artifact WritableManifest to /opt/airflow/dbt/target/manifest.json
[0m08:21:34.987761 [debug] [MainThread]: Wrote artifact SemanticManifest to /opt/airflow/dbt/target/semantic_manifest.json
[0m08:21:35.017247 [debug] [MainThread]: Wrote artifact OsiDocument to /opt/airflow/dbt/target/osi_document.json
[0m08:21:35.067371 [debug] [MainThread]: Sending event: {'category': 'dbt', 'action': 'resource_counts', 'label': '01b1aa09-7ee8-4cc0-8083-87e23c47f2c7', 'context': [<snowplow_tracker.self_describing_json.SelfDescribingJson object at 0x75f8e5b49640>]}
[0m08:21:35.068310 [info ] [MainThread]: Found 7 models, 521 macros
[0m08:21:35.069407 [debug] [MainThread]: Sending event: {'category': 'dbt', 'action': 'runnable_timing', 'label': '01b1aa09-7ee8-4cc0-8083-87e23c47f2c7', 'context': [<snowplow_tracker.self_describing_json.SelfDescribingJson object at 0x75f8e58fdfa0>]}
[0m08:21:35.072335 [info ] [MainThread]: 
[0m08:21:35.073144 [info ] [MainThread]: Concurrency: 4 threads (target='dev')
[0m08:21:35.074407 [info ] [MainThread]: 
[0m08:21:35.076306 [debug] [MainThread]: Acquiring new clickhouse connection 'master'
[0m08:21:35.088586 [debug] [ThreadPool]: Acquiring new clickhouse connection 'list_'
[0m08:21:35.111413 [debug] [ThreadPool]: Opening a new connection, currently in state init
[0m08:21:35.314238 [debug] [ThreadPool]: dbt_clickhouse adapter: On list_: /* {"app": "dbt", "dbt_version": "1.12.2", "profile_name": "analytics", "target_name": "dev", "connection_name": "list_"} */

    select name from system.databases
  ...
[0m08:21:35.317575 [debug] [ThreadPool]: dbt_clickhouse adapter: SQL status: OK in 0.00 seconds
[0m08:21:35.352672 [debug] [ThreadPool]: Re-using an available connection from the pool (formerly list_, now list__raw)
[0m08:21:35.358783 [debug] [ThreadPool]: dbt_clickhouse adapter: On list__raw: /* {"app": "dbt", "dbt_version": "1.12.2", "profile_name": "analytics", "target_name": "dev", "connection_name": "list__raw"} */
select
      t.name as name,
      t.database as schema,
      multiIf(
        engine in ('MaterializedView', 'View'), 'view',
        engine = 'Dictionary', 'dictionary',
        'table'
      ) as type,
      db.engine as db_engine,0 as is_on_cluster
          from system.tables as t join system.databases as db on t.database = db.name
        where schema = 'raw'
      

  ...
[0m08:21:35.364801 [debug] [ThreadPool]: dbt_clickhouse adapter: SQL status: OK in 0.01 seconds
[0m08:21:35.368817 [debug] [MainThread]: Sending event: {'category': 'dbt', 'action': 'runnable_timing', 'label': '01b1aa09-7ee8-4cc0-8083-87e23c47f2c7', 'context': [<snowplow_tracker.self_describing_json.SelfDescribingJson object at 0x75f8df936ae0>]}
[0m08:21:35.374090 [debug] [Thread-1 (]: Began running node model.analytics.stg_customers
[0m08:21:35.374647 [debug] [Thread-2 (]: Began running node model.analytics.stg_order_items
[0m08:21:35.375094 [debug] [Thread-3 (]: Began running node model.analytics.stg_orders
[0m08:21:35.376092 [debug] [Thread-4 (]: Began running node model.analytics.stg_products
[0m08:21:35.375667 [info ] [Thread-1 (]: 1 of 7 START sql view model `raw`.`stg_customers` .............................. [RUN]
[0m08:21:35.377768 [info ] [Thread-2 (]: 2 of 7 START sql view model `raw`.`stg_order_items` ............................ [RUN]
[0m08:21:35.378828 [info ] [Thread-3 (]: 3 of 7 START sql view model `raw`.`stg_orders` ................................. [RUN]
[0m08:21:35.380051 [info ] [Thread-4 (]: 4 of 7 START sql view model `raw`.`stg_products` ............................... [RUN]
[0m08:21:35.381381 [debug] [Thread-1 (]: Re-using an available connection from the pool (formerly list__raw, now model.analytics.stg_customers)
[0m08:21:35.382750 [debug] [Thread-2 (]: Acquiring new clickhouse connection 'model.analytics.stg_order_items'
[0m08:21:35.384099 [debug] [Thread-3 (]: Acquiring new clickhouse connection 'model.analytics.stg_orders'
[0m08:21:35.385385 [debug] [Thread-4 (]: Acquiring new clickhouse connection 'model.analytics.stg_products'
[0m08:21:35.386162 [debug] [Thread-1 (]: Began compiling node model.analytics.stg_customers
[0m08:21:35.387035 [debug] [Thread-2 (]: Began compiling node model.analytics.stg_order_items
[0m08:21:35.387900 [debug] [Thread-3 (]: Began compiling node model.analytics.stg_orders
[0m08:21:35.388786 [debug] [Thread-4 (]: Began compiling node model.analytics.stg_products
[0m08:21:35.396275 [debug] [Thread-1 (]: Writing injected SQL for node "model.analytics.stg_customers"
[0m08:21:35.397995 [debug] [Thread-2 (]: Writing injected SQL for node "model.analytics.stg_order_items"
[0m08:21:35.400132 [debug] [Thread-3 (]: Writing injected SQL for node "model.analytics.stg_orders"
[0m08:21:35.401756 [debug] [Thread-4 (]: Writing injected SQL for node "model.analytics.stg_products"
[0m08:21:35.410076 [debug] [Thread-1 (]: Began executing node model.analytics.stg_customers
[0m08:21:35.411204 [debug] [Thread-4 (]: Began executing node model.analytics.stg_products
[0m08:21:35.430341 [debug] [Thread-4 (]: Relation stg_products already exists, replacing it
[0m08:21:35.430907 [debug] [Thread-2 (]: Began executing node model.analytics.stg_order_items
[0m08:21:35.431973 [debug] [Thread-1 (]: Relation stg_customers already exists, replacing it
[0m08:21:35.442995 [debug] [Thread-3 (]: Began executing node model.analytics.stg_orders
[0m08:21:35.450258 [debug] [Thread-2 (]: Relation stg_order_items already exists, replacing it
[0m08:21:35.452544 [debug] [Thread-4 (]: Opening a new connection, currently in state init
[0m08:21:35.454358 [debug] [Thread-1 (]: Writing runtime sql for node "model.analytics.stg_customers"
[0m08:21:35.456208 [debug] [Thread-3 (]: Relation stg_orders already exists, replacing it
[0m08:21:35.458184 [debug] [Thread-2 (]: Opening a new connection, currently in state init
[0m08:21:35.461172 [debug] [Thread-3 (]: Opening a new connection, currently in state init
[0m08:21:35.485382 [debug] [Thread-1 (]: dbt_clickhouse adapter: On model.analytics.stg_customers: /* {"app": "dbt", "dbt_version": "1.12.2", "profile_name": "analytics", "target_name": "dev", "node_id": "model.analytics.stg_customers"} */


  create or replace view `raw`.`stg_customers` 
  
    
  
  
    
    
  as (
    SELECT
    customer_id,
    name,
    email,
    city,
    registration_date
FROM raw.customers
    
  )
      
      
                    -- end_of_sql
                    
                    ...
[0m08:21:35.497713 [debug] [Thread-1 (]: dbt_clickhouse adapter: SQL status: OK in 0.01 seconds
[0m08:21:35.526062 [debug] [Thread-1 (]: Sending event: {'category': 'dbt', 'action': 'run_model', 'label': '01b1aa09-7ee8-4cc0-8083-87e23c47f2c7', 'context': [<snowplow_tracker.self_describing_json.SelfDescribingJson object at 0x75f8df9da3c0>]}
[0m08:21:35.527462 [info ] [Thread-1 (]: 1 of 7 OK created sql view model `raw`.`stg_customers` ......................... [[32mOK[0m in 0.14s]
[0m08:21:35.529652 [debug] [Thread-1 (]: Finished running node model.analytics.stg_customers
[0m08:21:35.548892 [debug] [Thread-3 (]: Writing runtime sql for node "model.analytics.stg_orders"
[0m08:21:35.550647 [debug] [Thread-4 (]: Writing runtime sql for node "model.analytics.stg_products"
[0m08:21:35.554434 [debug] [Thread-2 (]: Writing runtime sql for node "model.analytics.stg_order_items"
[0m08:21:35.569491 [debug] [Thread-2 (]: dbt_clickhouse adapter: On model.analytics.stg_order_items: /* {"app": "dbt", "dbt_version": "1.12.2", "profile_name": "analytics", "target_name": "dev", "node_id": "model.analytics.stg_order_items"} */


  create or replace view `raw`.`stg_order_items` 
  
    
  
  
    
    
  as (
    SELECT
    order_item_id,
    order_id,
    product_id,
    quantity,
    price,
    total_amount
FROM raw.order_items
    
  )
      
      
                    -- end_of_sql
                    
                    ...
[0m08:21:35.572235 [debug] [Thread-4 (]: dbt_clickhouse adapter: On model.analytics.stg_products: /* {"app": "dbt", "dbt_version": "1.12.2", "profile_name": "analytics", "target_name": "dev", "node_id": "model.analytics.stg_products"} */


  create or replace view `raw`.`stg_products` 
  
    
  
  
    
    
  as (
    SELECT
    product_id,
    product_name,
    category,
    price
FROM raw.products
    
  )
      
      
                    -- end_of_sql
                    
                    ...
[0m08:21:35.576094 [debug] [Thread-3 (]: dbt_clickhouse adapter: On model.analytics.stg_orders: /* {"app": "dbt", "dbt_version": "1.12.2", "profile_name": "analytics", "target_name": "dev", "node_id": "model.analytics.stg_orders"} */


  create or replace view `raw`.`stg_orders` 
  
    
  
  
    
    
  as (
    SELECT 
    order_id,
    customer_id,
    order_date,
    status
FROM raw.orders
    
  )
      
      
                    -- end_of_sql
                    
                    ...
[0m08:21:35.578508 [debug] [Thread-2 (]: dbt_clickhouse adapter: SQL status: OK in 0.01 seconds
[0m08:21:35.584368 [debug] [Thread-2 (]: Sending event: {'category': 'dbt', 'action': 'run_model', 'label': '01b1aa09-7ee8-4cc0-8083-87e23c47f2c7', 'context': [<snowplow_tracker.self_describing_json.SelfDescribingJson object at 0x75f8e58fdca0>]}
[0m08:21:35.585033 [debug] [Thread-4 (]: dbt_clickhouse adapter: SQL status: OK in 0.01 seconds
[0m08:21:35.586606 [debug] [Thread-3 (]: dbt_clickhouse adapter: SQL status: OK in 0.01 seconds
[0m08:21:35.586015 [info ] [Thread-2 (]: 2 of 7 OK created sql view model `raw`.`stg_order_items` ....................... [[32mOK[0m in 0.20s]
[0m08:21:35.590113 [debug] [Thread-4 (]: Sending event: {'category': 'dbt', 'action': 'run_model', 'label': '01b1aa09-7ee8-4cc0-8083-87e23c47f2c7', 'context': [<snowplow_tracker.self_describing_json.SelfDescribingJson object at 0x75f8e41703b0>]}
[0m08:21:35.593072 [debug] [Thread-3 (]: Sending event: {'category': 'dbt', 'action': 'run_model', 'label': '01b1aa09-7ee8-4cc0-8083-87e23c47f2c7', 'context': [<snowplow_tracker.self_describing_json.SelfDescribingJson object at 0x75f8e415b680>]}
[0m08:21:35.593984 [debug] [Thread-2 (]: Finished running node model.analytics.stg_order_items
[0m08:21:35.594918 [info ] [Thread-4 (]: 4 of 7 OK created sql view model `raw`.`stg_products` .......................... [[32mOK[0m in 0.20s]
[0m08:21:35.595921 [info ] [Thread-3 (]: 3 of 7 OK created sql view model `raw`.`stg_orders` ............................ [[32mOK[0m in 0.21s]
[0m08:21:35.597990 [debug] [Thread-4 (]: Finished running node model.analytics.stg_products
[0m08:21:35.599614 [debug] [Thread-3 (]: Finished running node model.analytics.stg_orders
[0m08:21:35.602534 [debug] [Thread-1 (]: Began running node model.analytics.fct_orders
[0m08:21:35.603245 [debug] [Thread-2 (]: Began running node model.analytics.sales_by_category
[0m08:21:35.604097 [info ] [Thread-1 (]: 5 of 7 START sql table model `raw`.`fct_orders` ................................ [RUN]
[0m08:21:35.606712 [info ] [Thread-2 (]: 6 of 7 START sql table model `raw`.`sales_by_category` ......................... [RUN]
[0m08:21:35.608870 [debug] [Thread-1 (]: Re-using an available connection from the pool (formerly model.analytics.stg_customers, now model.analytics.fct_orders)
[0m08:21:35.611124 [debug] [Thread-2 (]: Re-using an available connection from the pool (formerly model.analytics.stg_order_items, now model.analytics.sales_by_category)
[0m08:21:35.612440 [debug] [Thread-1 (]: Began compiling node model.analytics.fct_orders
[0m08:21:35.613864 [debug] [Thread-2 (]: Began compiling node model.analytics.sales_by_category
[0m08:21:35.621024 [debug] [Thread-1 (]: Writing injected SQL for node "model.analytics.fct_orders"
[0m08:21:35.628072 [debug] [Thread-2 (]: Writing injected SQL for node "model.analytics.sales_by_category"
[0m08:21:35.650388 [debug] [Thread-1 (]: Began executing node model.analytics.fct_orders
[0m08:21:35.657923 [debug] [Thread-2 (]: Began executing node model.analytics.sales_by_category
[0m08:21:35.831430 [debug] [Thread-2 (]: dbt_clickhouse adapter: On model.analytics.sales_by_category: /* {"app": "dbt", "dbt_version": "1.12.2", "profile_name": "analytics", "target_name": "dev", "node_id": "model.analytics.sales_by_category"} */

            

    
        create table `raw`.`sales_by_category__dbt_backup`
        
  
        
  engine = MergeTree()
        
      order by (tuple())
        
        
        
        
                    -- end_of_sql
                    SETTINGS replicated_deduplication_window='0'

                    
            empty
          as (
            SELECT
    p.category,
    SUM(oi.total_amount) AS revenue,
    SUM(oi.quantity) AS items_sold,
    COUNT(DISTINCT o.order_id) AS orders_count
FROM `raw`.`stg_order_items` oi
JOIN `raw`.`stg_orders` o
    ON oi.order_id = o.order_id
JOIN `raw`.`stg_products` p
    ON oi.product_id = p.product_id
WHERE o.status = 'completed'
GROUP BY p.category
ORDER BY revenue DESC3
          )
        
        ...
[0m08:21:35.833844 [debug] [Thread-1 (]: dbt_clickhouse adapter: On model.analytics.fct_orders: /* {"app": "dbt", "dbt_version": "1.12.2", "profile_name": "analytics", "target_name": "dev", "node_id": "model.analytics.fct_orders"} */

            

    
        create table `raw`.`fct_orders__dbt_backup`
        
  
        
  engine = MergeTree()
        
      order by (tuple())
        
        
        
        
                    -- end_of_sql
                    SETTINGS replicated_deduplication_window='0'

                    
            empty
          as (
            SELECT 
    o.order_id,
    o.customer_id,
    o.order_date,
    o.status,
FROM `raw`.`stg_orders` o
JOIN `raw`.`stg_order_items` oi
ON o.order_id = oi.order_id
GROUP BY
    o.order_id,
    o.customer_id,
    o.order_date,
    o.status
          )
        
        ...
[0m08:21:35.837158 [debug] [Thread-2 (]: dbt_clickhouse adapter: Error running SQL: /* {"app": "dbt", "dbt_version": "1.12.2", "profile_name": "analytics", "target_name": "dev", "node_id": "model.analytics.sales_by_category"} */

            

    
        create table `raw`.`sales_by_category__dbt_backup`
        
  
        
  engine = MergeTree()
        
      order by (tuple())
        
        
        
        
                    -- end_of_sql
                    SETTINGS replicated_deduplication_window='0'

                    
            empty
          as (
            SELECT
    p.category,
    SUM(oi.total_amount) AS revenue,
    SUM(oi.quantity) AS items_sold,
    COUNT(DISTINCT o.order_id) AS orders_count
FROM `raw`.`stg_order_items` oi
JOIN `raw`.`stg_orders` o
    ON oi.order_id = o.order_id
JOIN `raw`.`stg_products` p
    ON oi.product_id = p.product_id
WHERE o.status = 'completed'
GROUP BY p.category
ORDER BY revenue DESC3
          )
        
        
[0m08:21:35.845158 [debug] [Thread-2 (]: Database Error in model sales_by_category (models/marts/sales_by_category.sql)
  Code: 62.
  DB::Exception: Syntax error: failed at position 868 (DESC3) (line 35, col 18): DESC3
            )
          
          . Expected one of: token sequence, Dot, token, OR, AND, IS NOT DISTINCT FROM, IS NULL, IS NOT NULL, BETWEEN, NOT BETWEEN, LIKE, ILIKE, NOT LIKE, NOT ILIKE, REGEXP, IN, NOT IN, GLOBAL IN, GLOBAL NOT IN, MOD, DIV, alias, AS, DESCENDING, DESC, ASCENDING, ASC, NULLS, COLLATE, WITH FILL, Comma, LIMIT, OFFSET, FETCH, SETTINGS, UNION, EXCEPT, INTERSECT. Stack trace:
  
  0. DB::Exception::Exception(DB::Exception::MessageMasked&&, int, bool) @ 0x000000001372225f
  1. DB::Exception::Exception(String const&, int, String, bool) @ 0x00000000123c968e
  2. DB::Exception::createDeprecated(String const&, int, bool) @ 0x00000000139d2cdf
  3. DB::parseQueryAndMovePosition(DB::IParser&, char const*&, char const*, String const&, bool, unsigned long, unsigned long, unsigned long) @ 0x000000001ab1e4f2
  4. DB::executeQueryImpl(char const*, char const*, std::shared_ptr<DB::Context>, DB::QueryFlags, DB::QueryProcessingStage::Enum, std::unique_ptr<DB::ReadBuffer, std::default_delete<DB::ReadBuffer>>&, std::shared_ptr<DB::IAST>&, std::shared_ptr<DB::ImplicitTransactionControlExecutor>) @ 0x000000001876b57b
  5. DB::executeQuery(String const&, std::shared_ptr<DB::Context>, DB::QueryFlags, DB::QueryProcessingStage::Enum) @ 0x000000001876a68b
  6. DB::TCPHandler::runImpl() @ 0x0000000019e5f590
  7. DB::TCPHandler::run() @ 0x0000000019e81619
  8. Poco::Net::TCPServerConnection::start() @ 0x000000001f485887
  9. Poco::Net::TCPServerDispatcher::run() @ 0x000000001f485d19
  10. Poco::PooledThread::run() @ 0x000000001f44c387
  11. Poco::ThreadImpl::runnableEntry(void*) @ 0x000000001f44a781
  12. ? @ 0x0000000000094a83
  13. ? @ 0x0000000000125a44
[0m08:21:35.846285 [debug] [Thread-2 (]: Sending event: {'category': 'dbt', 'action': 'run_model', 'label': '01b1aa09-7ee8-4cc0-8083-87e23c47f2c7', 'context': [<snowplow_tracker.self_describing_json.SelfDescribingJson object at 0x75f8dc7279e0>]}
[0m08:21:35.846971 [debug] [Thread-1 (]: dbt_clickhouse adapter: SQL status: OK in 0.01 seconds
[0m08:21:35.847812 [error] [Thread-2 (]: 6 of 7 ERROR creating sql table model `raw`.`sales_by_category` ................ [[31mERROR[0m in 0.24s]
[0m08:21:35.859593 [debug] [Thread-2 (]: Finished running node model.analytics.sales_by_category
[0m08:21:35.871627 [debug] [Thread-7 (]: Marking all children of 'model.analytics.sales_by_category' to be skipped because of status 'error'.  Reason: Database Error in model sales_by_category (models/marts/sales_by_category.sql)
  Code: 62.
  DB::Exception: Syntax error: failed at position 868 (DESC3) (line 35, col 18): DESC3
            )
          
          . Expected one of: token sequence, Dot, token, OR, AND, IS NOT DISTINCT FROM, IS NULL, IS NOT NULL, BETWEEN, NOT BETWEEN, LIKE, ILIKE, NOT LIKE, NOT ILIKE, REGEXP, IN, NOT IN, GLOBAL IN, GLOBAL NOT IN, MOD, DIV, alias, AS, DESCENDING, DESC, ASCENDING, ASC, NULLS, COLLATE, WITH FILL, Comma, LIMIT, OFFSET, FETCH, SETTINGS, UNION, EXCEPT, INTERSECT. Stack trace:
  
  0. DB::Exception::Exception(DB::Exception::MessageMasked&&, int, bool) @ 0x000000001372225f
  1. DB::Exception::Exception(String const&, int, String, bool) @ 0x00000000123c968e
  2. DB::Exception::createDeprecated(String const&, int, bool) @ 0x00000000139d2cdf
  3. DB::parseQueryAndMovePosition(DB::IParser&, char const*&, char const*, String const&, bool, unsigned long, unsigned long, unsigned long) @ 0x000000001ab1e4f2
  4. DB::executeQueryImpl(char const*, char const*, std::shared_ptr<DB::Context>, DB::QueryFlags, DB::QueryProcessingStage::Enum, std::unique_ptr<DB::ReadBuffer, std::default_delete<DB::ReadBuffer>>&, std::shared_ptr<DB::IAST>&, std::shared_ptr<DB::ImplicitTransactionControlExecutor>) @ 0x000000001876b57b
  5. DB::executeQuery(String const&, std::shared_ptr<DB::Context>, DB::QueryFlags, DB::QueryProcessingStage::Enum) @ 0x000000001876a68b
  6. DB::TCPHandler::runImpl() @ 0x0000000019e5f590
  7. DB::TCPHandler::run() @ 0x0000000019e81619
  8. Poco::Net::TCPServerConnection::start() @ 0x000000001f485887
  9. Poco::Net::TCPServerDispatcher::run() @ 0x000000001f485d19
  10. Poco::PooledThread::run() @ 0x000000001f44c387
  11. Poco::ThreadImpl::runnableEntry(void*) @ 0x000000001f44a781
  12. ? @ 0x0000000000094a83
  13. ? @ 0x0000000000125a44.
[0m08:21:35.878921 [debug] [Thread-1 (]: dbt_clickhouse adapter: On model.analytics.fct_orders: /* {"app": "dbt", "dbt_version": "1.12.2", "profile_name": "analytics", "target_name": "dev", "node_id": "model.analytics.fct_orders"} */

    select name, type from system.columns where table = 'fct_orders__dbt_backup'
    
      and database = 'raw'
    
    order by position
  ...
[0m08:21:35.886303 [debug] [Thread-1 (]: dbt_clickhouse adapter: SQL status: OK in 0.01 seconds
[0m08:21:35.890989 [debug] [Thread-1 (]: Writing runtime sql for node "model.analytics.fct_orders"
[0m08:21:35.906884 [debug] [Thread-1 (]: dbt_clickhouse adapter: On model.analytics.fct_orders: /* {"app": "dbt", "dbt_version": "1.12.2", "profile_name": "analytics", "target_name": "dev", "node_id": "model.analytics.fct_orders"} */

  
    
    
    
        
         


        insert into `raw`.`fct_orders__dbt_backup`
        ("order_id", "customer_id", "order_date", "status")SELECT 
    o.order_id,
    o.customer_id,
    o.order_date,
    o.status,
FROM `raw`.`stg_orders` o
JOIN `raw`.`stg_order_items` oi
ON o.order_id = oi.order_id
GROUP BY
    o.order_id,
    o.customer_id,
    o.order_date,
    o.status
  ...
[0m08:21:37.445596 [debug] [Thread-1 (]: dbt_clickhouse adapter: SQL status: OK in 1.54 seconds
[0m08:21:37.463548 [debug] [Thread-1 (]: dbt_clickhouse adapter: On model.analytics.fct_orders: /* {"app": "dbt", "dbt_version": "1.12.2", "profile_name": "analytics", "target_name": "dev", "node_id": "model.analytics.fct_orders"} */
EXCHANGE TABLES `raw`.`fct_orders__dbt_backup` AND `raw`.`fct_orders` 
  
  ...
[0m08:21:37.467779 [debug] [Thread-1 (]: dbt_clickhouse adapter: SQL status: OK in 0.00 seconds
[0m08:21:37.485608 [debug] [Thread-1 (]: dbt_clickhouse adapter: On model.analytics.fct_orders: /* {"app": "dbt", "dbt_version": "1.12.2", "profile_name": "analytics", "target_name": "dev", "node_id": "model.analytics.fct_orders"} */
drop table if exists `raw`.`fct_orders__dbt_backup` 
  ...
[0m08:21:37.489801 [debug] [Thread-1 (]: dbt_clickhouse adapter: SQL status: OK in 0.00 seconds
[0m08:21:37.494065 [debug] [Thread-1 (]: Sending event: {'category': 'dbt', 'action': 'run_model', 'label': '01b1aa09-7ee8-4cc0-8083-87e23c47f2c7', 'context': [<snowplow_tracker.self_describing_json.SelfDescribingJson object at 0x75f8e6022780>]}
[0m08:21:37.496511 [info ] [Thread-1 (]: 5 of 7 OK created sql table model `raw`.`fct_orders` ........................... [[32mOK[0m in 1.89s]
[0m08:21:37.500185 [debug] [Thread-1 (]: Finished running node model.analytics.fct_orders
[0m08:21:37.502738 [debug] [Thread-3 (]: Began running node model.analytics.sales_daily
[0m08:21:37.504401 [info ] [Thread-3 (]: 7 of 7 START sql table model `raw`.`sales_daily` ............................... [RUN]
[0m08:21:37.506131 [debug] [Thread-3 (]: Re-using an available connection from the pool (formerly model.analytics.stg_orders, now model.analytics.sales_daily)
[0m08:21:37.508084 [debug] [Thread-3 (]: Began compiling node model.analytics.sales_daily
[0m08:21:37.512881 [debug] [Thread-3 (]: Writing injected SQL for node "model.analytics.sales_daily"
[0m08:21:37.549056 [debug] [Thread-3 (]: Began executing node model.analytics.sales_daily
[0m08:21:37.553263 [debug] [Thread-3 (]: Creating new relation sales_daily
[0m08:21:37.558636 [debug] [Thread-3 (]: dbt_clickhouse adapter: On model.analytics.sales_daily: /* {"app": "dbt", "dbt_version": "1.12.2", "profile_name": "analytics", "target_name": "dev", "node_id": "model.analytics.sales_daily"} */

            

    
        create table `raw`.`sales_daily`
        
  
        
  engine = MergeTree()
        
      order by (tuple())
        
        
        
        
                    -- end_of_sql
                    SETTINGS replicated_deduplication_window='0'

                    
            empty
          as (
            SELECT
    toDate(order_date) AS sale_date,
    COUNT(*) AS orders_count,
    SUM(order_amount) AS revenue,
    SUM(total_items) AS items_sold
FROM `raw`.`fct_orders`
WHERE status = 'completed'
GROUP BY sale_date
ORDER BY sale_date
          )
        
        ...
[0m08:21:37.565595 [debug] [Thread-3 (]: dbt_clickhouse adapter: Error running SQL: /* {"app": "dbt", "dbt_version": "1.12.2", "profile_name": "analytics", "target_name": "dev", "node_id": "model.analytics.sales_daily"} */

            

    
        create table `raw`.`sales_daily`
        
  
        
  engine = MergeTree()
        
      order by (tuple())
        
        
        
        
                    -- end_of_sql
                    SETTINGS replicated_deduplication_window='0'

                    
            empty
          as (
            SELECT
    toDate(order_date) AS sale_date,
    COUNT(*) AS orders_count,
    SUM(order_amount) AS revenue,
    SUM(total_items) AS items_sold
FROM `raw`.`fct_orders`
WHERE status = 'completed'
GROUP BY sale_date
ORDER BY sale_date
          )
        
        
[0m08:21:37.575478 [debug] [Thread-3 (]: Database Error in model sales_daily (models/marts/sales_daily.sql)
  Code: 47.
  DB::Exception: Unknown expression or function identifier `order_amount` in scope SELECT toDate(order_date) AS sale_date, count(*) AS orders_count, sum(order_amount) AS revenue, sum(total_items) AS items_sold FROM raw.fct_orders WHERE status = 'completed' GROUP BY sale_date ORDER BY sale_date ASC. Maybe you meant: ['orders_count']. Stack trace:
  
  0. DB::Exception::Exception(DB::Exception::MessageMasked&&, int, bool) @ 0x000000001372225f
  1. DB::Exception::Exception(String&&, int, String, bool) @ 0x000000000cb3b0ce
  2. DB::Exception::Exception(PreformattedMessage&&, int) @ 0x000000000cb3ab80
  3. DB::Exception::Exception<char const*, String&, String, String, String>(int, FormatStringHelperImpl<std::type_identity<char const*>::type, std::type_identity<String&>::type, std::type_identity<String>::type, std::type_identity<String>::type, std::type_identity<String>::type>, char const*&&, String&, String&&, String&&, String&&) @ 0x00000000178003c2
  4. DB::QueryAnalyzer::resolveExpressionNode(std::shared_ptr<DB::IQueryTreeNode>&, DB::IdentifierResolveScope&, bool, bool, bool) @ 0x00000000177cbed2
  5. DB::QueryAnalyzer::resolveExpressionNodeList(std::shared_ptr<DB::IQueryTreeNode>&, DB::IdentifierResolveScope&, bool, bool) @ 0x00000000177c91f4
  6. DB::QueryAnalyzer::resolveFunction(std::shared_ptr<DB::IQueryTreeNode>&, DB::IdentifierResolveScope&) @ 0x00000000177e4ff8
  7. DB::QueryAnalyzer::resolveExpressionNode(std::shared_ptr<DB::IQueryTreeNode>&, DB::IdentifierResolveScope&, bool, bool, bool) @ 0x00000000177c9e40
  8. DB::QueryAnalyzer::resolveExpressionNodeList(std::shared_ptr<DB::IQueryTreeNode>&, DB::IdentifierResolveScope&, bool, bool) @ 0x00000000177c91f4
  9. DB::QueryAnalyzer::resolveProjectionExpressionNodeList(std::shared_ptr<DB::IQueryTreeNode>&, DB::IdentifierResolveScope&) @ 0x0000000017801167
  10. DB::QueryAnalyzer::resolveQuery(std::shared_ptr<DB::IQueryTreeNode> const&, DB::IdentifierResolveScope&) @ 0x00000000177c00ee
  11. DB::QueryAnalyzer::resolve(std::shared_ptr<DB::IQueryTreeNode>&, std::shared_ptr<DB::IQueryTreeNode> const&, std::shared_ptr<DB::Context const>) @ 0x00000000177bda38
  12. DB::QueryAnalysisPass::run(std::shared_ptr<DB::IQueryTreeNode>&, std::shared_ptr<DB::Context const>) @ 0x00000000177bd09c
  13. DB::QueryTreePassManager::run(std::shared_ptr<DB::IQueryTreeNode>) @ 0x0000000017824976
  14. DB::buildQueryTreeAndRunPasses(std::shared_ptr<DB::IAST> const&, DB::SelectQueryOptions const&, std::shared_ptr<DB::Context const> const&, std::shared_ptr<DB::IStorage> const&) (.llvm.12241402796318543270) @ 0x000000001839b9cd
  15. DB::InterpreterSelectQueryAnalyzer::InterpreterSelectQueryAnalyzer(std::shared_ptr<DB::IAST> const&, std::shared_ptr<DB::Context const> const&, DB::SelectQueryOptions const&, std::vector<String, std::allocator<String>> const&) @ 0x000000001839991c
  16. DB::InterpreterSelectQueryAnalyzer::getSampleBlock(std::shared_ptr<DB::IAST> const&, std::shared_ptr<DB::Context const> const&, DB::SelectQueryOptions const&) @ 0x000000001839be21
  17. DB::InterpreterCreateQuery::getTablePropertiesAndNormalizeCreateQuery(DB::ASTCreateQuery&, DB::LoadingStrictnessLevel) const @ 0x00000000182bbfdf
  18. DB::InterpreterCreateQuery::createTable(DB::ASTCreateQuery&) @ 0x00000000182c5262
  19. DB::InterpreterCreateQuery::execute() @ 0x00000000182dbbb8
  20. DB::executeQueryImpl(char const*, char const*, std::shared_ptr<DB::Context>, DB::QueryFlags, DB::QueryProcessingStage::Enum, std::unique_ptr<DB::ReadBuffer, std::default_delete<DB::ReadBuffer>>&, std::shared_ptr<DB::IAST>&, std::shared_ptr<DB::ImplicitTransactionControlExecutor>) @ 0x0000000018772719
  21. DB::executeQuery(String const&, std::shared_ptr<DB::Context>, DB::QueryFlags, DB::QueryProcessingStage::Enum) @ 0x000000001876a68b
  22. DB::TCPHandler::runImpl() @ 0x0000000019e5f590
  23. DB::TCPHandler::run() @ 0x0000000019e81619
  24. Poco::Net::TCPServerConnection::start() @ 0x000000001f485887
  25. Poco::Net::TCPServerDispatcher::run() @ 0x000000001f485d19
  26. Poco::PooledThread::run() @ 0x000000001f44c387
  27. Poco::ThreadImpl::runnableEntry(void*) @ 0x000000001f44a781
  28. ? @ 0x0000000000094a83
  29. ? @ 0x0000000000125a44
[0m08:21:37.576895 [debug] [Thread-3 (]: Sending event: {'category': 'dbt', 'action': 'run_model', 'label': '01b1aa09-7ee8-4cc0-8083-87e23c47f2c7', 'context': [<snowplow_tracker.self_describing_json.SelfDescribingJson object at 0x75f8e6020170>]}
[0m08:21:37.578800 [error] [Thread-3 (]: 7 of 7 ERROR creating sql table model `raw`.`sales_daily` ...................... [[31mERROR[0m in 0.07s]
[0m08:21:37.581156 [debug] [Thread-3 (]: Finished running node model.analytics.sales_daily
[0m08:21:37.583424 [debug] [Thread-7 (]: Marking all children of 'model.analytics.sales_daily' to be skipped because of status 'error'.  Reason: Database Error in model sales_daily (models/marts/sales_daily.sql)
  Code: 47.
  DB::Exception: Unknown expression or function identifier `order_amount` in scope SELECT toDate(order_date) AS sale_date, count(*) AS orders_count, sum(order_amount) AS revenue, sum(total_items) AS items_sold FROM raw.fct_orders WHERE status = 'completed' GROUP BY sale_date ORDER BY sale_date ASC. Maybe you meant: ['orders_count']. Stack trace:
  
  0. DB::Exception::Exception(DB::Exception::MessageMasked&&, int, bool) @ 0x000000001372225f
  1. DB::Exception::Exception(String&&, int, String, bool) @ 0x000000000cb3b0ce
  2. DB::Exception::Exception(PreformattedMessage&&, int) @ 0x000000000cb3ab80
  3. DB::Exception::Exception<char const*, String&, String, String, String>(int, FormatStringHelperImpl<std::type_identity<char const*>::type, std::type_identity<String&>::type, std::type_identity<String>::type, std::type_identity<String>::type, std::type_identity<String>::type>, char const*&&, String&, String&&, String&&, String&&) @ 0x00000000178003c2
  4. DB::QueryAnalyzer::resolveExpressionNode(std::shared_ptr<DB::IQueryTreeNode>&, DB::IdentifierResolveScope&, bool, bool, bool) @ 0x00000000177cbed2
  5. DB::QueryAnalyzer::resolveExpressionNodeList(std::shared_ptr<DB::IQueryTreeNode>&, DB::IdentifierResolveScope&, bool, bool) @ 0x00000000177c91f4
  6. DB::QueryAnalyzer::resolveFunction(std::shared_ptr<DB::IQueryTreeNode>&, DB::IdentifierResolveScope&) @ 0x00000000177e4ff8
  7. DB::QueryAnalyzer::resolveExpressionNode(std::shared_ptr<DB::IQueryTreeNode>&, DB::IdentifierResolveScope&, bool, bool, bool) @ 0x00000000177c9e40
  8. DB::QueryAnalyzer::resolveExpressionNodeList(std::shared_ptr<DB::IQueryTreeNode>&, DB::IdentifierResolveScope&, bool, bool) @ 0x00000000177c91f4
  9. DB::QueryAnalyzer::resolveProjectionExpressionNodeList(std::shared_ptr<DB::IQueryTreeNode>&, DB::IdentifierResolveScope&) @ 0x0000000017801167
  10. DB::QueryAnalyzer::resolveQuery(std::shared_ptr<DB::IQueryTreeNode> const&, DB::IdentifierResolveScope&) @ 0x00000000177c00ee
  11. DB::QueryAnalyzer::resolve(std::shared_ptr<DB::IQueryTreeNode>&, std::shared_ptr<DB::IQueryTreeNode> const&, std::shared_ptr<DB::Context const>) @ 0x00000000177bda38
  12. DB::QueryAnalysisPass::run(std::shared_ptr<DB::IQueryTreeNode>&, std::shared_ptr<DB::Context const>) @ 0x00000000177bd09c
  13. DB::QueryTreePassManager::run(std::shared_ptr<DB::IQueryTreeNode>) @ 0x0000000017824976
  14. DB::buildQueryTreeAndRunPasses(std::shared_ptr<DB::IAST> const&, DB::SelectQueryOptions const&, std::shared_ptr<DB::Context const> const&, std::shared_ptr<DB::IStorage> const&) (.llvm.12241402796318543270) @ 0x000000001839b9cd
  15. DB::InterpreterSelectQueryAnalyzer::InterpreterSelectQueryAnalyzer(std::shared_ptr<DB::IAST> const&, std::shared_ptr<DB::Context const> const&, DB::SelectQueryOptions const&, std::vector<String, std::allocator<String>> const&) @ 0x000000001839991c
  16. DB::InterpreterSelectQueryAnalyzer::getSampleBlock(std::shared_ptr<DB::IAST> const&, std::shared_ptr<DB::Context const> const&, DB::SelectQueryOptions const&) @ 0x000000001839be21
  17. DB::InterpreterCreateQuery::getTablePropertiesAndNormalizeCreateQuery(DB::ASTCreateQuery&, DB::LoadingStrictnessLevel) const @ 0x00000000182bbfdf
  18. DB::InterpreterCreateQuery::createTable(DB::ASTCreateQuery&) @ 0x00000000182c5262
  19. DB::InterpreterCreateQuery::execute() @ 0x00000000182dbbb8
  20. DB::executeQueryImpl(char const*, char const*, std::shared_ptr<DB::Context>, DB::QueryFlags, DB::QueryProcessingStage::Enum, std::unique_ptr<DB::ReadBuffer, std::default_delete<DB::ReadBuffer>>&, std::shared_ptr<DB::IAST>&, std::shared_ptr<DB::ImplicitTransactionControlExecutor>) @ 0x0000000018772719
  21. DB::executeQuery(String const&, std::shared_ptr<DB::Context>, DB::QueryFlags, DB::QueryProcessingStage::Enum) @ 0x000000001876a68b
  22. DB::TCPHandler::runImpl() @ 0x0000000019e5f590
  23. DB::TCPHandler::run() @ 0x0000000019e81619
  24. Poco::Net::TCPServerConnection::start() @ 0x000000001f485887
  25. Poco::Net::TCPServerDispatcher::run() @ 0x000000001f485d19
  26. Poco::PooledThread::run() @ 0x000000001f44c387
  27. Poco::ThreadImpl::runnableEntry(void*) @ 0x000000001f44a781
  28. ? @ 0x0000000000094a83
  29. ? @ 0x0000000000125a44.
[0m08:21:37.588963 [debug] [MainThread]: Connection 'master' was properly closed.
[0m08:21:37.590409 [debug] [MainThread]: Connection 'model.analytics.fct_orders' was left open.
[0m08:21:37.591648 [debug] [MainThread]: On model.analytics.fct_orders: Close
[0m08:21:37.592773 [debug] [MainThread]: Connection 'model.analytics.sales_by_category' was left open.
[0m08:21:37.594067 [debug] [MainThread]: On model.analytics.sales_by_category: Close
[0m08:21:37.595223 [debug] [MainThread]: Connection 'model.analytics.sales_daily' was left open.
[0m08:21:37.596364 [debug] [MainThread]: On model.analytics.sales_daily: Close
[0m08:21:37.597908 [debug] [MainThread]: Connection 'model.analytics.stg_products' was left open.
[0m08:21:37.601489 [debug] [MainThread]: On model.analytics.stg_products: Close
[0m08:21:37.603819 [info ] [MainThread]: 
[0m08:21:37.605731 [info ] [MainThread]: Finished running 3 table models, 4 view models in 0 hours 0 minutes and 2.53 seconds (2.53s).
[0m08:21:37.611330 [debug] [MainThread]: Command end result
[0m08:21:37.738166 [debug] [MainThread]: Wrote artifact WritableManifest to /opt/airflow/dbt/target/manifest.json
[0m08:21:37.747215 [debug] [MainThread]: Wrote artifact SemanticManifest to /opt/airflow/dbt/target/semantic_manifest.json
[0m08:21:37.757015 [debug] [MainThread]: Wrote artifact OsiDocument to /opt/airflow/dbt/target/osi_document.json
[0m08:21:37.802135 [debug] [MainThread]: Wrote artifact RunExecutionResult to /opt/airflow/dbt/target/run_results.json
[0m08:21:37.803113 [info ] [MainThread]: 
[0m08:21:37.804512 [info ] [MainThread]: [31mCompleted with 2 errors, 0 partial successes, and 0 warnings:[0m
[0m08:21:37.806150 [info ] [MainThread]: 
[0m08:21:37.807522 [error] [MainThread]: [[31mERROR[0m]: in model sales_by_category (models/marts/sales_by_category.sql)
[0m08:21:37.808819 [error] [MainThread]:   Database Error in model sales_by_category (models/marts/sales_by_category.sql)
  Code: 62.
  DB::Exception: Syntax error: failed at position 868 (DESC3) (line 35, col 18): DESC3
            )
          
          . Expected one of: token sequence, Dot, token, OR, AND, IS NOT DISTINCT FROM, IS NULL, IS NOT NULL, BETWEEN, NOT BETWEEN, LIKE, ILIKE, NOT LIKE, NOT ILIKE, REGEXP, IN, NOT IN, GLOBAL IN, GLOBAL NOT IN, MOD, DIV, alias, AS, DESCENDING, DESC, ASCENDING, ASC, NULLS, COLLATE, WITH FILL, Comma, LIMIT, OFFSET, FETCH, SETTINGS, UNION, EXCEPT, INTERSECT. Stack trace:
  
  0. DB::Exception::Exception(DB::Exception::MessageMasked&&, int, bool) @ 0x000000001372225f
  1. DB::Exception::Exception(String const&, int, String, bool) @ 0x00000000123c968e
  2. DB::Exception::createDeprecated(String const&, int, bool) @ 0x00000000139d2cdf
  3. DB::parseQueryAndMovePosition(DB::IParser&, char const*&, char const*, String const&, bool, unsigned long, unsigned long, unsigned long) @ 0x000000001ab1e4f2
  4. DB::executeQueryImpl(char const*, char const*, std::shared_ptr<DB::Context>, DB::QueryFlags, DB::QueryProcessingStage::Enum, std::unique_ptr<DB::ReadBuffer, std::default_delete<DB::ReadBuffer>>&, std::shared_ptr<DB::IAST>&, std::shared_ptr<DB::ImplicitTransactionControlExecutor>) @ 0x000000001876b57b
  5. DB::executeQuery(String const&, std::shared_ptr<DB::Context>, DB::QueryFlags, DB::QueryProcessingStage::Enum) @ 0x000000001876a68b
  6. DB::TCPHandler::runImpl() @ 0x0000000019e5f590
  7. DB::TCPHandler::run() @ 0x0000000019e81619
  8. Poco::Net::TCPServerConnection::start() @ 0x000000001f485887
  9. Poco::Net::TCPServerDispatcher::run() @ 0x000000001f485d19
  10. Poco::PooledThread::run() @ 0x000000001f44c387
  11. Poco::ThreadImpl::runnableEntry(void*) @ 0x000000001f44a781
  12. ? @ 0x0000000000094a83
  13. ? @ 0x0000000000125a44
[0m08:21:37.810023 [info ] [MainThread]: 
[0m08:21:37.813286 [info ] [MainThread]:   compiled code at target/compiled/analytics/models/marts/sales_by_category.sql
[0m08:21:37.815108 [info ] [MainThread]: 
[0m08:21:37.817029 [error] [MainThread]: [[31mERROR[0m]: in model sales_daily (models/marts/sales_daily.sql)
[0m08:21:37.820124 [error] [MainThread]:   Database Error in model sales_daily (models/marts/sales_daily.sql)
  Code: 47.
  DB::Exception: Unknown expression or function identifier `order_amount` in scope SELECT toDate(order_date) AS sale_date, count(*) AS orders_count, sum(order_amount) AS revenue, sum(total_items) AS items_sold FROM raw.fct_orders WHERE status = 'completed' GROUP BY sale_date ORDER BY sale_date ASC. Maybe you meant: ['orders_count']. Stack trace:
  
  0. DB::Exception::Exception(DB::Exception::MessageMasked&&, int, bool) @ 0x000000001372225f
  1. DB::Exception::Exception(String&&, int, String, bool) @ 0x000000000cb3b0ce
  2. DB::Exception::Exception(PreformattedMessage&&, int) @ 0x000000000cb3ab80
  3. DB::Exception::Exception<char const*, String&, String, String, String>(int, FormatStringHelperImpl<std::type_identity<char const*>::type, std::type_identity<String&>::type, std::type_identity<String>::type, std::type_identity<String>::type, std::type_identity<String>::type>, char const*&&, String&, String&&, String&&, String&&) @ 0x00000000178003c2
  4. DB::QueryAnalyzer::resolveExpressionNode(std::shared_ptr<DB::IQueryTreeNode>&, DB::IdentifierResolveScope&, bool, bool, bool) @ 0x00000000177cbed2
  5. DB::QueryAnalyzer::resolveExpressionNodeList(std::shared_ptr<DB::IQueryTreeNode>&, DB::IdentifierResolveScope&, bool, bool) @ 0x00000000177c91f4
  6. DB::QueryAnalyzer::resolveFunction(std::shared_ptr<DB::IQueryTreeNode>&, DB::IdentifierResolveScope&) @ 0x00000000177e4ff8
  7. DB::QueryAnalyzer::resolveExpressionNode(std::shared_ptr<DB::IQueryTreeNode>&, DB::IdentifierResolveScope&, bool, bool, bool) @ 0x00000000177c9e40
  8. DB::QueryAnalyzer::resolveExpressionNodeList(std::shared_ptr<DB::IQueryTreeNode>&, DB::IdentifierResolveScope&, bool, bool) @ 0x00000000177c91f4
  9. DB::QueryAnalyzer::resolveProjectionExpressionNodeList(std::shared_ptr<DB::IQueryTreeNode>&, DB::IdentifierResolveScope&) @ 0x0000000017801167
  10. DB::QueryAnalyzer::resolveQuery(std::shared_ptr<DB::IQueryTreeNode> const&, DB::IdentifierResolveScope&) @ 0x00000000177c00ee
  11. DB::QueryAnalyzer::resolve(std::shared_ptr<DB::IQueryTreeNode>&, std::shared_ptr<DB::IQueryTreeNode> const&, std::shared_ptr<DB::Context const>) @ 0x00000000177bda38
  12. DB::QueryAnalysisPass::run(std::shared_ptr<DB::IQueryTreeNode>&, std::shared_ptr<DB::Context const>) @ 0x00000000177bd09c
  13. DB::QueryTreePassManager::run(std::shared_ptr<DB::IQueryTreeNode>) @ 0x0000000017824976
  14. DB::buildQueryTreeAndRunPasses(std::shared_ptr<DB::IAST> const&, DB::SelectQueryOptions const&, std::shared_ptr<DB::Context const> const&, std::shared_ptr<DB::IStorage> const&) (.llvm.12241402796318543270) @ 0x000000001839b9cd
  15. DB::InterpreterSelectQueryAnalyzer::InterpreterSelectQueryAnalyzer(std::shared_ptr<DB::IAST> const&, std::shared_ptr<DB::Context const> const&, DB::SelectQueryOptions const&, std::vector<String, std::allocator<String>> const&) @ 0x000000001839991c
  16. DB::InterpreterSelectQueryAnalyzer::getSampleBlock(std::shared_ptr<DB::IAST> const&, std::shared_ptr<DB::Context const> const&, DB::SelectQueryOptions const&) @ 0x000000001839be21
  17. DB::InterpreterCreateQuery::getTablePropertiesAndNormalizeCreateQuery(DB::ASTCreateQuery&, DB::LoadingStrictnessLevel) const @ 0x00000000182bbfdf
  18. DB::InterpreterCreateQuery::createTable(DB::ASTCreateQuery&) @ 0x00000000182c5262
  19. DB::InterpreterCreateQuery::execute() @ 0x00000000182dbbb8
  20. DB::executeQueryImpl(char const*, char const*, std::shared_ptr<DB::Context>, DB::QueryFlags, DB::QueryProcessingStage::Enum, std::unique_ptr<DB::ReadBuffer, std::default_delete<DB::ReadBuffer>>&, std::shared_ptr<DB::IAST>&, std::shared_ptr<DB::ImplicitTransactionControlExecutor>) @ 0x0000000018772719
  21. DB::executeQuery(String const&, std::shared_ptr<DB::Context>, DB::QueryFlags, DB::QueryProcessingStage::Enum) @ 0x000000001876a68b
  22. DB::TCPHandler::runImpl() @ 0x0000000019e5f590
  23. DB::TCPHandler::run() @ 0x0000000019e81619
  24. Poco::Net::TCPServerConnection::start() @ 0x000000001f485887
  25. Poco::Net::TCPServerDispatcher::run() @ 0x000000001f485d19
  26. Poco::PooledThread::run() @ 0x000000001f44c387
  27. Poco::ThreadImpl::runnableEntry(void*) @ 0x000000001f44a781
  28. ? @ 0x0000000000094a83
  29. ? @ 0x0000000000125a44
[0m08:21:37.822155 [info ] [MainThread]: 
[0m08:21:37.823754 [info ] [MainThread]:   compiled code at target/compiled/analytics/models/marts/sales_daily.sql
[0m08:21:37.825684 [info ] [MainThread]: 
[0m08:21:37.827019 [info ] [MainThread]: Done. PASS=5 WARN=0 ERROR=2 SKIP=0 NO-OP=0 REUSED=0 TOTAL=7
[0m08:21:37.829930 [debug] [MainThread]: Resource report: {"command_name": "run", "command_success": false, "command_wall_clock_time": 3.8712568, "process_in_blocks": "0", "process_kernel_time": 0.444665, "process_mem_max_rss": "159792", "process_out_blocks": "0", "process_user_time": 3.869792}
[0m08:21:37.833977 [debug] [MainThread]: Command `dbt run` failed at 08:21:37.833595 after 3.88 seconds
[0m08:21:37.835274 [debug] [MainThread]: Sending event: {'category': 'dbt', 'action': 'invocation', 'label': 'end', 'context': [<snowplow_tracker.self_describing_json.SelfDescribingJson object at 0x75f8e6ea11f0>, <snowplow_tracker.self_describing_json.SelfDescribingJson object at 0x75f8e72234d0>, <snowplow_tracker.self_describing_json.SelfDescribingJson object at 0x75f8e71eeed0>]}
[0m08:21:37.836287 [debug] [MainThread]: Flushing usage events
[0m08:21:38.785082 [debug] [MainThread]: An error was encountered while trying to flush usage events
[0m10:41:19.481574 [debug] [MainThread]: Sending event: {'category': 'dbt', 'action': 'invocation', 'label': 'start', 'context': [<snowplow_tracker.self_describing_json.SelfDescribingJson object at 0x78d204105640>, <snowplow_tracker.self_describing_json.SelfDescribingJson object at 0x78d2038aca10>, <snowplow_tracker.self_describing_json.SelfDescribingJson object at 0x78d20436a780>]}


============================== 10:41:19.492600 | 953adb2b-dad8-448b-b2cd-33a08637e8a4 ==============================
[0m10:41:19.492600 [info ] [MainThread]: Running with dbt=1.12.2
[0m10:41:19.493809 [debug] [MainThread]: running dbt with arguments {'profiles_dir': '/opt/airflow/dbt', 'send_anonymous_usage_stats': 'True', 'invocation_command': 'dbt run --select sales_by_category sales_daily --project-dir /opt/airflow/dbt --profiles-dir /opt/airflow/dbt', 'indirect_selection': 'eager', 'hints_enabled': 'True', 'maximum_seed_size_mib': '1', 'fail_fast': 'False', 'version_check': 'True', 'log_cache_events': 'False', 'log_format': 'default', 'use_colors': 'True', 'write_json': 'True', 'static_parser': 'True', 'cache_selected_only': 'False', 'target_path': 'None', 'quiet': 'False', 'partial_parse': 'True', 'empty': 'False', 'warn_error': 'None', 'no_print': 'None', 'introspect': 'True', 'use_experimental_parser': 'False', 'printer_width': '80', 'log_path': '/opt/airflow/dbt/logs', 'debug': 'False', 'warn_error_options': 'WarnErrorOptionsV2(error=[], warn=[], silence=[])'}
[0m10:41:19.866037 [debug] [MainThread]: Sending event: {'category': 'dbt', 'action': 'project_id', 'label': '953adb2b-dad8-448b-b2cd-33a08637e8a4', 'context': [<snowplow_tracker.self_describing_json.SelfDescribingJson object at 0x78d202fdc1a0>]}
[0m10:41:19.972701 [debug] [MainThread]: Sending event: {'category': 'dbt', 'action': 'adapter_info', 'label': '953adb2b-dad8-448b-b2cd-33a08637e8a4', 'context': [<snowplow_tracker.self_describing_json.SelfDescribingJson object at 0x78d203878e00>]}
[0m10:41:19.975022 [info ] [MainThread]: Registered adapter: clickhouse=1.9.3
[0m10:41:20.234512 [debug] [MainThread]: checksum: adba77356f91f81a11ee2fa729542f151b163d2280a76ec0a147e0b39f20e5da, vars: {}, profile: analytics, target: dev, version: 1.12.2
[0m10:41:20.562865 [debug] [MainThread]: Partial parsing enabled: 0 files deleted, 0 files added, 3 files changed.
[0m10:41:20.564088 [debug] [MainThread]: Partial parsing: updated file: analytics://models/marts/fct_orders.sql
[0m10:41:20.565132 [debug] [MainThread]: Partial parsing: updated file: analytics://models/marts/sales_daily.sql
[0m10:41:20.565831 [debug] [MainThread]: Partial parsing: updated file: analytics://models/marts/sales_by_category.sql
[0m10:41:21.037561 [debug] [MainThread]: Sending event: {'category': 'dbt', 'action': 'load_project', 'label': '953adb2b-dad8-448b-b2cd-33a08637e8a4', 'context': [<snowplow_tracker.self_describing_json.SelfDescribingJson object at 0x78d2029cbda0>]}
[0m10:41:21.313643 [debug] [MainThread]: Wrote artifact WritableManifest to /opt/airflow/dbt/target/manifest.json
[0m10:41:21.327570 [debug] [MainThread]: Wrote artifact SemanticManifest to /opt/airflow/dbt/target/semantic_manifest.json
[0m10:41:21.361960 [debug] [MainThread]: Wrote artifact OsiDocument to /opt/airflow/dbt/target/osi_document.json
[0m10:41:21.393906 [debug] [MainThread]: Sending event: {'category': 'dbt', 'action': 'resource_counts', 'label': '953adb2b-dad8-448b-b2cd-33a08637e8a4', 'context': [<snowplow_tracker.self_describing_json.SelfDescribingJson object at 0x78d202fdc380>]}
[0m10:41:21.395250 [info ] [MainThread]: Found 7 models, 521 macros
[0m10:41:21.396488 [debug] [MainThread]: Sending event: {'category': 'dbt', 'action': 'runnable_timing', 'label': '953adb2b-dad8-448b-b2cd-33a08637e8a4', 'context': [<snowplow_tracker.self_describing_json.SelfDescribingJson object at 0x78d203cb96a0>]}
[0m10:41:21.400423 [info ] [MainThread]: 
[0m10:41:21.401723 [info ] [MainThread]: Concurrency: 4 threads (target='dev')
[0m10:41:21.403535 [info ] [MainThread]: 
[0m10:41:21.405823 [debug] [MainThread]: Acquiring new clickhouse connection 'master'
[0m10:41:21.420580 [debug] [ThreadPool]: Acquiring new clickhouse connection 'list_'
[0m10:41:21.434646 [debug] [ThreadPool]: Opening a new connection, currently in state init
[0m10:41:21.743484 [debug] [ThreadPool]: dbt_clickhouse adapter: On list_: /* {"app": "dbt", "dbt_version": "1.12.2", "profile_name": "analytics", "target_name": "dev", "connection_name": "list_"} */

    select name from system.databases
  ...
[0m10:41:21.749283 [debug] [ThreadPool]: dbt_clickhouse adapter: SQL status: OK in 0.00 seconds
[0m10:41:21.819878 [debug] [ThreadPool]: Re-using an available connection from the pool (formerly list_, now list__raw)
[0m10:41:21.827087 [debug] [ThreadPool]: dbt_clickhouse adapter: On list__raw: /* {"app": "dbt", "dbt_version": "1.12.2", "profile_name": "analytics", "target_name": "dev", "connection_name": "list__raw"} */
select
      t.name as name,
      t.database as schema,
      multiIf(
        engine in ('MaterializedView', 'View'), 'view',
        engine = 'Dictionary', 'dictionary',
        'table'
      ) as type,
      db.engine as db_engine,0 as is_on_cluster
          from system.tables as t join system.databases as db on t.database = db.name
        where schema = 'raw'
      

  ...
[0m10:41:21.840938 [debug] [ThreadPool]: dbt_clickhouse adapter: SQL status: OK in 0.01 seconds
[0m10:41:21.845909 [debug] [MainThread]: Sending event: {'category': 'dbt', 'action': 'runnable_timing', 'label': '953adb2b-dad8-448b-b2cd-33a08637e8a4', 'context': [<snowplow_tracker.self_describing_json.SelfDescribingJson object at 0x78d202ba9fa0>]}
[0m10:41:21.853873 [debug] [Thread-1 (]: Began running node model.analytics.sales_by_category
[0m10:41:21.854957 [debug] [Thread-2 (]: Began running node model.analytics.sales_daily
[0m10:41:21.856005 [info ] [Thread-1 (]: 1 of 2 START sql table model `raw`.`sales_by_category` ......................... [RUN]
[0m10:41:21.857660 [info ] [Thread-2 (]: 2 of 2 START sql table model `raw`.`sales_daily` ............................... [RUN]
[0m10:41:21.858992 [debug] [Thread-1 (]: Re-using an available connection from the pool (formerly list__raw, now model.analytics.sales_by_category)
[0m10:41:21.860539 [debug] [Thread-2 (]: Acquiring new clickhouse connection 'model.analytics.sales_daily'
[0m10:41:21.861727 [debug] [Thread-1 (]: Began compiling node model.analytics.sales_by_category
[0m10:41:21.862939 [debug] [Thread-2 (]: Began compiling node model.analytics.sales_daily
[0m10:41:21.877441 [debug] [Thread-2 (]: Writing injected SQL for node "model.analytics.sales_daily"
[0m10:41:21.880475 [debug] [Thread-1 (]: Writing injected SQL for node "model.analytics.sales_by_category"
[0m10:41:21.888018 [debug] [Thread-2 (]: Began executing node model.analytics.sales_daily
[0m10:41:21.895307 [debug] [Thread-1 (]: Began executing node model.analytics.sales_by_category
[0m10:41:21.934110 [debug] [Thread-2 (]: Creating new relation sales_daily
[0m10:41:22.034414 [debug] [Thread-1 (]: dbt_clickhouse adapter: On model.analytics.sales_by_category: /* {"app": "dbt", "dbt_version": "1.12.2", "profile_name": "analytics", "target_name": "dev", "node_id": "model.analytics.sales_by_category"} */

            

    
        create table `raw`.`sales_by_category__dbt_backup`
        
  
        
  engine = MergeTree()
        
      order by (tuple())
        
        
        
        
                    -- end_of_sql
                    SETTINGS replicated_deduplication_window='0'

                    
            empty
          as (
            SELECT
    p.category,
    SUM(oi.total_amount) AS revenue,
    SUM(oi.quantity) AS items_sold,
    COUNT(DISTINCT o.order_id) AS orders_count
FROM `raw`.`stg_order_items` oi
JOIN `raw`.`stg_orders` o
    ON oi.order_id = o.order_id
JOIN `raw`.`stg_products` p
    ON oi.product_id = p.product_id
WHERE o.status = 'completed'
GROUP BY p.category
ORDER BY revenue DESC
          )
        
        ...
[0m10:41:22.035271 [debug] [Thread-2 (]: Opening a new connection, currently in state init
[0m10:41:22.051506 [debug] [Thread-1 (]: dbt_clickhouse adapter: SQL status: OK in 0.02 seconds
[0m10:41:22.085365 [debug] [Thread-1 (]: dbt_clickhouse adapter: On model.analytics.sales_by_category: /* {"app": "dbt", "dbt_version": "1.12.2", "profile_name": "analytics", "target_name": "dev", "node_id": "model.analytics.sales_by_category"} */

    select name, type from system.columns where table = 'sales_by_category__dbt_backup'
    
      and database = 'raw'
    
    order by position
  ...
[0m10:41:22.097743 [debug] [Thread-1 (]: dbt_clickhouse adapter: SQL status: OK in 0.01 seconds
[0m10:41:22.107012 [debug] [Thread-1 (]: Writing runtime sql for node "model.analytics.sales_by_category"
[0m10:41:22.126955 [debug] [Thread-2 (]: dbt_clickhouse adapter: On model.analytics.sales_daily: /* {"app": "dbt", "dbt_version": "1.12.2", "profile_name": "analytics", "target_name": "dev", "node_id": "model.analytics.sales_daily"} */

            

    
        create table `raw`.`sales_daily`
        
  
        
  engine = MergeTree()
        
      order by (tuple())
        
        
        
        
                    -- end_of_sql
                    SETTINGS replicated_deduplication_window='0'

                    
            empty
          as (
            SELECT
    toDate(order_date) AS sale_date,
    COUNT(*) AS orders_count,
    SUM(order_amount) AS revenue,
    SUM(total_items) AS items_sold
FROM `raw`.`fct_orders`
WHERE status = 'completed'
GROUP BY toDate(order_date)
ORDER BY sale_date
          )
        
        ...
[0m10:41:22.130535 [debug] [Thread-1 (]: dbt_clickhouse adapter: On model.analytics.sales_by_category: /* {"app": "dbt", "dbt_version": "1.12.2", "profile_name": "analytics", "target_name": "dev", "node_id": "model.analytics.sales_by_category"} */

  
    
    
    
        
         


        insert into `raw`.`sales_by_category__dbt_backup`
        ("category", "revenue", "items_sold", "orders_count")SELECT
    p.category,
    SUM(oi.total_amount) AS revenue,
    SUM(oi.quantity) AS items_sold,
    COUNT(DISTINCT o.order_id) AS orders_count
FROM `raw`.`stg_order_items` oi
JOIN `raw`.`stg_orders` o
    ON oi.order_id = o.order_id
JOIN `raw`.`stg_products` p
    ON oi.product_id = p.product_id
WHERE o.status = 'completed'
GROUP BY p.category
ORDER BY revenue DESC
  ...
[0m10:41:22.135808 [debug] [Thread-2 (]: dbt_clickhouse adapter: Error running SQL: /* {"app": "dbt", "dbt_version": "1.12.2", "profile_name": "analytics", "target_name": "dev", "node_id": "model.analytics.sales_daily"} */

            

    
        create table `raw`.`sales_daily`
        
  
        
  engine = MergeTree()
        
      order by (tuple())
        
        
        
        
                    -- end_of_sql
                    SETTINGS replicated_deduplication_window='0'

                    
            empty
          as (
            SELECT
    toDate(order_date) AS sale_date,
    COUNT(*) AS orders_count,
    SUM(order_amount) AS revenue,
    SUM(total_items) AS items_sold
FROM `raw`.`fct_orders`
WHERE status = 'completed'
GROUP BY toDate(order_date)
ORDER BY sale_date
          )
        
        
[0m10:41:22.149368 [debug] [Thread-2 (]: Database Error in model sales_daily (models/marts/sales_daily.sql)
  Code: 47.
  DB::Exception: Unknown expression or function identifier `order_amount` in scope SELECT toDate(order_date) AS sale_date, count(*) AS orders_count, sum(order_amount) AS revenue, sum(total_items) AS items_sold FROM raw.fct_orders WHERE status = 'completed' GROUP BY toDate(order_date) ORDER BY sale_date ASC. Maybe you meant: ['orders_count']. Stack trace:
  
  0. DB::Exception::Exception(DB::Exception::MessageMasked&&, int, bool) @ 0x000000001372225f
  1. DB::Exception::Exception(String&&, int, String, bool) @ 0x000000000cb3b0ce
  2. DB::Exception::Exception(PreformattedMessage&&, int) @ 0x000000000cb3ab80
  3. DB::Exception::Exception<char const*, String&, String, String, String>(int, FormatStringHelperImpl<std::type_identity<char const*>::type, std::type_identity<String&>::type, std::type_identity<String>::type, std::type_identity<String>::type, std::type_identity<String>::type>, char const*&&, String&, String&&, String&&, String&&) @ 0x00000000178003c2
  4. DB::QueryAnalyzer::resolveExpressionNode(std::shared_ptr<DB::IQueryTreeNode>&, DB::IdentifierResolveScope&, bool, bool, bool) @ 0x00000000177cbed2
  5. DB::QueryAnalyzer::resolveExpressionNodeList(std::shared_ptr<DB::IQueryTreeNode>&, DB::IdentifierResolveScope&, bool, bool) @ 0x00000000177c91f4
  6. DB::QueryAnalyzer::resolveFunction(std::shared_ptr<DB::IQueryTreeNode>&, DB::IdentifierResolveScope&) @ 0x00000000177e4ff8
  7. DB::QueryAnalyzer::resolveExpressionNode(std::shared_ptr<DB::IQueryTreeNode>&, DB::IdentifierResolveScope&, bool, bool, bool) @ 0x00000000177c9e40
  8. DB::QueryAnalyzer::resolveExpressionNodeList(std::shared_ptr<DB::IQueryTreeNode>&, DB::IdentifierResolveScope&, bool, bool) @ 0x00000000177c91f4
  9. DB::QueryAnalyzer::resolveProjectionExpressionNodeList(std::shared_ptr<DB::IQueryTreeNode>&, DB::IdentifierResolveScope&) @ 0x0000000017801167
  10. DB::QueryAnalyzer::resolveQuery(std::shared_ptr<DB::IQueryTreeNode> const&, DB::IdentifierResolveScope&) @ 0x00000000177c00ee
  11. DB::QueryAnalyzer::resolve(std::shared_ptr<DB::IQueryTreeNode>&, std::shared_ptr<DB::IQueryTreeNode> const&, std::shared_ptr<DB::Context const>) @ 0x00000000177bda38
  12. DB::QueryAnalysisPass::run(std::shared_ptr<DB::IQueryTreeNode>&, std::shared_ptr<DB::Context const>) @ 0x00000000177bd09c
  13. DB::QueryTreePassManager::run(std::shared_ptr<DB::IQueryTreeNode>) @ 0x0000000017824976
  14. DB::buildQueryTreeAndRunPasses(std::shared_ptr<DB::IAST> const&, DB::SelectQueryOptions const&, std::shared_ptr<DB::Context const> const&, std::shared_ptr<DB::IStorage> const&) (.llvm.12241402796318543270) @ 0x000000001839b9cd
  15. DB::InterpreterSelectQueryAnalyzer::InterpreterSelectQueryAnalyzer(std::shared_ptr<DB::IAST> const&, std::shared_ptr<DB::Context const> const&, DB::SelectQueryOptions const&, std::vector<String, std::allocator<String>> const&) @ 0x000000001839991c
  16. DB::InterpreterSelectQueryAnalyzer::getSampleBlock(std::shared_ptr<DB::IAST> const&, std::shared_ptr<DB::Context const> const&, DB::SelectQueryOptions const&) @ 0x000000001839be21
  17. DB::InterpreterCreateQuery::getTablePropertiesAndNormalizeCreateQuery(DB::ASTCreateQuery&, DB::LoadingStrictnessLevel) const @ 0x00000000182bbfdf
  18. DB::InterpreterCreateQuery::createTable(DB::ASTCreateQuery&) @ 0x00000000182c5262
  19. DB::InterpreterCreateQuery::execute() @ 0x00000000182dbbb8
  20. DB::executeQueryImpl(char const*, char const*, std::shared_ptr<DB::Context>, DB::QueryFlags, DB::QueryProcessingStage::Enum, std::unique_ptr<DB::ReadBuffer, std::default_delete<DB::ReadBuffer>>&, std::shared_ptr<DB::IAST>&, std::shared_ptr<DB::ImplicitTransactionControlExecutor>) @ 0x0000000018772719
  21. DB::executeQuery(String const&, std::shared_ptr<DB::Context>, DB::QueryFlags, DB::QueryProcessingStage::Enum) @ 0x000000001876a68b
  22. DB::TCPHandler::runImpl() @ 0x0000000019e5f590
  23. DB::TCPHandler::run() @ 0x0000000019e81619
  24. Poco::Net::TCPServerConnection::start() @ 0x000000001f485887
  25. Poco::Net::TCPServerDispatcher::run() @ 0x000000001f485d19
  26. Poco::PooledThread::run() @ 0x000000001f44c387
  27. Poco::ThreadImpl::runnableEntry(void*) @ 0x000000001f44a781
  28. ? @ 0x0000000000094a83
  29. ? @ 0x0000000000125a44
[0m10:41:22.152881 [debug] [Thread-2 (]: Sending event: {'category': 'dbt', 'action': 'run_model', 'label': '953adb2b-dad8-448b-b2cd-33a08637e8a4', 'context': [<snowplow_tracker.self_describing_json.SelfDescribingJson object at 0x78d202ec5010>]}
[0m10:41:22.154380 [error] [Thread-2 (]: 2 of 2 ERROR creating sql table model `raw`.`sales_daily` ...................... [[31mERROR[0m in 0.29s]
[0m10:41:22.156512 [debug] [Thread-2 (]: Finished running node model.analytics.sales_daily
[0m10:41:22.159212 [debug] [Thread-7 (]: Marking all children of 'model.analytics.sales_daily' to be skipped because of status 'error'.  Reason: Database Error in model sales_daily (models/marts/sales_daily.sql)
  Code: 47.
  DB::Exception: Unknown expression or function identifier `order_amount` in scope SELECT toDate(order_date) AS sale_date, count(*) AS orders_count, sum(order_amount) AS revenue, sum(total_items) AS items_sold FROM raw.fct_orders WHERE status = 'completed' GROUP BY toDate(order_date) ORDER BY sale_date ASC. Maybe you meant: ['orders_count']. Stack trace:
  
  0. DB::Exception::Exception(DB::Exception::MessageMasked&&, int, bool) @ 0x000000001372225f
  1. DB::Exception::Exception(String&&, int, String, bool) @ 0x000000000cb3b0ce
  2. DB::Exception::Exception(PreformattedMessage&&, int) @ 0x000000000cb3ab80
  3. DB::Exception::Exception<char const*, String&, String, String, String>(int, FormatStringHelperImpl<std::type_identity<char const*>::type, std::type_identity<String&>::type, std::type_identity<String>::type, std::type_identity<String>::type, std::type_identity<String>::type>, char const*&&, String&, String&&, String&&, String&&) @ 0x00000000178003c2
  4. DB::QueryAnalyzer::resolveExpressionNode(std::shared_ptr<DB::IQueryTreeNode>&, DB::IdentifierResolveScope&, bool, bool, bool) @ 0x00000000177cbed2
  5. DB::QueryAnalyzer::resolveExpressionNodeList(std::shared_ptr<DB::IQueryTreeNode>&, DB::IdentifierResolveScope&, bool, bool) @ 0x00000000177c91f4
  6. DB::QueryAnalyzer::resolveFunction(std::shared_ptr<DB::IQueryTreeNode>&, DB::IdentifierResolveScope&) @ 0x00000000177e4ff8
  7. DB::QueryAnalyzer::resolveExpressionNode(std::shared_ptr<DB::IQueryTreeNode>&, DB::IdentifierResolveScope&, bool, bool, bool) @ 0x00000000177c9e40
  8. DB::QueryAnalyzer::resolveExpressionNodeList(std::shared_ptr<DB::IQueryTreeNode>&, DB::IdentifierResolveScope&, bool, bool) @ 0x00000000177c91f4
  9. DB::QueryAnalyzer::resolveProjectionExpressionNodeList(std::shared_ptr<DB::IQueryTreeNode>&, DB::IdentifierResolveScope&) @ 0x0000000017801167
  10. DB::QueryAnalyzer::resolveQuery(std::shared_ptr<DB::IQueryTreeNode> const&, DB::IdentifierResolveScope&) @ 0x00000000177c00ee
  11. DB::QueryAnalyzer::resolve(std::shared_ptr<DB::IQueryTreeNode>&, std::shared_ptr<DB::IQueryTreeNode> const&, std::shared_ptr<DB::Context const>) @ 0x00000000177bda38
  12. DB::QueryAnalysisPass::run(std::shared_ptr<DB::IQueryTreeNode>&, std::shared_ptr<DB::Context const>) @ 0x00000000177bd09c
  13. DB::QueryTreePassManager::run(std::shared_ptr<DB::IQueryTreeNode>) @ 0x0000000017824976
  14. DB::buildQueryTreeAndRunPasses(std::shared_ptr<DB::IAST> const&, DB::SelectQueryOptions const&, std::shared_ptr<DB::Context const> const&, std::shared_ptr<DB::IStorage> const&) (.llvm.12241402796318543270) @ 0x000000001839b9cd
  15. DB::InterpreterSelectQueryAnalyzer::InterpreterSelectQueryAnalyzer(std::shared_ptr<DB::IAST> const&, std::shared_ptr<DB::Context const> const&, DB::SelectQueryOptions const&, std::vector<String, std::allocator<String>> const&) @ 0x000000001839991c
  16. DB::InterpreterSelectQueryAnalyzer::getSampleBlock(std::shared_ptr<DB::IAST> const&, std::shared_ptr<DB::Context const> const&, DB::SelectQueryOptions const&) @ 0x000000001839be21
  17. DB::InterpreterCreateQuery::getTablePropertiesAndNormalizeCreateQuery(DB::ASTCreateQuery&, DB::LoadingStrictnessLevel) const @ 0x00000000182bbfdf
  18. DB::InterpreterCreateQuery::createTable(DB::ASTCreateQuery&) @ 0x00000000182c5262
  19. DB::InterpreterCreateQuery::execute() @ 0x00000000182dbbb8
  20. DB::executeQueryImpl(char const*, char const*, std::shared_ptr<DB::Context>, DB::QueryFlags, DB::QueryProcessingStage::Enum, std::unique_ptr<DB::ReadBuffer, std::default_delete<DB::ReadBuffer>>&, std::shared_ptr<DB::IAST>&, std::shared_ptr<DB::ImplicitTransactionControlExecutor>) @ 0x0000000018772719
  21. DB::executeQuery(String const&, std::shared_ptr<DB::Context>, DB::QueryFlags, DB::QueryProcessingStage::Enum) @ 0x000000001876a68b
  22. DB::TCPHandler::runImpl() @ 0x0000000019e5f590
  23. DB::TCPHandler::run() @ 0x0000000019e81619
  24. Poco::Net::TCPServerConnection::start() @ 0x000000001f485887
  25. Poco::Net::TCPServerDispatcher::run() @ 0x000000001f485d19
  26. Poco::PooledThread::run() @ 0x000000001f44c387
  27. Poco::ThreadImpl::runnableEntry(void*) @ 0x000000001f44a781
  28. ? @ 0x0000000000094a83
  29. ? @ 0x0000000000125a44.
[0m10:41:23.311466 [debug] [Thread-1 (]: dbt_clickhouse adapter: SQL status: OK in 1.18 seconds
[0m10:41:23.323743 [debug] [Thread-1 (]: dbt_clickhouse adapter: On model.analytics.sales_by_category: /* {"app": "dbt", "dbt_version": "1.12.2", "profile_name": "analytics", "target_name": "dev", "node_id": "model.analytics.sales_by_category"} */
EXCHANGE TABLES `raw`.`sales_by_category__dbt_backup` AND `raw`.`sales_by_category` 
  
  ...
[0m10:41:23.333480 [debug] [Thread-1 (]: dbt_clickhouse adapter: SQL status: OK in 0.01 seconds
[0m10:41:23.421149 [debug] [Thread-1 (]: dbt_clickhouse adapter: On model.analytics.sales_by_category: /* {"app": "dbt", "dbt_version": "1.12.2", "profile_name": "analytics", "target_name": "dev", "node_id": "model.analytics.sales_by_category"} */
drop table if exists `raw`.`sales_by_category__dbt_backup` 
  ...
[0m10:41:23.425559 [debug] [Thread-1 (]: dbt_clickhouse adapter: SQL status: OK in 0.00 seconds
[0m10:41:23.431752 [debug] [Thread-1 (]: Sending event: {'category': 'dbt', 'action': 'run_model', 'label': '953adb2b-dad8-448b-b2cd-33a08637e8a4', 'context': [<snowplow_tracker.self_describing_json.SelfDescribingJson object at 0x78d205ef4da0>]}
[0m10:41:23.437758 [info ] [Thread-1 (]: 1 of 2 OK created sql table model `raw`.`sales_by_category` .................... [[32mOK[0m in 1.57s]
[0m10:41:23.443440 [debug] [Thread-1 (]: Finished running node model.analytics.sales_by_category
[0m10:41:23.451590 [debug] [MainThread]: Connection 'master' was properly closed.
[0m10:41:23.453274 [debug] [MainThread]: Connection 'model.analytics.sales_by_category' was left open.
[0m10:41:23.457689 [debug] [MainThread]: On model.analytics.sales_by_category: Close
[0m10:41:23.458871 [debug] [MainThread]: Connection 'model.analytics.sales_daily' was left open.
[0m10:41:23.459989 [debug] [MainThread]: On model.analytics.sales_daily: Close
[0m10:41:23.462875 [info ] [MainThread]: 
[0m10:41:23.464387 [info ] [MainThread]: Finished running 2 table models in 0 hours 0 minutes and 2.06 seconds (2.06s).
[0m10:41:23.467128 [debug] [MainThread]: Command end result
[0m10:41:23.656203 [debug] [MainThread]: Wrote artifact WritableManifest to /opt/airflow/dbt/target/manifest.json
[0m10:41:23.672101 [debug] [MainThread]: Wrote artifact SemanticManifest to /opt/airflow/dbt/target/semantic_manifest.json
[0m10:41:23.689733 [debug] [MainThread]: Wrote artifact OsiDocument to /opt/airflow/dbt/target/osi_document.json
[0m10:41:23.719450 [debug] [MainThread]: Wrote artifact RunExecutionResult to /opt/airflow/dbt/target/run_results.json
[0m10:41:23.720530 [info ] [MainThread]: 
[0m10:41:23.721751 [info ] [MainThread]: [31mCompleted with 1 error, 0 partial successes, and 0 warnings:[0m
[0m10:41:23.723297 [info ] [MainThread]: 
[0m10:41:23.725760 [error] [MainThread]: [[31mERROR[0m]: in model sales_daily (models/marts/sales_daily.sql)
[0m10:41:23.727922 [error] [MainThread]:   Database Error in model sales_daily (models/marts/sales_daily.sql)
  Code: 47.
  DB::Exception: Unknown expression or function identifier `order_amount` in scope SELECT toDate(order_date) AS sale_date, count(*) AS orders_count, sum(order_amount) AS revenue, sum(total_items) AS items_sold FROM raw.fct_orders WHERE status = 'completed' GROUP BY toDate(order_date) ORDER BY sale_date ASC. Maybe you meant: ['orders_count']. Stack trace:
  
  0. DB::Exception::Exception(DB::Exception::MessageMasked&&, int, bool) @ 0x000000001372225f
  1. DB::Exception::Exception(String&&, int, String, bool) @ 0x000000000cb3b0ce
  2. DB::Exception::Exception(PreformattedMessage&&, int) @ 0x000000000cb3ab80
  3. DB::Exception::Exception<char const*, String&, String, String, String>(int, FormatStringHelperImpl<std::type_identity<char const*>::type, std::type_identity<String&>::type, std::type_identity<String>::type, std::type_identity<String>::type, std::type_identity<String>::type>, char const*&&, String&, String&&, String&&, String&&) @ 0x00000000178003c2
  4. DB::QueryAnalyzer::resolveExpressionNode(std::shared_ptr<DB::IQueryTreeNode>&, DB::IdentifierResolveScope&, bool, bool, bool) @ 0x00000000177cbed2
  5. DB::QueryAnalyzer::resolveExpressionNodeList(std::shared_ptr<DB::IQueryTreeNode>&, DB::IdentifierResolveScope&, bool, bool) @ 0x00000000177c91f4
  6. DB::QueryAnalyzer::resolveFunction(std::shared_ptr<DB::IQueryTreeNode>&, DB::IdentifierResolveScope&) @ 0x00000000177e4ff8
  7. DB::QueryAnalyzer::resolveExpressionNode(std::shared_ptr<DB::IQueryTreeNode>&, DB::IdentifierResolveScope&, bool, bool, bool) @ 0x00000000177c9e40
  8. DB::QueryAnalyzer::resolveExpressionNodeList(std::shared_ptr<DB::IQueryTreeNode>&, DB::IdentifierResolveScope&, bool, bool) @ 0x00000000177c91f4
  9. DB::QueryAnalyzer::resolveProjectionExpressionNodeList(std::shared_ptr<DB::IQueryTreeNode>&, DB::IdentifierResolveScope&) @ 0x0000000017801167
  10. DB::QueryAnalyzer::resolveQuery(std::shared_ptr<DB::IQueryTreeNode> const&, DB::IdentifierResolveScope&) @ 0x00000000177c00ee
  11. DB::QueryAnalyzer::resolve(std::shared_ptr<DB::IQueryTreeNode>&, std::shared_ptr<DB::IQueryTreeNode> const&, std::shared_ptr<DB::Context const>) @ 0x00000000177bda38
  12. DB::QueryAnalysisPass::run(std::shared_ptr<DB::IQueryTreeNode>&, std::shared_ptr<DB::Context const>) @ 0x00000000177bd09c
  13. DB::QueryTreePassManager::run(std::shared_ptr<DB::IQueryTreeNode>) @ 0x0000000017824976
  14. DB::buildQueryTreeAndRunPasses(std::shared_ptr<DB::IAST> const&, DB::SelectQueryOptions const&, std::shared_ptr<DB::Context const> const&, std::shared_ptr<DB::IStorage> const&) (.llvm.12241402796318543270) @ 0x000000001839b9cd
  15. DB::InterpreterSelectQueryAnalyzer::InterpreterSelectQueryAnalyzer(std::shared_ptr<DB::IAST> const&, std::shared_ptr<DB::Context const> const&, DB::SelectQueryOptions const&, std::vector<String, std::allocator<String>> const&) @ 0x000000001839991c
  16. DB::InterpreterSelectQueryAnalyzer::getSampleBlock(std::shared_ptr<DB::IAST> const&, std::shared_ptr<DB::Context const> const&, DB::SelectQueryOptions const&) @ 0x000000001839be21
  17. DB::InterpreterCreateQuery::getTablePropertiesAndNormalizeCreateQuery(DB::ASTCreateQuery&, DB::LoadingStrictnessLevel) const @ 0x00000000182bbfdf
  18. DB::InterpreterCreateQuery::createTable(DB::ASTCreateQuery&) @ 0x00000000182c5262
  19. DB::InterpreterCreateQuery::execute() @ 0x00000000182dbbb8
  20. DB::executeQueryImpl(char const*, char const*, std::shared_ptr<DB::Context>, DB::QueryFlags, DB::QueryProcessingStage::Enum, std::unique_ptr<DB::ReadBuffer, std::default_delete<DB::ReadBuffer>>&, std::shared_ptr<DB::IAST>&, std::shared_ptr<DB::ImplicitTransactionControlExecutor>) @ 0x0000000018772719
  21. DB::executeQuery(String const&, std::shared_ptr<DB::Context>, DB::QueryFlags, DB::QueryProcessingStage::Enum) @ 0x000000001876a68b
  22. DB::TCPHandler::runImpl() @ 0x0000000019e5f590
  23. DB::TCPHandler::run() @ 0x0000000019e81619
  24. Poco::Net::TCPServerConnection::start() @ 0x000000001f485887
  25. Poco::Net::TCPServerDispatcher::run() @ 0x000000001f485d19
  26. Poco::PooledThread::run() @ 0x000000001f44c387
  27. Poco::ThreadImpl::runnableEntry(void*) @ 0x000000001f44a781
  28. ? @ 0x0000000000094a83
  29. ? @ 0x0000000000125a44
[0m10:41:23.730621 [info ] [MainThread]: 
[0m10:41:23.736071 [info ] [MainThread]:   compiled code at target/compiled/analytics/models/marts/sales_daily.sql
[0m10:41:23.738810 [info ] [MainThread]: 
[0m10:41:23.748741 [info ] [MainThread]: Done. PASS=1 WARN=0 ERROR=1 SKIP=0 NO-OP=0 REUSED=0 TOTAL=2
[0m10:41:23.756882 [debug] [MainThread]: Resource report: {"command_name": "run", "command_success": false, "command_wall_clock_time": 4.4033494, "process_in_blocks": "0", "process_kernel_time": 0.90525, "process_mem_max_rss": "159508", "process_out_blocks": "0", "process_user_time": 5.055292}
[0m10:41:23.758387 [debug] [MainThread]: Command `dbt run` failed at 10:41:23.758053 after 4.40 seconds
[0m10:41:23.759783 [debug] [MainThread]: Sending event: {'category': 'dbt', 'action': 'invocation', 'label': 'end', 'context': [<snowplow_tracker.self_describing_json.SelfDescribingJson object at 0x78d2044dbc50>, <snowplow_tracker.self_describing_json.SelfDescribingJson object at 0x78d204394a70>, <snowplow_tracker.self_describing_json.SelfDescribingJson object at 0x78d205bac770>]}
[0m10:41:23.761185 [debug] [MainThread]: Flushing usage events
[0m10:41:24.514007 [debug] [MainThread]: An error was encountered while trying to flush usage events
[0m10:52:06.327084 [debug] [MainThread]: Sending event: {'category': 'dbt', 'action': 'invocation', 'label': 'start', 'context': [<snowplow_tracker.self_describing_json.SelfDescribingJson object at 0x7863a234a330>, <snowplow_tracker.self_describing_json.SelfDescribingJson object at 0x7863a3632570>, <snowplow_tracker.self_describing_json.SelfDescribingJson object at 0x7863a234b500>]}


============================== 10:52:06.336156 | af59cfc7-2806-4af9-bf8d-7d99f05e2c9b ==============================
[0m10:52:06.336156 [info ] [MainThread]: Running with dbt=1.12.2
[0m10:52:06.337157 [debug] [MainThread]: running dbt with arguments {'cache_selected_only': 'False', 'hints_enabled': 'True', 'log_path': '/opt/airflow/dbt/logs', 'warn_error_options': 'WarnErrorOptionsV2(error=[], warn=[], silence=[])', 'introspect': 'True', 'static_parser': 'True', 'invocation_command': 'dbt run --select sales_by_category sales_daily --project-dir /opt/airflow/dbt --profiles-dir /opt/airflow/dbt', 'quiet': 'False', 'profiles_dir': '/opt/airflow/dbt', 'log_format': 'default', 'printer_width': '80', 'fail_fast': 'False', 'debug': 'False', 'warn_error': 'None', 'write_json': 'True', 'send_anonymous_usage_stats': 'True', 'maximum_seed_size_mib': '1', 'partial_parse': 'True', 'no_print': 'None', 'use_experimental_parser': 'False', 'version_check': 'True', 'use_colors': 'True', 'indirect_selection': 'eager', 'target_path': 'None', 'log_cache_events': 'False', 'empty': 'False'}
[0m10:52:06.584056 [debug] [MainThread]: Sending event: {'category': 'dbt', 'action': 'project_id', 'label': 'af59cfc7-2806-4af9-bf8d-7d99f05e2c9b', 'context': [<snowplow_tracker.self_describing_json.SelfDescribingJson object at 0x7863a53ed5b0>]}
[0m10:52:06.662545 [debug] [MainThread]: Sending event: {'category': 'dbt', 'action': 'adapter_info', 'label': 'af59cfc7-2806-4af9-bf8d-7d99f05e2c9b', 'context': [<snowplow_tracker.self_describing_json.SelfDescribingJson object at 0x7863a21117f0>]}
[0m10:52:06.664693 [info ] [MainThread]: Registered adapter: clickhouse=1.9.3
[0m10:52:06.794771 [debug] [MainThread]: checksum: adba77356f91f81a11ee2fa729542f151b163d2280a76ec0a147e0b39f20e5da, vars: {}, profile: analytics, target: dev, version: 1.12.2
[0m10:52:06.993381 [debug] [MainThread]: Partial parsing enabled: 0 files deleted, 0 files added, 1 files changed.
[0m10:52:06.994381 [debug] [MainThread]: Partial parsing: updated file: analytics://models/marts/sales_daily.sql
[0m10:52:07.374125 [debug] [MainThread]: Sending event: {'category': 'dbt', 'action': 'load_project', 'label': 'af59cfc7-2806-4af9-bf8d-7d99f05e2c9b', 'context': [<snowplow_tracker.self_describing_json.SelfDescribingJson object at 0x7863a1cc3fe0>]}
[0m10:52:07.480289 [debug] [MainThread]: Wrote artifact WritableManifest to /opt/airflow/dbt/target/manifest.json
[0m10:52:07.488565 [debug] [MainThread]: Wrote artifact SemanticManifest to /opt/airflow/dbt/target/semantic_manifest.json
[0m10:52:07.582606 [debug] [MainThread]: Wrote artifact OsiDocument to /opt/airflow/dbt/target/osi_document.json
[0m10:52:07.609596 [debug] [MainThread]: Sending event: {'category': 'dbt', 'action': 'resource_counts', 'label': 'af59cfc7-2806-4af9-bf8d-7d99f05e2c9b', 'context': [<snowplow_tracker.self_describing_json.SelfDescribingJson object at 0x7863a1e3cbc0>]}
[0m10:52:07.611097 [info ] [MainThread]: Found 7 models, 521 macros
[0m10:52:07.612472 [debug] [MainThread]: Sending event: {'category': 'dbt', 'action': 'runnable_timing', 'label': 'af59cfc7-2806-4af9-bf8d-7d99f05e2c9b', 'context': [<snowplow_tracker.self_describing_json.SelfDescribingJson object at 0x7863a1c98230>]}
[0m10:52:07.615836 [info ] [MainThread]: 
[0m10:52:07.617006 [info ] [MainThread]: Concurrency: 4 threads (target='dev')
[0m10:52:07.618061 [info ] [MainThread]: 
[0m10:52:07.620075 [debug] [MainThread]: Acquiring new clickhouse connection 'master'
[0m10:52:07.634869 [debug] [ThreadPool]: Acquiring new clickhouse connection 'list_'
[0m10:52:07.651566 [debug] [ThreadPool]: Opening a new connection, currently in state init
[0m10:52:07.920174 [debug] [ThreadPool]: dbt_clickhouse adapter: On list_: /* {"app": "dbt", "dbt_version": "1.12.2", "profile_name": "analytics", "target_name": "dev", "connection_name": "list_"} */

    select name from system.databases
  ...
[0m10:52:07.925068 [debug] [ThreadPool]: dbt_clickhouse adapter: SQL status: OK in 0.00 seconds
[0m10:52:07.974623 [debug] [ThreadPool]: Re-using an available connection from the pool (formerly list_, now list__raw)
[0m10:52:07.981278 [debug] [ThreadPool]: dbt_clickhouse adapter: On list__raw: /* {"app": "dbt", "dbt_version": "1.12.2", "profile_name": "analytics", "target_name": "dev", "connection_name": "list__raw"} */
select
      t.name as name,
      t.database as schema,
      multiIf(
        engine in ('MaterializedView', 'View'), 'view',
        engine = 'Dictionary', 'dictionary',
        'table'
      ) as type,
      db.engine as db_engine,0 as is_on_cluster
          from system.tables as t join system.databases as db on t.database = db.name
        where schema = 'raw'
      

  ...
[0m10:52:07.992208 [debug] [ThreadPool]: dbt_clickhouse adapter: SQL status: OK in 0.01 seconds
[0m10:52:07.997623 [debug] [MainThread]: Sending event: {'category': 'dbt', 'action': 'runnable_timing', 'label': 'af59cfc7-2806-4af9-bf8d-7d99f05e2c9b', 'context': [<snowplow_tracker.self_describing_json.SelfDescribingJson object at 0x7863a3691130>]}
[0m10:52:08.005495 [debug] [Thread-1 (]: Began running node model.analytics.sales_by_category
[0m10:52:08.006283 [debug] [Thread-2 (]: Began running node model.analytics.sales_daily
[0m10:52:08.007253 [info ] [Thread-1 (]: 1 of 2 START sql table model `raw`.`sales_by_category` ......................... [RUN]
[0m10:52:08.008643 [info ] [Thread-2 (]: 2 of 2 START sql table model `raw`.`sales_daily` ............................... [RUN]
[0m10:52:08.009941 [debug] [Thread-1 (]: Re-using an available connection from the pool (formerly list__raw, now model.analytics.sales_by_category)
[0m10:52:08.011449 [debug] [Thread-2 (]: Acquiring new clickhouse connection 'model.analytics.sales_daily'
[0m10:52:08.012598 [debug] [Thread-1 (]: Began compiling node model.analytics.sales_by_category
[0m10:52:08.013723 [debug] [Thread-2 (]: Began compiling node model.analytics.sales_daily
[0m10:52:08.030534 [debug] [Thread-2 (]: Writing injected SQL for node "model.analytics.sales_daily"
[0m10:52:08.027667 [debug] [Thread-1 (]: Writing injected SQL for node "model.analytics.sales_by_category"
[0m10:52:08.042490 [debug] [Thread-2 (]: Began executing node model.analytics.sales_daily
[0m10:52:08.043586 [debug] [Thread-1 (]: Began executing node model.analytics.sales_by_category
[0m10:52:08.103203 [debug] [Thread-2 (]: Creating new relation sales_daily
[0m10:52:08.250101 [debug] [Thread-2 (]: Opening a new connection, currently in state init
[0m10:52:08.252777 [debug] [Thread-1 (]: dbt_clickhouse adapter: On model.analytics.sales_by_category: /* {"app": "dbt", "dbt_version": "1.12.2", "profile_name": "analytics", "target_name": "dev", "node_id": "model.analytics.sales_by_category"} */

            

    
        create table `raw`.`sales_by_category__dbt_backup`
        
  
        
  engine = MergeTree()
        
      order by (tuple())
        
        
        
        
                    -- end_of_sql
                    SETTINGS replicated_deduplication_window='0'

                    
            empty
          as (
            SELECT
    p.category,
    SUM(oi.total_amount) AS revenue,
    SUM(oi.quantity) AS items_sold,
    COUNT(DISTINCT o.order_id) AS orders_count
FROM `raw`.`stg_order_items` oi
JOIN `raw`.`stg_orders` o
    ON oi.order_id = o.order_id
JOIN `raw`.`stg_products` p
    ON oi.product_id = p.product_id
WHERE o.status = 'completed'
GROUP BY p.category
ORDER BY revenue DESC
          )
        
        ...
[0m10:52:08.285935 [debug] [Thread-1 (]: dbt_clickhouse adapter: SQL status: OK in 0.03 seconds
[0m10:52:08.343296 [debug] [Thread-1 (]: dbt_clickhouse adapter: On model.analytics.sales_by_category: /* {"app": "dbt", "dbt_version": "1.12.2", "profile_name": "analytics", "target_name": "dev", "node_id": "model.analytics.sales_by_category"} */

    select name, type from system.columns where table = 'sales_by_category__dbt_backup'
    
      and database = 'raw'
    
    order by position
  ...
[0m10:52:08.352160 [debug] [Thread-1 (]: dbt_clickhouse adapter: SQL status: OK in 0.01 seconds
[0m10:52:08.363855 [debug] [Thread-1 (]: Writing runtime sql for node "model.analytics.sales_by_category"
[0m10:52:08.375912 [debug] [Thread-1 (]: dbt_clickhouse adapter: On model.analytics.sales_by_category: /* {"app": "dbt", "dbt_version": "1.12.2", "profile_name": "analytics", "target_name": "dev", "node_id": "model.analytics.sales_by_category"} */

  
    
    
    
        
         


        insert into `raw`.`sales_by_category__dbt_backup`
        ("category", "revenue", "items_sold", "orders_count")SELECT
    p.category,
    SUM(oi.total_amount) AS revenue,
    SUM(oi.quantity) AS items_sold,
    COUNT(DISTINCT o.order_id) AS orders_count
FROM `raw`.`stg_order_items` oi
JOIN `raw`.`stg_orders` o
    ON oi.order_id = o.order_id
JOIN `raw`.`stg_products` p
    ON oi.product_id = p.product_id
WHERE o.status = 'completed'
GROUP BY p.category
ORDER BY revenue DESC
  ...
[0m10:52:08.392340 [debug] [Thread-2 (]: dbt_clickhouse adapter: On model.analytics.sales_daily: /* {"app": "dbt", "dbt_version": "1.12.2", "profile_name": "analytics", "target_name": "dev", "node_id": "model.analytics.sales_daily"} */

            

    
        create table `raw`.`sales_daily`
        
  
        
  engine = MergeTree()
        
      order by (tuple())
        
        
        
        
                    -- end_of_sql
                    SETTINGS replicated_deduplication_window='0'

                    
            empty
          as (
            SELECT
    toDate(order_count) AS sale_date,
    COUNT(*) AS orders_count,
    SUM(order_amount) AS revenue,
    SUM(total_items) AS items_sold
FROM `raw`.`fct_orders`
WHERE status = 'completed'
GROUP BY toDate(order_count)
ORDER BY sale_date
          )
        
        ...
[0m10:52:08.400462 [debug] [Thread-2 (]: dbt_clickhouse adapter: Error running SQL: /* {"app": "dbt", "dbt_version": "1.12.2", "profile_name": "analytics", "target_name": "dev", "node_id": "model.analytics.sales_daily"} */

            

    
        create table `raw`.`sales_daily`
        
  
        
  engine = MergeTree()
        
      order by (tuple())
        
        
        
        
                    -- end_of_sql
                    SETTINGS replicated_deduplication_window='0'

                    
            empty
          as (
            SELECT
    toDate(order_count) AS sale_date,
    COUNT(*) AS orders_count,
    SUM(order_amount) AS revenue,
    SUM(total_items) AS items_sold
FROM `raw`.`fct_orders`
WHERE status = 'completed'
GROUP BY toDate(order_count)
ORDER BY sale_date
          )
        
        
[0m10:52:08.412913 [debug] [Thread-2 (]: Database Error in model sales_daily (models/marts/sales_daily.sql)
  Code: 47.
  DB::Exception: Unknown expression or function identifier `order_count` in scope SELECT toDate(order_count) AS sale_date, count(*) AS orders_count, sum(order_amount) AS revenue, sum(total_items) AS items_sold FROM raw.fct_orders WHERE status = 'completed' GROUP BY toDate(order_count) ORDER BY sale_date ASC. Maybe you meant: ['orders_count']. Stack trace:
  
  0. DB::Exception::Exception(DB::Exception::MessageMasked&&, int, bool) @ 0x000000001372225f
  1. DB::Exception::Exception(String&&, int, String, bool) @ 0x000000000cb3b0ce
  2. DB::Exception::Exception(PreformattedMessage&&, int) @ 0x000000000cb3ab80
  3. DB::Exception::Exception<char const*, String&, String, String, String>(int, FormatStringHelperImpl<std::type_identity<char const*>::type, std::type_identity<String&>::type, std::type_identity<String>::type, std::type_identity<String>::type, std::type_identity<String>::type>, char const*&&, String&, String&&, String&&, String&&) @ 0x00000000178003c2
  4. DB::QueryAnalyzer::resolveExpressionNode(std::shared_ptr<DB::IQueryTreeNode>&, DB::IdentifierResolveScope&, bool, bool, bool) @ 0x00000000177cbed2
  5. DB::QueryAnalyzer::resolveExpressionNodeList(std::shared_ptr<DB::IQueryTreeNode>&, DB::IdentifierResolveScope&, bool, bool) @ 0x00000000177c91f4
  6. DB::QueryAnalyzer::resolveFunction(std::shared_ptr<DB::IQueryTreeNode>&, DB::IdentifierResolveScope&) @ 0x00000000177e4ff8
  7. DB::QueryAnalyzer::resolveExpressionNode(std::shared_ptr<DB::IQueryTreeNode>&, DB::IdentifierResolveScope&, bool, bool, bool) @ 0x00000000177c9e40
  8. DB::QueryAnalyzer::resolveExpressionNodeList(std::shared_ptr<DB::IQueryTreeNode>&, DB::IdentifierResolveScope&, bool, bool) @ 0x00000000177c91f4
  9. DB::QueryAnalyzer::resolveProjectionExpressionNodeList(std::shared_ptr<DB::IQueryTreeNode>&, DB::IdentifierResolveScope&) @ 0x0000000017801167
  10. DB::QueryAnalyzer::resolveQuery(std::shared_ptr<DB::IQueryTreeNode> const&, DB::IdentifierResolveScope&) @ 0x00000000177c00ee
  11. DB::QueryAnalyzer::resolve(std::shared_ptr<DB::IQueryTreeNode>&, std::shared_ptr<DB::IQueryTreeNode> const&, std::shared_ptr<DB::Context const>) @ 0x00000000177bda38
  12. DB::QueryAnalysisPass::run(std::shared_ptr<DB::IQueryTreeNode>&, std::shared_ptr<DB::Context const>) @ 0x00000000177bd09c
  13. DB::QueryTreePassManager::run(std::shared_ptr<DB::IQueryTreeNode>) @ 0x0000000017824976
  14. DB::buildQueryTreeAndRunPasses(std::shared_ptr<DB::IAST> const&, DB::SelectQueryOptions const&, std::shared_ptr<DB::Context const> const&, std::shared_ptr<DB::IStorage> const&) (.llvm.12241402796318543270) @ 0x000000001839b9cd
  15. DB::InterpreterSelectQueryAnalyzer::InterpreterSelectQueryAnalyzer(std::shared_ptr<DB::IAST> const&, std::shared_ptr<DB::Context const> const&, DB::SelectQueryOptions const&, std::vector<String, std::allocator<String>> const&) @ 0x000000001839991c
  16. DB::InterpreterSelectQueryAnalyzer::getSampleBlock(std::shared_ptr<DB::IAST> const&, std::shared_ptr<DB::Context const> const&, DB::SelectQueryOptions const&) @ 0x000000001839be21
  17. DB::InterpreterCreateQuery::getTablePropertiesAndNormalizeCreateQuery(DB::ASTCreateQuery&, DB::LoadingStrictnessLevel) const @ 0x00000000182bbfdf
  18. DB::InterpreterCreateQuery::createTable(DB::ASTCreateQuery&) @ 0x00000000182c5262
  19. DB::InterpreterCreateQuery::execute() @ 0x00000000182dbbb8
  20. DB::executeQueryImpl(char const*, char const*, std::shared_ptr<DB::Context>, DB::QueryFlags, DB::QueryProcessingStage::Enum, std::unique_ptr<DB::ReadBuffer, std::default_delete<DB::ReadBuffer>>&, std::shared_ptr<DB::IAST>&, std::shared_ptr<DB::ImplicitTransactionControlExecutor>) @ 0x0000000018772719
  21. DB::executeQuery(String const&, std::shared_ptr<DB::Context>, DB::QueryFlags, DB::QueryProcessingStage::Enum) @ 0x000000001876a68b
  22. DB::TCPHandler::runImpl() @ 0x0000000019e5f590
  23. DB::TCPHandler::run() @ 0x0000000019e81619
  24. Poco::Net::TCPServerConnection::start() @ 0x000000001f485887
  25. Poco::Net::TCPServerDispatcher::run() @ 0x000000001f485d19
  26. Poco::PooledThread::run() @ 0x000000001f44c387
  27. Poco::ThreadImpl::runnableEntry(void*) @ 0x000000001f44a781
  28. ? @ 0x0000000000094a83
  29. ? @ 0x0000000000125a44
[0m10:52:08.415593 [debug] [Thread-2 (]: Sending event: {'category': 'dbt', 'action': 'run_model', 'label': 'af59cfc7-2806-4af9-bf8d-7d99f05e2c9b', 'context': [<snowplow_tracker.self_describing_json.SelfDescribingJson object at 0x78639ab844a0>]}
[0m10:52:08.417081 [error] [Thread-2 (]: 2 of 2 ERROR creating sql table model `raw`.`sales_daily` ...................... [[31mERROR[0m in 0.40s]
[0m10:52:08.419467 [debug] [Thread-2 (]: Finished running node model.analytics.sales_daily
[0m10:52:08.429721 [debug] [Thread-7 (]: Marking all children of 'model.analytics.sales_daily' to be skipped because of status 'error'.  Reason: Database Error in model sales_daily (models/marts/sales_daily.sql)
  Code: 47.
  DB::Exception: Unknown expression or function identifier `order_count` in scope SELECT toDate(order_count) AS sale_date, count(*) AS orders_count, sum(order_amount) AS revenue, sum(total_items) AS items_sold FROM raw.fct_orders WHERE status = 'completed' GROUP BY toDate(order_count) ORDER BY sale_date ASC. Maybe you meant: ['orders_count']. Stack trace:
  
  0. DB::Exception::Exception(DB::Exception::MessageMasked&&, int, bool) @ 0x000000001372225f
  1. DB::Exception::Exception(String&&, int, String, bool) @ 0x000000000cb3b0ce
  2. DB::Exception::Exception(PreformattedMessage&&, int) @ 0x000000000cb3ab80
  3. DB::Exception::Exception<char const*, String&, String, String, String>(int, FormatStringHelperImpl<std::type_identity<char const*>::type, std::type_identity<String&>::type, std::type_identity<String>::type, std::type_identity<String>::type, std::type_identity<String>::type>, char const*&&, String&, String&&, String&&, String&&) @ 0x00000000178003c2
  4. DB::QueryAnalyzer::resolveExpressionNode(std::shared_ptr<DB::IQueryTreeNode>&, DB::IdentifierResolveScope&, bool, bool, bool) @ 0x00000000177cbed2
  5. DB::QueryAnalyzer::resolveExpressionNodeList(std::shared_ptr<DB::IQueryTreeNode>&, DB::IdentifierResolveScope&, bool, bool) @ 0x00000000177c91f4
  6. DB::QueryAnalyzer::resolveFunction(std::shared_ptr<DB::IQueryTreeNode>&, DB::IdentifierResolveScope&) @ 0x00000000177e4ff8
  7. DB::QueryAnalyzer::resolveExpressionNode(std::shared_ptr<DB::IQueryTreeNode>&, DB::IdentifierResolveScope&, bool, bool, bool) @ 0x00000000177c9e40
  8. DB::QueryAnalyzer::resolveExpressionNodeList(std::shared_ptr<DB::IQueryTreeNode>&, DB::IdentifierResolveScope&, bool, bool) @ 0x00000000177c91f4
  9. DB::QueryAnalyzer::resolveProjectionExpressionNodeList(std::shared_ptr<DB::IQueryTreeNode>&, DB::IdentifierResolveScope&) @ 0x0000000017801167
  10. DB::QueryAnalyzer::resolveQuery(std::shared_ptr<DB::IQueryTreeNode> const&, DB::IdentifierResolveScope&) @ 0x00000000177c00ee
  11. DB::QueryAnalyzer::resolve(std::shared_ptr<DB::IQueryTreeNode>&, std::shared_ptr<DB::IQueryTreeNode> const&, std::shared_ptr<DB::Context const>) @ 0x00000000177bda38
  12. DB::QueryAnalysisPass::run(std::shared_ptr<DB::IQueryTreeNode>&, std::shared_ptr<DB::Context const>) @ 0x00000000177bd09c
  13. DB::QueryTreePassManager::run(std::shared_ptr<DB::IQueryTreeNode>) @ 0x0000000017824976
  14. DB::buildQueryTreeAndRunPasses(std::shared_ptr<DB::IAST> const&, DB::SelectQueryOptions const&, std::shared_ptr<DB::Context const> const&, std::shared_ptr<DB::IStorage> const&) (.llvm.12241402796318543270) @ 0x000000001839b9cd
  15. DB::InterpreterSelectQueryAnalyzer::InterpreterSelectQueryAnalyzer(std::shared_ptr<DB::IAST> const&, std::shared_ptr<DB::Context const> const&, DB::SelectQueryOptions const&, std::vector<String, std::allocator<String>> const&) @ 0x000000001839991c
  16. DB::InterpreterSelectQueryAnalyzer::getSampleBlock(std::shared_ptr<DB::IAST> const&, std::shared_ptr<DB::Context const> const&, DB::SelectQueryOptions const&) @ 0x000000001839be21
  17. DB::InterpreterCreateQuery::getTablePropertiesAndNormalizeCreateQuery(DB::ASTCreateQuery&, DB::LoadingStrictnessLevel) const @ 0x00000000182bbfdf
  18. DB::InterpreterCreateQuery::createTable(DB::ASTCreateQuery&) @ 0x00000000182c5262
  19. DB::InterpreterCreateQuery::execute() @ 0x00000000182dbbb8
  20. DB::executeQueryImpl(char const*, char const*, std::shared_ptr<DB::Context>, DB::QueryFlags, DB::QueryProcessingStage::Enum, std::unique_ptr<DB::ReadBuffer, std::default_delete<DB::ReadBuffer>>&, std::shared_ptr<DB::IAST>&, std::shared_ptr<DB::ImplicitTransactionControlExecutor>) @ 0x0000000018772719
  21. DB::executeQuery(String const&, std::shared_ptr<DB::Context>, DB::QueryFlags, DB::QueryProcessingStage::Enum) @ 0x000000001876a68b
  22. DB::TCPHandler::runImpl() @ 0x0000000019e5f590
  23. DB::TCPHandler::run() @ 0x0000000019e81619
  24. Poco::Net::TCPServerConnection::start() @ 0x000000001f485887
  25. Poco::Net::TCPServerDispatcher::run() @ 0x000000001f485d19
  26. Poco::PooledThread::run() @ 0x000000001f44c387
  27. Poco::ThreadImpl::runnableEntry(void*) @ 0x000000001f44a781
  28. ? @ 0x0000000000094a83
  29. ? @ 0x0000000000125a44.
[0m10:52:09.415692 [debug] [Thread-1 (]: dbt_clickhouse adapter: SQL status: OK in 1.04 seconds
[0m10:52:09.423229 [debug] [Thread-1 (]: dbt_clickhouse adapter: On model.analytics.sales_by_category: /* {"app": "dbt", "dbt_version": "1.12.2", "profile_name": "analytics", "target_name": "dev", "node_id": "model.analytics.sales_by_category"} */
EXCHANGE TABLES `raw`.`sales_by_category__dbt_backup` AND `raw`.`sales_by_category` 
  
  ...
[0m10:52:09.425974 [debug] [Thread-1 (]: dbt_clickhouse adapter: SQL status: OK in 0.00 seconds
[0m10:52:09.463153 [debug] [Thread-1 (]: dbt_clickhouse adapter: On model.analytics.sales_by_category: /* {"app": "dbt", "dbt_version": "1.12.2", "profile_name": "analytics", "target_name": "dev", "node_id": "model.analytics.sales_by_category"} */
drop table if exists `raw`.`sales_by_category__dbt_backup` 
  ...
[0m10:52:09.466165 [debug] [Thread-1 (]: dbt_clickhouse adapter: SQL status: OK in 0.00 seconds
[0m10:52:09.470539 [debug] [Thread-1 (]: Sending event: {'category': 'dbt', 'action': 'run_model', 'label': 'af59cfc7-2806-4af9-bf8d-7d99f05e2c9b', 'context': [<snowplow_tracker.self_describing_json.SelfDescribingJson object at 0x7863a53ec680>]}
[0m10:52:09.471988 [info ] [Thread-1 (]: 1 of 2 OK created sql table model `raw`.`sales_by_category` .................... [[32mOK[0m in 1.46s]
[0m10:52:09.473850 [debug] [Thread-1 (]: Finished running node model.analytics.sales_by_category
[0m10:52:09.477453 [debug] [MainThread]: Connection 'master' was properly closed.
[0m10:52:09.478429 [debug] [MainThread]: Connection 'model.analytics.sales_by_category' was left open.
[0m10:52:09.479954 [debug] [MainThread]: On model.analytics.sales_by_category: Close
[0m10:52:09.481227 [debug] [MainThread]: Connection 'model.analytics.sales_daily' was left open.
[0m10:52:09.482151 [debug] [MainThread]: On model.analytics.sales_daily: Close
[0m10:52:09.482858 [info ] [MainThread]: 
[0m10:52:09.483690 [info ] [MainThread]: Finished running 2 table models in 0 hours 0 minutes and 1.86 seconds (1.86s).
[0m10:52:09.486213 [debug] [MainThread]: Command end result
[0m10:52:09.555742 [debug] [MainThread]: Wrote artifact WritableManifest to /opt/airflow/dbt/target/manifest.json
[0m10:52:09.565608 [debug] [MainThread]: Wrote artifact SemanticManifest to /opt/airflow/dbt/target/semantic_manifest.json
[0m10:52:09.573506 [debug] [MainThread]: Wrote artifact OsiDocument to /opt/airflow/dbt/target/osi_document.json
[0m10:52:09.587640 [debug] [MainThread]: Wrote artifact RunExecutionResult to /opt/airflow/dbt/target/run_results.json
[0m10:52:09.588409 [info ] [MainThread]: 
[0m10:52:09.589482 [info ] [MainThread]: [31mCompleted with 1 error, 0 partial successes, and 0 warnings:[0m
[0m10:52:09.590732 [info ] [MainThread]: 
[0m10:52:09.592181 [error] [MainThread]: [[31mERROR[0m]: in model sales_daily (models/marts/sales_daily.sql)
[0m10:52:09.593827 [error] [MainThread]:   Database Error in model sales_daily (models/marts/sales_daily.sql)
  Code: 47.
  DB::Exception: Unknown expression or function identifier `order_count` in scope SELECT toDate(order_count) AS sale_date, count(*) AS orders_count, sum(order_amount) AS revenue, sum(total_items) AS items_sold FROM raw.fct_orders WHERE status = 'completed' GROUP BY toDate(order_count) ORDER BY sale_date ASC. Maybe you meant: ['orders_count']. Stack trace:
  
  0. DB::Exception::Exception(DB::Exception::MessageMasked&&, int, bool) @ 0x000000001372225f
  1. DB::Exception::Exception(String&&, int, String, bool) @ 0x000000000cb3b0ce
  2. DB::Exception::Exception(PreformattedMessage&&, int) @ 0x000000000cb3ab80
  3. DB::Exception::Exception<char const*, String&, String, String, String>(int, FormatStringHelperImpl<std::type_identity<char const*>::type, std::type_identity<String&>::type, std::type_identity<String>::type, std::type_identity<String>::type, std::type_identity<String>::type>, char const*&&, String&, String&&, String&&, String&&) @ 0x00000000178003c2
  4. DB::QueryAnalyzer::resolveExpressionNode(std::shared_ptr<DB::IQueryTreeNode>&, DB::IdentifierResolveScope&, bool, bool, bool) @ 0x00000000177cbed2
  5. DB::QueryAnalyzer::resolveExpressionNodeList(std::shared_ptr<DB::IQueryTreeNode>&, DB::IdentifierResolveScope&, bool, bool) @ 0x00000000177c91f4
  6. DB::QueryAnalyzer::resolveFunction(std::shared_ptr<DB::IQueryTreeNode>&, DB::IdentifierResolveScope&) @ 0x00000000177e4ff8
  7. DB::QueryAnalyzer::resolveExpressionNode(std::shared_ptr<DB::IQueryTreeNode>&, DB::IdentifierResolveScope&, bool, bool, bool) @ 0x00000000177c9e40
  8. DB::QueryAnalyzer::resolveExpressionNodeList(std::shared_ptr<DB::IQueryTreeNode>&, DB::IdentifierResolveScope&, bool, bool) @ 0x00000000177c91f4
  9. DB::QueryAnalyzer::resolveProjectionExpressionNodeList(std::shared_ptr<DB::IQueryTreeNode>&, DB::IdentifierResolveScope&) @ 0x0000000017801167
  10. DB::QueryAnalyzer::resolveQuery(std::shared_ptr<DB::IQueryTreeNode> const&, DB::IdentifierResolveScope&) @ 0x00000000177c00ee
  11. DB::QueryAnalyzer::resolve(std::shared_ptr<DB::IQueryTreeNode>&, std::shared_ptr<DB::IQueryTreeNode> const&, std::shared_ptr<DB::Context const>) @ 0x00000000177bda38
  12. DB::QueryAnalysisPass::run(std::shared_ptr<DB::IQueryTreeNode>&, std::shared_ptr<DB::Context const>) @ 0x00000000177bd09c
  13. DB::QueryTreePassManager::run(std::shared_ptr<DB::IQueryTreeNode>) @ 0x0000000017824976
  14. DB::buildQueryTreeAndRunPasses(std::shared_ptr<DB::IAST> const&, DB::SelectQueryOptions const&, std::shared_ptr<DB::Context const> const&, std::shared_ptr<DB::IStorage> const&) (.llvm.12241402796318543270) @ 0x000000001839b9cd
  15. DB::InterpreterSelectQueryAnalyzer::InterpreterSelectQueryAnalyzer(std::shared_ptr<DB::IAST> const&, std::shared_ptr<DB::Context const> const&, DB::SelectQueryOptions const&, std::vector<String, std::allocator<String>> const&) @ 0x000000001839991c
  16. DB::InterpreterSelectQueryAnalyzer::getSampleBlock(std::shared_ptr<DB::IAST> const&, std::shared_ptr<DB::Context const> const&, DB::SelectQueryOptions const&) @ 0x000000001839be21
  17. DB::InterpreterCreateQuery::getTablePropertiesAndNormalizeCreateQuery(DB::ASTCreateQuery&, DB::LoadingStrictnessLevel) const @ 0x00000000182bbfdf
  18. DB::InterpreterCreateQuery::createTable(DB::ASTCreateQuery&) @ 0x00000000182c5262
  19. DB::InterpreterCreateQuery::execute() @ 0x00000000182dbbb8
  20. DB::executeQueryImpl(char const*, char const*, std::shared_ptr<DB::Context>, DB::QueryFlags, DB::QueryProcessingStage::Enum, std::unique_ptr<DB::ReadBuffer, std::default_delete<DB::ReadBuffer>>&, std::shared_ptr<DB::IAST>&, std::shared_ptr<DB::ImplicitTransactionControlExecutor>) @ 0x0000000018772719
  21. DB::executeQuery(String const&, std::shared_ptr<DB::Context>, DB::QueryFlags, DB::QueryProcessingStage::Enum) @ 0x000000001876a68b
  22. DB::TCPHandler::runImpl() @ 0x0000000019e5f590
  23. DB::TCPHandler::run() @ 0x0000000019e81619
  24. Poco::Net::TCPServerConnection::start() @ 0x000000001f485887
  25. Poco::Net::TCPServerDispatcher::run() @ 0x000000001f485d19
  26. Poco::PooledThread::run() @ 0x000000001f44c387
  27. Poco::ThreadImpl::runnableEntry(void*) @ 0x000000001f44a781
  28. ? @ 0x0000000000094a83
  29. ? @ 0x0000000000125a44
[0m10:52:09.595492 [info ] [MainThread]: 
[0m10:52:09.597365 [info ] [MainThread]:   compiled code at target/compiled/analytics/models/marts/sales_daily.sql
[0m10:52:09.598716 [info ] [MainThread]: 
[0m10:52:09.599927 [info ] [MainThread]: Done. PASS=1 WARN=0 ERROR=1 SKIP=0 NO-OP=0 REUSED=0 TOTAL=2
[0m10:52:09.602512 [debug] [MainThread]: Resource report: {"command_name": "run", "command_success": false, "command_wall_clock_time": 3.394777, "process_in_blocks": "0", "process_kernel_time": 0.57555, "process_mem_max_rss": "159368", "process_out_blocks": "0", "process_user_time": 4.330152}
[0m10:52:09.604174 [debug] [MainThread]: Command `dbt run` failed at 10:52:09.603810 after 3.40 seconds
[0m10:52:09.604959 [debug] [MainThread]: Sending event: {'category': 'dbt', 'action': 'invocation', 'label': 'end', 'context': [<snowplow_tracker.self_describing_json.SelfDescribingJson object at 0x7863a2c24260>, <snowplow_tracker.self_describing_json.SelfDescribingJson object at 0x7863a2c271d0>, <snowplow_tracker.self_describing_json.SelfDescribingJson object at 0x7863a1ec5130>]}
[0m10:52:09.605759 [debug] [MainThread]: Flushing usage events
[0m10:52:10.328519 [debug] [MainThread]: An error was encountered while trying to flush usage events
[0m10:52:39.078389 [debug] [MainThread]: Sending event: {'category': 'dbt', 'action': 'invocation', 'label': 'start', 'context': [<snowplow_tracker.self_describing_json.SelfDescribingJson object at 0x7f3a25b53890>, <snowplow_tracker.self_describing_json.SelfDescribingJson object at 0x7f3a27699cd0>, <snowplow_tracker.self_describing_json.SelfDescribingJson object at 0x7f3a27067f20>]}


============================== 10:52:39.085998 | 397bd00f-5d5d-4759-a4ae-9ee44d1a5484 ==============================
[0m10:52:39.085998 [info ] [MainThread]: Running with dbt=1.12.2
[0m10:52:39.087124 [debug] [MainThread]: running dbt with arguments {'use_colors': 'True', 'partial_parse': 'True', 'empty': 'False', 'invocation_command': 'dbt run --select sales_by_category sales_daily --project-dir /opt/airflow/dbt --profiles-dir /opt/airflow/dbt', 'quiet': 'False', 'hints_enabled': 'True', 'warn_error': 'None', 'static_parser': 'True', 'maximum_seed_size_mib': '1', 'printer_width': '80', 'introspect': 'True', 'debug': 'False', 'fail_fast': 'False', 'warn_error_options': 'WarnErrorOptionsV2(error=[], warn=[], silence=[])', 'log_path': '/opt/airflow/dbt/logs', 'target_path': 'None', 'cache_selected_only': 'False', 'use_experimental_parser': 'False', 'no_print': 'None', 'write_json': 'True', 'indirect_selection': 'eager', 'log_format': 'default', 'log_cache_events': 'False', 'version_check': 'True', 'profiles_dir': '/opt/airflow/dbt', 'send_anonymous_usage_stats': 'True'}
[0m10:52:39.332244 [debug] [MainThread]: Sending event: {'category': 'dbt', 'action': 'project_id', 'label': '397bd00f-5d5d-4759-a4ae-9ee44d1a5484', 'context': [<snowplow_tracker.self_describing_json.SelfDescribingJson object at 0x7f3a256e7e30>]}
[0m10:52:39.419298 [debug] [MainThread]: Sending event: {'category': 'dbt', 'action': 'adapter_info', 'label': '397bd00f-5d5d-4759-a4ae-9ee44d1a5484', 'context': [<snowplow_tracker.self_describing_json.SelfDescribingJson object at 0x7f3a25a67cb0>]}
[0m10:52:39.421095 [info ] [MainThread]: Registered adapter: clickhouse=1.9.3
[0m10:52:39.542026 [debug] [MainThread]: checksum: adba77356f91f81a11ee2fa729542f151b163d2280a76ec0a147e0b39f20e5da, vars: {}, profile: analytics, target: dev, version: 1.12.2
[0m10:52:39.748670 [debug] [MainThread]: Partial parsing enabled: 0 files deleted, 0 files added, 1 files changed.
[0m10:52:39.749677 [debug] [MainThread]: Partial parsing: updated file: analytics://models/marts/sales_daily.sql
[0m10:52:40.153893 [debug] [MainThread]: Sending event: {'category': 'dbt', 'action': 'load_project', 'label': '397bd00f-5d5d-4759-a4ae-9ee44d1a5484', 'context': [<snowplow_tracker.self_describing_json.SelfDescribingJson object at 0x7f3a240b0470>]}
[0m10:52:40.277146 [debug] [MainThread]: Wrote artifact WritableManifest to /opt/airflow/dbt/target/manifest.json
[0m10:52:40.286275 [debug] [MainThread]: Wrote artifact SemanticManifest to /opt/airflow/dbt/target/semantic_manifest.json
[0m10:52:40.369690 [debug] [MainThread]: Wrote artifact OsiDocument to /opt/airflow/dbt/target/osi_document.json
[0m10:52:40.397002 [debug] [MainThread]: Sending event: {'category': 'dbt', 'action': 'resource_counts', 'label': '397bd00f-5d5d-4759-a4ae-9ee44d1a5484', 'context': [<snowplow_tracker.self_describing_json.SelfDescribingJson object at 0x7f3a253e8e00>]}
[0m10:52:40.398408 [info ] [MainThread]: Found 7 models, 521 macros
[0m10:52:40.399648 [debug] [MainThread]: Sending event: {'category': 'dbt', 'action': 'runnable_timing', 'label': '397bd00f-5d5d-4759-a4ae-9ee44d1a5484', 'context': [<snowplow_tracker.self_describing_json.SelfDescribingJson object at 0x7f3a25248110>]}
[0m10:52:40.403430 [info ] [MainThread]: 
[0m10:52:40.404748 [info ] [MainThread]: Concurrency: 4 threads (target='dev')
[0m10:52:40.406319 [info ] [MainThread]: 
[0m10:52:40.408162 [debug] [MainThread]: Acquiring new clickhouse connection 'master'
[0m10:52:40.430416 [debug] [ThreadPool]: Acquiring new clickhouse connection 'list_'
[0m10:52:40.449377 [debug] [ThreadPool]: Opening a new connection, currently in state init
[0m10:52:40.668307 [debug] [ThreadPool]: dbt_clickhouse adapter: On list_: /* {"app": "dbt", "dbt_version": "1.12.2", "profile_name": "analytics", "target_name": "dev", "connection_name": "list_"} */

    select name from system.databases
  ...
[0m10:52:40.673313 [debug] [ThreadPool]: dbt_clickhouse adapter: SQL status: OK in 0.00 seconds
[0m10:52:40.717135 [debug] [ThreadPool]: Re-using an available connection from the pool (formerly list_, now list__raw)
[0m10:52:40.724579 [debug] [ThreadPool]: dbt_clickhouse adapter: On list__raw: /* {"app": "dbt", "dbt_version": "1.12.2", "profile_name": "analytics", "target_name": "dev", "connection_name": "list__raw"} */
select
      t.name as name,
      t.database as schema,
      multiIf(
        engine in ('MaterializedView', 'View'), 'view',
        engine = 'Dictionary', 'dictionary',
        'table'
      ) as type,
      db.engine as db_engine,0 as is_on_cluster
          from system.tables as t join system.databases as db on t.database = db.name
        where schema = 'raw'
      

  ...
[0m10:52:40.733008 [debug] [ThreadPool]: dbt_clickhouse adapter: SQL status: OK in 0.01 seconds
[0m10:52:40.739859 [debug] [MainThread]: Sending event: {'category': 'dbt', 'action': 'runnable_timing', 'label': '397bd00f-5d5d-4759-a4ae-9ee44d1a5484', 'context': [<snowplow_tracker.self_describing_json.SelfDescribingJson object at 0x7f3a252b6840>]}
[0m10:52:40.746818 [debug] [Thread-1 (]: Began running node model.analytics.sales_by_category
[0m10:52:40.747934 [debug] [Thread-2 (]: Began running node model.analytics.sales_daily
[0m10:52:40.749119 [info ] [Thread-1 (]: 1 of 2 START sql table model `raw`.`sales_by_category` ......................... [RUN]
[0m10:52:40.750570 [info ] [Thread-2 (]: 2 of 2 START sql table model `raw`.`sales_daily` ............................... [RUN]
[0m10:52:40.752299 [debug] [Thread-1 (]: Re-using an available connection from the pool (formerly list__raw, now model.analytics.sales_by_category)
[0m10:52:40.754058 [debug] [Thread-2 (]: Acquiring new clickhouse connection 'model.analytics.sales_daily'
[0m10:52:40.755210 [debug] [Thread-1 (]: Began compiling node model.analytics.sales_by_category
[0m10:52:40.756369 [debug] [Thread-2 (]: Began compiling node model.analytics.sales_daily
[0m10:52:40.771318 [debug] [Thread-2 (]: Writing injected SQL for node "model.analytics.sales_daily"
[0m10:52:40.772718 [debug] [Thread-1 (]: Writing injected SQL for node "model.analytics.sales_by_category"
[0m10:52:40.782256 [debug] [Thread-2 (]: Began executing node model.analytics.sales_daily
[0m10:52:40.790238 [debug] [Thread-1 (]: Began executing node model.analytics.sales_by_category
[0m10:52:40.835895 [debug] [Thread-2 (]: Creating new relation sales_daily
[0m10:52:40.948036 [debug] [Thread-1 (]: dbt_clickhouse adapter: On model.analytics.sales_by_category: /* {"app": "dbt", "dbt_version": "1.12.2", "profile_name": "analytics", "target_name": "dev", "node_id": "model.analytics.sales_by_category"} */

            

    
        create table `raw`.`sales_by_category__dbt_backup`
        
  
        
  engine = MergeTree()
        
      order by (tuple())
        
        
        
        
                    -- end_of_sql
                    SETTINGS replicated_deduplication_window='0'

                    
            empty
          as (
            SELECT
    p.category,
    SUM(oi.total_amount) AS revenue,
    SUM(oi.quantity) AS items_sold,
    COUNT(DISTINCT o.order_id) AS orders_count
FROM `raw`.`stg_order_items` oi
JOIN `raw`.`stg_orders` o
    ON oi.order_id = o.order_id
JOIN `raw`.`stg_products` p
    ON oi.product_id = p.product_id
WHERE o.status = 'completed'
GROUP BY p.category
ORDER BY revenue DESC
          )
        
        ...
[0m10:52:40.949924 [debug] [Thread-2 (]: Opening a new connection, currently in state init
[0m10:52:40.964356 [debug] [Thread-1 (]: dbt_clickhouse adapter: SQL status: OK in 0.01 seconds
[0m10:52:40.996920 [debug] [Thread-1 (]: dbt_clickhouse adapter: On model.analytics.sales_by_category: /* {"app": "dbt", "dbt_version": "1.12.2", "profile_name": "analytics", "target_name": "dev", "node_id": "model.analytics.sales_by_category"} */

    select name, type from system.columns where table = 'sales_by_category__dbt_backup'
    
      and database = 'raw'
    
    order by position
  ...
[0m10:52:41.005642 [debug] [Thread-1 (]: dbt_clickhouse adapter: SQL status: OK in 0.01 seconds
[0m10:52:41.012525 [debug] [Thread-1 (]: Writing runtime sql for node "model.analytics.sales_by_category"
[0m10:52:41.022685 [debug] [Thread-1 (]: dbt_clickhouse adapter: On model.analytics.sales_by_category: /* {"app": "dbt", "dbt_version": "1.12.2", "profile_name": "analytics", "target_name": "dev", "node_id": "model.analytics.sales_by_category"} */

  
    
    
    
        
         


        insert into `raw`.`sales_by_category__dbt_backup`
        ("category", "revenue", "items_sold", "orders_count")SELECT
    p.category,
    SUM(oi.total_amount) AS revenue,
    SUM(oi.quantity) AS items_sold,
    COUNT(DISTINCT o.order_id) AS orders_count
FROM `raw`.`stg_order_items` oi
JOIN `raw`.`stg_orders` o
    ON oi.order_id = o.order_id
JOIN `raw`.`stg_products` p
    ON oi.product_id = p.product_id
WHERE o.status = 'completed'
GROUP BY p.category
ORDER BY revenue DESC
  ...
[0m10:52:41.045362 [debug] [Thread-2 (]: dbt_clickhouse adapter: On model.analytics.sales_daily: /* {"app": "dbt", "dbt_version": "1.12.2", "profile_name": "analytics", "target_name": "dev", "node_id": "model.analytics.sales_daily"} */

            

    
        create table `raw`.`sales_daily`
        
  
        
  engine = MergeTree()
        
      order by (tuple())
        
        
        
        
                    -- end_of_sql
                    SETTINGS replicated_deduplication_window='0'

                    
            empty
          as (
            SELECT
    toDate(orders_count) AS sale_date,
    COUNT(*) AS orders_count,
    SUM(order_amount) AS revenue,
    SUM(total_items) AS items_sold
FROM `raw`.`fct_orders`
WHERE status = 'completed'
GROUP BY toDate(orders_count)
ORDER BY sale_date
          )
        
        ...
[0m10:52:41.049849 [debug] [Thread-2 (]: dbt_clickhouse adapter: Error running SQL: /* {"app": "dbt", "dbt_version": "1.12.2", "profile_name": "analytics", "target_name": "dev", "node_id": "model.analytics.sales_daily"} */

            

    
        create table `raw`.`sales_daily`
        
  
        
  engine = MergeTree()
        
      order by (tuple())
        
        
        
        
                    -- end_of_sql
                    SETTINGS replicated_deduplication_window='0'

                    
            empty
          as (
            SELECT
    toDate(orders_count) AS sale_date,
    COUNT(*) AS orders_count,
    SUM(order_amount) AS revenue,
    SUM(total_items) AS items_sold
FROM `raw`.`fct_orders`
WHERE status = 'completed'
GROUP BY toDate(orders_count)
ORDER BY sale_date
          )
        
        
[0m10:52:41.058236 [debug] [Thread-2 (]: Database Error in model sales_daily (models/marts/sales_daily.sql)
  Code: 47.
  DB::Exception: Unknown expression or function identifier `order_amount` in scope SELECT toDate(orders_count) AS sale_date, count(*) AS orders_count, sum(order_amount) AS revenue, sum(total_items) AS items_sold FROM raw.fct_orders WHERE status = 'completed' GROUP BY toDate(orders_count) ORDER BY sale_date ASC. Maybe you meant: ['orders_count']. Stack trace:
  
  0. DB::Exception::Exception(DB::Exception::MessageMasked&&, int, bool) @ 0x000000001372225f
  1. DB::Exception::Exception(String&&, int, String, bool) @ 0x000000000cb3b0ce
  2. DB::Exception::Exception(PreformattedMessage&&, int) @ 0x000000000cb3ab80
  3. DB::Exception::Exception<char const*, String&, String, String, String>(int, FormatStringHelperImpl<std::type_identity<char const*>::type, std::type_identity<String&>::type, std::type_identity<String>::type, std::type_identity<String>::type, std::type_identity<String>::type>, char const*&&, String&, String&&, String&&, String&&) @ 0x00000000178003c2
  4. DB::QueryAnalyzer::resolveExpressionNode(std::shared_ptr<DB::IQueryTreeNode>&, DB::IdentifierResolveScope&, bool, bool, bool) @ 0x00000000177cbed2
  5. DB::QueryAnalyzer::resolveExpressionNodeList(std::shared_ptr<DB::IQueryTreeNode>&, DB::IdentifierResolveScope&, bool, bool) @ 0x00000000177c91f4
  6. DB::QueryAnalyzer::resolveFunction(std::shared_ptr<DB::IQueryTreeNode>&, DB::IdentifierResolveScope&) @ 0x00000000177e4ff8
  7. DB::QueryAnalyzer::resolveExpressionNode(std::shared_ptr<DB::IQueryTreeNode>&, DB::IdentifierResolveScope&, bool, bool, bool) @ 0x00000000177c9e40
  8. DB::QueryAnalyzer::resolveExpressionNodeList(std::shared_ptr<DB::IQueryTreeNode>&, DB::IdentifierResolveScope&, bool, bool) @ 0x00000000177c91f4
  9. DB::QueryAnalyzer::resolveProjectionExpressionNodeList(std::shared_ptr<DB::IQueryTreeNode>&, DB::IdentifierResolveScope&) @ 0x0000000017801167
  10. DB::QueryAnalyzer::resolveQuery(std::shared_ptr<DB::IQueryTreeNode> const&, DB::IdentifierResolveScope&) @ 0x00000000177c00ee
  11. DB::QueryAnalyzer::resolve(std::shared_ptr<DB::IQueryTreeNode>&, std::shared_ptr<DB::IQueryTreeNode> const&, std::shared_ptr<DB::Context const>) @ 0x00000000177bda38
  12. DB::QueryAnalysisPass::run(std::shared_ptr<DB::IQueryTreeNode>&, std::shared_ptr<DB::Context const>) @ 0x00000000177bd09c
  13. DB::QueryTreePassManager::run(std::shared_ptr<DB::IQueryTreeNode>) @ 0x0000000017824976
  14. DB::buildQueryTreeAndRunPasses(std::shared_ptr<DB::IAST> const&, DB::SelectQueryOptions const&, std::shared_ptr<DB::Context const> const&, std::shared_ptr<DB::IStorage> const&) (.llvm.12241402796318543270) @ 0x000000001839b9cd
  15. DB::InterpreterSelectQueryAnalyzer::InterpreterSelectQueryAnalyzer(std::shared_ptr<DB::IAST> const&, std::shared_ptr<DB::Context const> const&, DB::SelectQueryOptions const&, std::vector<String, std::allocator<String>> const&) @ 0x000000001839991c
  16. DB::InterpreterSelectQueryAnalyzer::getSampleBlock(std::shared_ptr<DB::IAST> const&, std::shared_ptr<DB::Context const> const&, DB::SelectQueryOptions const&) @ 0x000000001839be21
  17. DB::InterpreterCreateQuery::getTablePropertiesAndNormalizeCreateQuery(DB::ASTCreateQuery&, DB::LoadingStrictnessLevel) const @ 0x00000000182bbfdf
  18. DB::InterpreterCreateQuery::createTable(DB::ASTCreateQuery&) @ 0x00000000182c5262
  19. DB::InterpreterCreateQuery::execute() @ 0x00000000182dbbb8
  20. DB::executeQueryImpl(char const*, char const*, std::shared_ptr<DB::Context>, DB::QueryFlags, DB::QueryProcessingStage::Enum, std::unique_ptr<DB::ReadBuffer, std::default_delete<DB::ReadBuffer>>&, std::shared_ptr<DB::IAST>&, std::shared_ptr<DB::ImplicitTransactionControlExecutor>) @ 0x0000000018772719
  21. DB::executeQuery(String const&, std::shared_ptr<DB::Context>, DB::QueryFlags, DB::QueryProcessingStage::Enum) @ 0x000000001876a68b
  22. DB::TCPHandler::runImpl() @ 0x0000000019e5f590
  23. DB::TCPHandler::run() @ 0x0000000019e81619
  24. Poco::Net::TCPServerConnection::start() @ 0x000000001f485887
  25. Poco::Net::TCPServerDispatcher::run() @ 0x000000001f485d19
  26. Poco::PooledThread::run() @ 0x000000001f44c387
  27. Poco::ThreadImpl::runnableEntry(void*) @ 0x000000001f44a781
  28. ? @ 0x0000000000094a83
  29. ? @ 0x0000000000125a44
[0m10:52:41.060926 [debug] [Thread-2 (]: Sending event: {'category': 'dbt', 'action': 'run_model', 'label': '397bd00f-5d5d-4759-a4ae-9ee44d1a5484', 'context': [<snowplow_tracker.self_describing_json.SelfDescribingJson object at 0x7f3a255fb800>]}
[0m10:52:41.062349 [error] [Thread-2 (]: 2 of 2 ERROR creating sql table model `raw`.`sales_daily` ...................... [[31mERROR[0m in 0.31s]
[0m10:52:41.064518 [debug] [Thread-2 (]: Finished running node model.analytics.sales_daily
[0m10:52:41.066163 [debug] [Thread-7 (]: Marking all children of 'model.analytics.sales_daily' to be skipped because of status 'error'.  Reason: Database Error in model sales_daily (models/marts/sales_daily.sql)
  Code: 47.
  DB::Exception: Unknown expression or function identifier `order_amount` in scope SELECT toDate(orders_count) AS sale_date, count(*) AS orders_count, sum(order_amount) AS revenue, sum(total_items) AS items_sold FROM raw.fct_orders WHERE status = 'completed' GROUP BY toDate(orders_count) ORDER BY sale_date ASC. Maybe you meant: ['orders_count']. Stack trace:
  
  0. DB::Exception::Exception(DB::Exception::MessageMasked&&, int, bool) @ 0x000000001372225f
  1. DB::Exception::Exception(String&&, int, String, bool) @ 0x000000000cb3b0ce
  2. DB::Exception::Exception(PreformattedMessage&&, int) @ 0x000000000cb3ab80
  3. DB::Exception::Exception<char const*, String&, String, String, String>(int, FormatStringHelperImpl<std::type_identity<char const*>::type, std::type_identity<String&>::type, std::type_identity<String>::type, std::type_identity<String>::type, std::type_identity<String>::type>, char const*&&, String&, String&&, String&&, String&&) @ 0x00000000178003c2
  4. DB::QueryAnalyzer::resolveExpressionNode(std::shared_ptr<DB::IQueryTreeNode>&, DB::IdentifierResolveScope&, bool, bool, bool) @ 0x00000000177cbed2
  5. DB::QueryAnalyzer::resolveExpressionNodeList(std::shared_ptr<DB::IQueryTreeNode>&, DB::IdentifierResolveScope&, bool, bool) @ 0x00000000177c91f4
  6. DB::QueryAnalyzer::resolveFunction(std::shared_ptr<DB::IQueryTreeNode>&, DB::IdentifierResolveScope&) @ 0x00000000177e4ff8
  7. DB::QueryAnalyzer::resolveExpressionNode(std::shared_ptr<DB::IQueryTreeNode>&, DB::IdentifierResolveScope&, bool, bool, bool) @ 0x00000000177c9e40
  8. DB::QueryAnalyzer::resolveExpressionNodeList(std::shared_ptr<DB::IQueryTreeNode>&, DB::IdentifierResolveScope&, bool, bool) @ 0x00000000177c91f4
  9. DB::QueryAnalyzer::resolveProjectionExpressionNodeList(std::shared_ptr<DB::IQueryTreeNode>&, DB::IdentifierResolveScope&) @ 0x0000000017801167
  10. DB::QueryAnalyzer::resolveQuery(std::shared_ptr<DB::IQueryTreeNode> const&, DB::IdentifierResolveScope&) @ 0x00000000177c00ee
  11. DB::QueryAnalyzer::resolve(std::shared_ptr<DB::IQueryTreeNode>&, std::shared_ptr<DB::IQueryTreeNode> const&, std::shared_ptr<DB::Context const>) @ 0x00000000177bda38
  12. DB::QueryAnalysisPass::run(std::shared_ptr<DB::IQueryTreeNode>&, std::shared_ptr<DB::Context const>) @ 0x00000000177bd09c
  13. DB::QueryTreePassManager::run(std::shared_ptr<DB::IQueryTreeNode>) @ 0x0000000017824976
  14. DB::buildQueryTreeAndRunPasses(std::shared_ptr<DB::IAST> const&, DB::SelectQueryOptions const&, std::shared_ptr<DB::Context const> const&, std::shared_ptr<DB::IStorage> const&) (.llvm.12241402796318543270) @ 0x000000001839b9cd
  15. DB::InterpreterSelectQueryAnalyzer::InterpreterSelectQueryAnalyzer(std::shared_ptr<DB::IAST> const&, std::shared_ptr<DB::Context const> const&, DB::SelectQueryOptions const&, std::vector<String, std::allocator<String>> const&) @ 0x000000001839991c
  16. DB::InterpreterSelectQueryAnalyzer::getSampleBlock(std::shared_ptr<DB::IAST> const&, std::shared_ptr<DB::Context const> const&, DB::SelectQueryOptions const&) @ 0x000000001839be21
  17. DB::InterpreterCreateQuery::getTablePropertiesAndNormalizeCreateQuery(DB::ASTCreateQuery&, DB::LoadingStrictnessLevel) const @ 0x00000000182bbfdf
  18. DB::InterpreterCreateQuery::createTable(DB::ASTCreateQuery&) @ 0x00000000182c5262
  19. DB::InterpreterCreateQuery::execute() @ 0x00000000182dbbb8
  20. DB::executeQueryImpl(char const*, char const*, std::shared_ptr<DB::Context>, DB::QueryFlags, DB::QueryProcessingStage::Enum, std::unique_ptr<DB::ReadBuffer, std::default_delete<DB::ReadBuffer>>&, std::shared_ptr<DB::IAST>&, std::shared_ptr<DB::ImplicitTransactionControlExecutor>) @ 0x0000000018772719
  21. DB::executeQuery(String const&, std::shared_ptr<DB::Context>, DB::QueryFlags, DB::QueryProcessingStage::Enum) @ 0x000000001876a68b
  22. DB::TCPHandler::runImpl() @ 0x0000000019e5f590
  23. DB::TCPHandler::run() @ 0x0000000019e81619
  24. Poco::Net::TCPServerConnection::start() @ 0x000000001f485887
  25. Poco::Net::TCPServerDispatcher::run() @ 0x000000001f485d19
  26. Poco::PooledThread::run() @ 0x000000001f44c387
  27. Poco::ThreadImpl::runnableEntry(void*) @ 0x000000001f44a781
  28. ? @ 0x0000000000094a83
  29. ? @ 0x0000000000125a44.
[0m10:52:42.459313 [debug] [Thread-1 (]: dbt_clickhouse adapter: SQL status: OK in 1.44 seconds
[0m10:52:42.469108 [debug] [Thread-1 (]: dbt_clickhouse adapter: On model.analytics.sales_by_category: /* {"app": "dbt", "dbt_version": "1.12.2", "profile_name": "analytics", "target_name": "dev", "node_id": "model.analytics.sales_by_category"} */
EXCHANGE TABLES `raw`.`sales_by_category__dbt_backup` AND `raw`.`sales_by_category` 
  
  ...
[0m10:52:42.474643 [debug] [Thread-1 (]: dbt_clickhouse adapter: SQL status: OK in 0.00 seconds
[0m10:52:42.526671 [debug] [Thread-1 (]: dbt_clickhouse adapter: On model.analytics.sales_by_category: /* {"app": "dbt", "dbt_version": "1.12.2", "profile_name": "analytics", "target_name": "dev", "node_id": "model.analytics.sales_by_category"} */
drop table if exists `raw`.`sales_by_category__dbt_backup` 
  ...
[0m10:52:42.530232 [debug] [Thread-1 (]: dbt_clickhouse adapter: SQL status: OK in 0.00 seconds
[0m10:52:42.535288 [debug] [Thread-1 (]: Sending event: {'category': 'dbt', 'action': 'run_model', 'label': '397bd00f-5d5d-4759-a4ae-9ee44d1a5484', 'context': [<snowplow_tracker.self_describing_json.SelfDescribingJson object at 0x7f3a2899c620>]}
[0m10:52:42.537044 [info ] [Thread-1 (]: 1 of 2 OK created sql table model `raw`.`sales_by_category` .................... [[32mOK[0m in 1.78s]
[0m10:52:42.538865 [debug] [Thread-1 (]: Finished running node model.analytics.sales_by_category
[0m10:52:42.543319 [debug] [MainThread]: Connection 'master' was properly closed.
[0m10:52:42.544566 [debug] [MainThread]: Connection 'model.analytics.sales_by_category' was left open.
[0m10:52:42.545624 [debug] [MainThread]: On model.analytics.sales_by_category: Close
[0m10:52:42.546707 [debug] [MainThread]: Connection 'model.analytics.sales_daily' was left open.
[0m10:52:42.547518 [debug] [MainThread]: On model.analytics.sales_daily: Close
[0m10:52:42.548474 [info ] [MainThread]: 
[0m10:52:42.549441 [info ] [MainThread]: Finished running 2 table models in 0 hours 0 minutes and 2.14 seconds (2.14s).
[0m10:52:42.552474 [debug] [MainThread]: Command end result
[0m10:52:42.640461 [debug] [MainThread]: Wrote artifact WritableManifest to /opt/airflow/dbt/target/manifest.json
[0m10:52:42.653417 [debug] [MainThread]: Wrote artifact SemanticManifest to /opt/airflow/dbt/target/semantic_manifest.json
[0m10:52:42.664395 [debug] [MainThread]: Wrote artifact OsiDocument to /opt/airflow/dbt/target/osi_document.json
[0m10:52:42.683807 [debug] [MainThread]: Wrote artifact RunExecutionResult to /opt/airflow/dbt/target/run_results.json
[0m10:52:42.685149 [info ] [MainThread]: 
[0m10:52:42.686824 [info ] [MainThread]: [31mCompleted with 1 error, 0 partial successes, and 0 warnings:[0m
[0m10:52:42.688113 [info ] [MainThread]: 
[0m10:52:42.689611 [error] [MainThread]: [[31mERROR[0m]: in model sales_daily (models/marts/sales_daily.sql)
[0m10:52:42.694210 [error] [MainThread]:   Database Error in model sales_daily (models/marts/sales_daily.sql)
  Code: 47.
  DB::Exception: Unknown expression or function identifier `order_amount` in scope SELECT toDate(orders_count) AS sale_date, count(*) AS orders_count, sum(order_amount) AS revenue, sum(total_items) AS items_sold FROM raw.fct_orders WHERE status = 'completed' GROUP BY toDate(orders_count) ORDER BY sale_date ASC. Maybe you meant: ['orders_count']. Stack trace:
  
  0. DB::Exception::Exception(DB::Exception::MessageMasked&&, int, bool) @ 0x000000001372225f
  1. DB::Exception::Exception(String&&, int, String, bool) @ 0x000000000cb3b0ce
  2. DB::Exception::Exception(PreformattedMessage&&, int) @ 0x000000000cb3ab80
  3. DB::Exception::Exception<char const*, String&, String, String, String>(int, FormatStringHelperImpl<std::type_identity<char const*>::type, std::type_identity<String&>::type, std::type_identity<String>::type, std::type_identity<String>::type, std::type_identity<String>::type>, char const*&&, String&, String&&, String&&, String&&) @ 0x00000000178003c2
  4. DB::QueryAnalyzer::resolveExpressionNode(std::shared_ptr<DB::IQueryTreeNode>&, DB::IdentifierResolveScope&, bool, bool, bool) @ 0x00000000177cbed2
  5. DB::QueryAnalyzer::resolveExpressionNodeList(std::shared_ptr<DB::IQueryTreeNode>&, DB::IdentifierResolveScope&, bool, bool) @ 0x00000000177c91f4
  6. DB::QueryAnalyzer::resolveFunction(std::shared_ptr<DB::IQueryTreeNode>&, DB::IdentifierResolveScope&) @ 0x00000000177e4ff8
  7. DB::QueryAnalyzer::resolveExpressionNode(std::shared_ptr<DB::IQueryTreeNode>&, DB::IdentifierResolveScope&, bool, bool, bool) @ 0x00000000177c9e40
  8. DB::QueryAnalyzer::resolveExpressionNodeList(std::shared_ptr<DB::IQueryTreeNode>&, DB::IdentifierResolveScope&, bool, bool) @ 0x00000000177c91f4
  9. DB::QueryAnalyzer::resolveProjectionExpressionNodeList(std::shared_ptr<DB::IQueryTreeNode>&, DB::IdentifierResolveScope&) @ 0x0000000017801167
  10. DB::QueryAnalyzer::resolveQuery(std::shared_ptr<DB::IQueryTreeNode> const&, DB::IdentifierResolveScope&) @ 0x00000000177c00ee
  11. DB::QueryAnalyzer::resolve(std::shared_ptr<DB::IQueryTreeNode>&, std::shared_ptr<DB::IQueryTreeNode> const&, std::shared_ptr<DB::Context const>) @ 0x00000000177bda38
  12. DB::QueryAnalysisPass::run(std::shared_ptr<DB::IQueryTreeNode>&, std::shared_ptr<DB::Context const>) @ 0x00000000177bd09c
  13. DB::QueryTreePassManager::run(std::shared_ptr<DB::IQueryTreeNode>) @ 0x0000000017824976
  14. DB::buildQueryTreeAndRunPasses(std::shared_ptr<DB::IAST> const&, DB::SelectQueryOptions const&, std::shared_ptr<DB::Context const> const&, std::shared_ptr<DB::IStorage> const&) (.llvm.12241402796318543270) @ 0x000000001839b9cd
  15. DB::InterpreterSelectQueryAnalyzer::InterpreterSelectQueryAnalyzer(std::shared_ptr<DB::IAST> const&, std::shared_ptr<DB::Context const> const&, DB::SelectQueryOptions const&, std::vector<String, std::allocator<String>> const&) @ 0x000000001839991c
  16. DB::InterpreterSelectQueryAnalyzer::getSampleBlock(std::shared_ptr<DB::IAST> const&, std::shared_ptr<DB::Context const> const&, DB::SelectQueryOptions const&) @ 0x000000001839be21
  17. DB::InterpreterCreateQuery::getTablePropertiesAndNormalizeCreateQuery(DB::ASTCreateQuery&, DB::LoadingStrictnessLevel) const @ 0x00000000182bbfdf
  18. DB::InterpreterCreateQuery::createTable(DB::ASTCreateQuery&) @ 0x00000000182c5262
  19. DB::InterpreterCreateQuery::execute() @ 0x00000000182dbbb8
  20. DB::executeQueryImpl(char const*, char const*, std::shared_ptr<DB::Context>, DB::QueryFlags, DB::QueryProcessingStage::Enum, std::unique_ptr<DB::ReadBuffer, std::default_delete<DB::ReadBuffer>>&, std::shared_ptr<DB::IAST>&, std::shared_ptr<DB::ImplicitTransactionControlExecutor>) @ 0x0000000018772719
  21. DB::executeQuery(String const&, std::shared_ptr<DB::Context>, DB::QueryFlags, DB::QueryProcessingStage::Enum) @ 0x000000001876a68b
  22. DB::TCPHandler::runImpl() @ 0x0000000019e5f590
  23. DB::TCPHandler::run() @ 0x0000000019e81619
  24. Poco::Net::TCPServerConnection::start() @ 0x000000001f485887
  25. Poco::Net::TCPServerDispatcher::run() @ 0x000000001f485d19
  26. Poco::PooledThread::run() @ 0x000000001f44c387
  27. Poco::ThreadImpl::runnableEntry(void*) @ 0x000000001f44a781
  28. ? @ 0x0000000000094a83
  29. ? @ 0x0000000000125a44
[0m10:52:42.695861 [info ] [MainThread]: 
[0m10:52:42.697660 [info ] [MainThread]:   compiled code at target/compiled/analytics/models/marts/sales_daily.sql
[0m10:52:42.699250 [info ] [MainThread]: 
[0m10:52:42.700642 [info ] [MainThread]: Done. PASS=1 WARN=0 ERROR=1 SKIP=0 NO-OP=0 REUSED=0 TOTAL=2
[0m10:52:42.703638 [debug] [MainThread]: Resource report: {"command_name": "run", "command_success": false, "command_wall_clock_time": 3.7374556, "process_in_blocks": "0", "process_kernel_time": 0.437072, "process_mem_max_rss": "159536", "process_out_blocks": "0", "process_user_time": 4.296581}
[0m10:52:42.705461 [debug] [MainThread]: Command `dbt run` failed at 10:52:42.705076 after 3.74 seconds
[0m10:52:42.707451 [debug] [MainThread]: Sending event: {'category': 'dbt', 'action': 'invocation', 'label': 'end', 'context': [<snowplow_tracker.self_describing_json.SelfDescribingJson object at 0x7f3a28d51910>, <snowplow_tracker.self_describing_json.SelfDescribingJson object at 0x7f3a26536b10>, <snowplow_tracker.self_describing_json.SelfDescribingJson object at 0x7f3a25734770>]}
[0m10:52:42.708990 [debug] [MainThread]: Flushing usage events
[0m10:52:43.394444 [debug] [MainThread]: An error was encountered while trying to flush usage events
[0m11:09:55.544913 [debug] [MainThread]: Sending event: {'category': 'dbt', 'action': 'invocation', 'label': 'start', 'context': [<snowplow_tracker.self_describing_json.SelfDescribingJson object at 0x7ee1632ff350>, <snowplow_tracker.self_describing_json.SelfDescribingJson object at 0x7ee16689cf80>, <snowplow_tracker.self_describing_json.SelfDescribingJson object at 0x7ee1645bf680>]}


============================== 11:09:55.552662 | 59706e4f-a0b2-4f1f-8b39-303123c1aa62 ==============================
[0m11:09:55.552662 [info ] [MainThread]: Running with dbt=1.12.2
[0m11:09:55.553632 [debug] [MainThread]: running dbt with arguments {'warn_error': 'None', 'version_check': 'True', 'log_path': '/opt/airflow/dbt/logs', 'no_print': 'None', 'partial_parse': 'True', 'maximum_seed_size_mib': '1', 'introspect': 'True', 'profiles_dir': '/opt/airflow/dbt', 'write_json': 'True', 'invocation_command': 'dbt run --select fct_orders --project-dir /opt/airflow/dbt --profiles-dir /opt/airflow/dbt', 'quiet': 'False', 'debug': 'False', 'hints_enabled': 'True', 'static_parser': 'True', 'warn_error_options': 'WarnErrorOptionsV2(error=[], warn=[], silence=[])', 'indirect_selection': 'eager', 'log_cache_events': 'False', 'fail_fast': 'False', 'target_path': 'None', 'printer_width': '80', 'empty': 'False', 'use_experimental_parser': 'False', 'send_anonymous_usage_stats': 'True', 'log_format': 'default', 'use_colors': 'True', 'cache_selected_only': 'False'}
[0m11:09:55.821292 [debug] [MainThread]: Sending event: {'category': 'dbt', 'action': 'project_id', 'label': '59706e4f-a0b2-4f1f-8b39-303123c1aa62', 'context': [<snowplow_tracker.self_describing_json.SelfDescribingJson object at 0x7ee1663a1370>]}
[0m11:09:55.920361 [debug] [MainThread]: Sending event: {'category': 'dbt', 'action': 'adapter_info', 'label': '59706e4f-a0b2-4f1f-8b39-303123c1aa62', 'context': [<snowplow_tracker.self_describing_json.SelfDescribingJson object at 0x7ee164644c20>]}
[0m11:09:55.921921 [info ] [MainThread]: Registered adapter: clickhouse=1.9.3
[0m11:09:56.059257 [debug] [MainThread]: checksum: adba77356f91f81a11ee2fa729542f151b163d2280a76ec0a147e0b39f20e5da, vars: {}, profile: analytics, target: dev, version: 1.12.2
[0m11:09:56.356472 [debug] [MainThread]: Partial parsing enabled: 0 files deleted, 0 files added, 0 files changed.
[0m11:09:56.357599 [debug] [MainThread]: Nothing changed, skipping partial parsing.
[0m11:09:56.358248 [debug] [MainThread]: Partial parsing enabled, no changes found, skipping parsing
[0m11:09:56.377311 [debug] [MainThread]: Sending event: {'category': 'dbt', 'action': 'load_project', 'label': '59706e4f-a0b2-4f1f-8b39-303123c1aa62', 'context': [<snowplow_tracker.self_describing_json.SelfDescribingJson object at 0x7ee1631cd670>]}
[0m11:09:56.519215 [debug] [MainThread]: Wrote artifact WritableManifest to /opt/airflow/dbt/target/manifest.json
[0m11:09:56.528625 [debug] [MainThread]: Wrote artifact SemanticManifest to /opt/airflow/dbt/target/semantic_manifest.json
[0m11:09:56.554062 [debug] [MainThread]: Wrote artifact OsiDocument to /opt/airflow/dbt/target/osi_document.json
[0m11:09:56.585639 [debug] [MainThread]: Sending event: {'category': 'dbt', 'action': 'resource_counts', 'label': '59706e4f-a0b2-4f1f-8b39-303123c1aa62', 'context': [<snowplow_tracker.self_describing_json.SelfDescribingJson object at 0x7ee162e5d520>]}
[0m11:09:56.587427 [info ] [MainThread]: Found 7 models, 521 macros
[0m11:09:56.588738 [debug] [MainThread]: Sending event: {'category': 'dbt', 'action': 'runnable_timing', 'label': '59706e4f-a0b2-4f1f-8b39-303123c1aa62', 'context': [<snowplow_tracker.self_describing_json.SelfDescribingJson object at 0x7ee162dab7d0>]}
[0m11:09:56.592495 [info ] [MainThread]: 
[0m11:09:56.593634 [info ] [MainThread]: Concurrency: 4 threads (target='dev')
[0m11:09:56.594784 [info ] [MainThread]: 
[0m11:09:56.598350 [debug] [MainThread]: Acquiring new clickhouse connection 'master'
[0m11:09:56.600947 [debug] [ThreadPool]: Acquiring new clickhouse connection 'list_'
[0m11:09:56.629722 [debug] [ThreadPool]: Opening a new connection, currently in state init
[0m11:09:56.920962 [debug] [ThreadPool]: dbt_clickhouse adapter: On list_: /* {"app": "dbt", "dbt_version": "1.12.2", "profile_name": "analytics", "target_name": "dev", "connection_name": "list_"} */

    select name from system.databases
  ...
[0m11:09:56.927276 [debug] [ThreadPool]: dbt_clickhouse adapter: SQL status: OK in 0.01 seconds
[0m11:09:56.991432 [debug] [ThreadPool]: Re-using an available connection from the pool (formerly list_, now list__raw)
[0m11:09:57.006161 [debug] [ThreadPool]: dbt_clickhouse adapter: On list__raw: /* {"app": "dbt", "dbt_version": "1.12.2", "profile_name": "analytics", "target_name": "dev", "connection_name": "list__raw"} */
select
      t.name as name,
      t.database as schema,
      multiIf(
        engine in ('MaterializedView', 'View'), 'view',
        engine = 'Dictionary', 'dictionary',
        'table'
      ) as type,
      db.engine as db_engine,0 as is_on_cluster
          from system.tables as t join system.databases as db on t.database = db.name
        where schema = 'raw'
      

  ...
[0m11:09:57.016268 [debug] [ThreadPool]: dbt_clickhouse adapter: SQL status: OK in 0.01 seconds
[0m11:09:57.022788 [debug] [MainThread]: Sending event: {'category': 'dbt', 'action': 'runnable_timing', 'label': '59706e4f-a0b2-4f1f-8b39-303123c1aa62', 'context': [<snowplow_tracker.self_describing_json.SelfDescribingJson object at 0x7ee162ffeab0>]}
[0m11:09:57.032383 [debug] [Thread-1 (]: Began running node model.analytics.fct_orders
[0m11:09:57.036023 [info ] [Thread-1 (]: 1 of 1 START sql table model `raw`.`fct_orders` ................................ [RUN]
[0m11:09:57.038925 [debug] [Thread-1 (]: Re-using an available connection from the pool (formerly list__raw, now model.analytics.fct_orders)
[0m11:09:57.040442 [debug] [Thread-1 (]: Began compiling node model.analytics.fct_orders
[0m11:09:57.057530 [debug] [Thread-1 (]: Writing injected SQL for node "model.analytics.fct_orders"
[0m11:09:57.077379 [debug] [Thread-1 (]: Began executing node model.analytics.fct_orders
[0m11:09:57.201984 [debug] [Thread-1 (]: dbt_clickhouse adapter: On model.analytics.fct_orders: /* {"app": "dbt", "dbt_version": "1.12.2", "profile_name": "analytics", "target_name": "dev", "node_id": "model.analytics.fct_orders"} */

            

    
        create table `raw`.`fct_orders__dbt_backup`
        
  
        
  engine = MergeTree()
        
      order by (tuple())
        
        
        
        
                    -- end_of_sql
                    SETTINGS replicated_deduplication_window='0'

                    
            empty
          as (
            SELECT 
    o.order_id,
    o.customer_id,
    o.order_date,
    o.status,
    SUM(oi.total_amount) AS order_amount,
    SUM(oi.quantity) AS total_items
FROM `raw`.`stg_orders` o
JOIN `raw`.`stg_order_items` oi
ON o.order_id = oi.order_id
GROUP BY
    o.order_id,
    o.customer_id,
    o.order_date,
    o.status
          )
        
        ...
[0m11:09:57.216271 [debug] [Thread-1 (]: dbt_clickhouse adapter: SQL status: OK in 0.01 seconds
[0m11:09:57.247868 [debug] [Thread-1 (]: dbt_clickhouse adapter: On model.analytics.fct_orders: /* {"app": "dbt", "dbt_version": "1.12.2", "profile_name": "analytics", "target_name": "dev", "node_id": "model.analytics.fct_orders"} */

    select name, type from system.columns where table = 'fct_orders__dbt_backup'
    
      and database = 'raw'
    
    order by position
  ...
[0m11:09:57.256301 [debug] [Thread-1 (]: dbt_clickhouse adapter: SQL status: OK in 0.01 seconds
[0m11:09:57.265465 [debug] [Thread-1 (]: Writing runtime sql for node "model.analytics.fct_orders"
[0m11:09:57.280845 [debug] [Thread-1 (]: dbt_clickhouse adapter: On model.analytics.fct_orders: /* {"app": "dbt", "dbt_version": "1.12.2", "profile_name": "analytics", "target_name": "dev", "node_id": "model.analytics.fct_orders"} */

  
    
    
    
        
         


        insert into `raw`.`fct_orders__dbt_backup`
        ("order_id", "customer_id", "order_date", "status", "order_amount", "total_items")SELECT 
    o.order_id,
    o.customer_id,
    o.order_date,
    o.status,
    SUM(oi.total_amount) AS order_amount,
    SUM(oi.quantity) AS total_items
FROM `raw`.`stg_orders` o
JOIN `raw`.`stg_order_items` oi
ON o.order_id = oi.order_id
GROUP BY
    o.order_id,
    o.customer_id,
    o.order_date,
    o.status
  ...
[0m11:09:59.360809 [debug] [Thread-1 (]: dbt_clickhouse adapter: SQL status: OK in 2.08 seconds
[0m11:09:59.381939 [debug] [Thread-1 (]: dbt_clickhouse adapter: On model.analytics.fct_orders: /* {"app": "dbt", "dbt_version": "1.12.2", "profile_name": "analytics", "target_name": "dev", "node_id": "model.analytics.fct_orders"} */
EXCHANGE TABLES `raw`.`fct_orders__dbt_backup` AND `raw`.`fct_orders` 
  
  ...
[0m11:09:59.394856 [debug] [Thread-1 (]: dbt_clickhouse adapter: SQL status: OK in 0.01 seconds
[0m11:09:59.473472 [debug] [Thread-1 (]: dbt_clickhouse adapter: On model.analytics.fct_orders: /* {"app": "dbt", "dbt_version": "1.12.2", "profile_name": "analytics", "target_name": "dev", "node_id": "model.analytics.fct_orders"} */
drop table if exists `raw`.`fct_orders__dbt_backup` 
  ...
[0m11:09:59.477495 [debug] [Thread-1 (]: dbt_clickhouse adapter: SQL status: OK in 0.00 seconds
[0m11:09:59.488390 [debug] [Thread-1 (]: Sending event: {'category': 'dbt', 'action': 'run_model', 'label': '59706e4f-a0b2-4f1f-8b39-303123c1aa62', 'context': [<snowplow_tracker.self_describing_json.SelfDescribingJson object at 0x7ee162bc82c0>]}
[0m11:09:59.490754 [info ] [Thread-1 (]: 1 of 1 OK created sql table model `raw`.`fct_orders` ........................... [[32mOK[0m in 2.45s]
[0m11:09:59.492929 [debug] [Thread-1 (]: Finished running node model.analytics.fct_orders
[0m11:09:59.497557 [debug] [MainThread]: Connection 'master' was properly closed.
[0m11:09:59.498726 [debug] [MainThread]: Connection 'model.analytics.fct_orders' was left open.
[0m11:09:59.499882 [debug] [MainThread]: On model.analytics.fct_orders: Close
[0m11:09:59.501550 [info ] [MainThread]: 
[0m11:09:59.503286 [info ] [MainThread]: Finished running 1 table model in 0 hours 0 minutes and 2.90 seconds (2.90s).
[0m11:09:59.511375 [debug] [MainThread]: Command end result
[0m11:10:00.008077 [debug] [MainThread]: Wrote artifact WritableManifest to /opt/airflow/dbt/target/manifest.json
[0m11:10:00.056152 [debug] [MainThread]: Wrote artifact SemanticManifest to /opt/airflow/dbt/target/semantic_manifest.json
[0m11:10:00.099496 [debug] [MainThread]: Wrote artifact OsiDocument to /opt/airflow/dbt/target/osi_document.json
[0m11:10:00.135808 [debug] [MainThread]: Wrote artifact RunExecutionResult to /opt/airflow/dbt/target/run_results.json
[0m11:10:00.136902 [info ] [MainThread]: 
[0m11:10:00.138616 [info ] [MainThread]: [32mCompleted successfully[0m
[0m11:10:00.139975 [info ] [MainThread]: 
[0m11:10:00.141479 [info ] [MainThread]: Done. PASS=1 WARN=0 ERROR=0 SKIP=0 NO-OP=0 REUSED=0 TOTAL=1
[0m11:10:00.144952 [debug] [MainThread]: Resource report: {"command_name": "run", "command_success": true, "command_wall_clock_time": 4.7617235, "process_in_blocks": "0", "process_kernel_time": 0.53255, "process_mem_max_rss": "154360", "process_out_blocks": "0", "process_user_time": 4.683314}
[0m11:10:00.146987 [debug] [MainThread]: Command `dbt run` succeeded at 11:10:00.146656 after 4.76 seconds
[0m11:10:00.148418 [debug] [MainThread]: Sending event: {'category': 'dbt', 'action': 'invocation', 'label': 'end', 'context': [<snowplow_tracker.self_describing_json.SelfDescribingJson object at 0x7ee1663a08c0>, <snowplow_tracker.self_describing_json.SelfDescribingJson object at 0x7ee162f904d0>, <snowplow_tracker.self_describing_json.SelfDescribingJson object at 0x7ee163234500>]}
[0m11:10:00.155437 [debug] [MainThread]: Flushing usage events
[0m11:10:01.010342 [debug] [MainThread]: An error was encountered while trying to flush usage events
[0m11:10:14.406183 [debug] [MainThread]: Sending event: {'category': 'dbt', 'action': 'invocation', 'label': 'start', 'context': [<snowplow_tracker.self_describing_json.SelfDescribingJson object at 0x72fda26f5940>, <snowplow_tracker.self_describing_json.SelfDescribingJson object at 0x72fda44be870>, <snowplow_tracker.self_describing_json.SelfDescribingJson object at 0x72fda3615820>]}


============================== 11:10:14.416017 | 689a7553-6c31-435c-be04-05af2d47f332 ==============================
[0m11:10:14.416017 [info ] [MainThread]: Running with dbt=1.12.2
[0m11:10:14.417711 [debug] [MainThread]: running dbt with arguments {'maximum_seed_size_mib': '1', 'cache_selected_only': 'False', 'static_parser': 'True', 'partial_parse': 'True', 'hints_enabled': 'True', 'printer_width': '80', 'target_path': 'None', 'log_path': '/opt/airflow/dbt/logs', 'warn_error': 'None', 'version_check': 'True', 'debug': 'False', 'use_colors': 'True', 'log_cache_events': 'False', 'no_print': 'None', 'introspect': 'True', 'log_format': 'default', 'write_json': 'True', 'empty': 'False', 'invocation_command': 'dbt run --select sales_daily --project-dir /opt/airflow/dbt --profiles-dir /opt/airflow/dbt', 'send_anonymous_usage_stats': 'True', 'warn_error_options': 'WarnErrorOptionsV2(error=[], warn=[], silence=[])', 'quiet': 'False', 'indirect_selection': 'eager', 'use_experimental_parser': 'False', 'profiles_dir': '/opt/airflow/dbt', 'fail_fast': 'False'}
[0m11:10:14.769109 [debug] [MainThread]: Sending event: {'category': 'dbt', 'action': 'project_id', 'label': '689a7553-6c31-435c-be04-05af2d47f332', 'context': [<snowplow_tracker.self_describing_json.SelfDescribingJson object at 0x72fda256fe00>]}
[0m11:10:14.870857 [debug] [MainThread]: Sending event: {'category': 'dbt', 'action': 'adapter_info', 'label': '689a7553-6c31-435c-be04-05af2d47f332', 'context': [<snowplow_tracker.self_describing_json.SelfDescribingJson object at 0x72fda26f7890>]}
[0m11:10:14.872811 [info ] [MainThread]: Registered adapter: clickhouse=1.9.3
[0m11:10:15.024156 [debug] [MainThread]: checksum: adba77356f91f81a11ee2fa729542f151b163d2280a76ec0a147e0b39f20e5da, vars: {}, profile: analytics, target: dev, version: 1.12.2
[0m11:10:15.371037 [debug] [MainThread]: Partial parsing enabled: 0 files deleted, 0 files added, 0 files changed.
[0m11:10:15.371889 [debug] [MainThread]: Nothing changed, skipping partial parsing.
[0m11:10:15.372746 [debug] [MainThread]: Partial parsing enabled, no changes found, skipping parsing
[0m11:10:15.387712 [debug] [MainThread]: Sending event: {'category': 'dbt', 'action': 'load_project', 'label': '689a7553-6c31-435c-be04-05af2d47f332', 'context': [<snowplow_tracker.self_describing_json.SelfDescribingJson object at 0x72fda5648e60>]}
[0m11:10:15.545968 [debug] [MainThread]: Wrote artifact WritableManifest to /opt/airflow/dbt/target/manifest.json
[0m11:10:15.556104 [debug] [MainThread]: Wrote artifact SemanticManifest to /opt/airflow/dbt/target/semantic_manifest.json
[0m11:10:15.588803 [debug] [MainThread]: Wrote artifact OsiDocument to /opt/airflow/dbt/target/osi_document.json
[0m11:10:15.621495 [debug] [MainThread]: Sending event: {'category': 'dbt', 'action': 'resource_counts', 'label': '689a7553-6c31-435c-be04-05af2d47f332', 'context': [<snowplow_tracker.self_describing_json.SelfDescribingJson object at 0x72fda224d160>]}
[0m11:10:15.622777 [info ] [MainThread]: Found 7 models, 521 macros
[0m11:10:15.624133 [debug] [MainThread]: Sending event: {'category': 'dbt', 'action': 'runnable_timing', 'label': '689a7553-6c31-435c-be04-05af2d47f332', 'context': [<snowplow_tracker.self_describing_json.SelfDescribingJson object at 0x72fda26640b0>]}
[0m11:10:15.627895 [info ] [MainThread]: 
[0m11:10:15.633354 [info ] [MainThread]: Concurrency: 4 threads (target='dev')
[0m11:10:15.635286 [info ] [MainThread]: 
[0m11:10:15.638313 [debug] [MainThread]: Acquiring new clickhouse connection 'master'
[0m11:10:15.642875 [debug] [ThreadPool]: Acquiring new clickhouse connection 'list_'
[0m11:10:15.694358 [debug] [ThreadPool]: Opening a new connection, currently in state init
[0m11:10:16.112366 [debug] [ThreadPool]: dbt_clickhouse adapter: On list_: /* {"app": "dbt", "dbt_version": "1.12.2", "profile_name": "analytics", "target_name": "dev", "connection_name": "list_"} */

    select name from system.databases
  ...
[0m11:10:16.117423 [debug] [ThreadPool]: dbt_clickhouse adapter: SQL status: OK in 0.00 seconds
[0m11:10:16.193166 [debug] [ThreadPool]: Re-using an available connection from the pool (formerly list_, now list__raw)
[0m11:10:16.211752 [debug] [ThreadPool]: dbt_clickhouse adapter: On list__raw: /* {"app": "dbt", "dbt_version": "1.12.2", "profile_name": "analytics", "target_name": "dev", "connection_name": "list__raw"} */
select
      t.name as name,
      t.database as schema,
      multiIf(
        engine in ('MaterializedView', 'View'), 'view',
        engine = 'Dictionary', 'dictionary',
        'table'
      ) as type,
      db.engine as db_engine,0 as is_on_cluster
          from system.tables as t join system.databases as db on t.database = db.name
        where schema = 'raw'
      

  ...
[0m11:10:16.221351 [debug] [ThreadPool]: dbt_clickhouse adapter: SQL status: OK in 0.01 seconds
[0m11:10:16.230549 [debug] [MainThread]: Sending event: {'category': 'dbt', 'action': 'runnable_timing', 'label': '689a7553-6c31-435c-be04-05af2d47f332', 'context': [<snowplow_tracker.self_describing_json.SelfDescribingJson object at 0x72fda20191f0>]}
[0m11:10:16.248104 [debug] [Thread-1 (]: Began running node model.analytics.sales_daily
[0m11:10:16.251104 [info ] [Thread-1 (]: 1 of 1 START sql table model `raw`.`sales_daily` ............................... [RUN]
[0m11:10:16.252925 [debug] [Thread-1 (]: Re-using an available connection from the pool (formerly list__raw, now model.analytics.sales_daily)
[0m11:10:16.254254 [debug] [Thread-1 (]: Began compiling node model.analytics.sales_daily
[0m11:10:16.270237 [debug] [Thread-1 (]: Writing injected SQL for node "model.analytics.sales_daily"
[0m11:10:16.298333 [debug] [Thread-1 (]: Began executing node model.analytics.sales_daily
[0m11:10:16.342476 [debug] [Thread-1 (]: Creating new relation sales_daily
[0m11:10:16.444828 [debug] [Thread-1 (]: dbt_clickhouse adapter: On model.analytics.sales_daily: /* {"app": "dbt", "dbt_version": "1.12.2", "profile_name": "analytics", "target_name": "dev", "node_id": "model.analytics.sales_daily"} */

            

    
        create table `raw`.`sales_daily`
        
  
        
  engine = MergeTree()
        
      order by (tuple())
        
        
        
        
                    -- end_of_sql
                    SETTINGS replicated_deduplication_window='0'

                    
            empty
          as (
            SELECT
    toDate(orders_count) AS sale_date,
    COUNT(*) AS orders_count,
    SUM(order_amount) AS revenue,
    SUM(total_items) AS items_sold
FROM `raw`.`fct_orders`
WHERE status = 'completed'
GROUP BY toDate(orders_count)
ORDER BY sale_date
          )
        
        ...
[0m11:10:16.460705 [debug] [Thread-1 (]: dbt_clickhouse adapter: Error running SQL: /* {"app": "dbt", "dbt_version": "1.12.2", "profile_name": "analytics", "target_name": "dev", "node_id": "model.analytics.sales_daily"} */

            

    
        create table `raw`.`sales_daily`
        
  
        
  engine = MergeTree()
        
      order by (tuple())
        
        
        
        
                    -- end_of_sql
                    SETTINGS replicated_deduplication_window='0'

                    
            empty
          as (
            SELECT
    toDate(orders_count) AS sale_date,
    COUNT(*) AS orders_count,
    SUM(order_amount) AS revenue,
    SUM(total_items) AS items_sold
FROM `raw`.`fct_orders`
WHERE status = 'completed'
GROUP BY toDate(orders_count)
ORDER BY sale_date
          )
        
        
[0m11:10:16.474084 [debug] [Thread-1 (]: Database Error in model sales_daily (models/marts/sales_daily.sql)
  Code: 184.
  DB::Exception: Aggregate function count(*) AS orders_count is found in GROUP BY in query. Stack trace:
  
  0. DB::Exception::Exception(DB::Exception::MessageMasked&&, int, bool) @ 0x000000001372225f
  1. DB::Exception::Exception(String&&, int, String, bool) @ 0x000000000cb3b0ce
  2. DB::Exception::Exception(PreformattedMessage&&, int) @ 0x000000000cb3ab80
  3. DB::Exception::Exception<String, String&>(int, FormatStringHelperImpl<std::type_identity<String>::type, std::type_identity<String&>::type>, String&&, String&) @ 0x000000000e6d426b
  4. DB::InDepthQueryTreeVisitor<DB::(anonymous namespace)::CollectAggregateFunctionNodesVisitor, true>::visit(std::shared_ptr<DB::IQueryTreeNode> const&) (.llvm.7947817906002445426) @ 0x000000001781ff70
  5. DB::InDepthQueryTreeVisitor<DB::(anonymous namespace)::CollectAggregateFunctionNodesVisitor, true>::visit(std::shared_ptr<DB::IQueryTreeNode> const&) (.llvm.7947817906002445426) @ 0x000000001781fefa
  6. DB::InDepthQueryTreeVisitor<DB::(anonymous namespace)::CollectAggregateFunctionNodesVisitor, true>::visit(std::shared_ptr<DB::IQueryTreeNode> const&) (.llvm.7947817906002445426) @ 0x000000001781fefa
  7. DB::InDepthQueryTreeVisitor<DB::(anonymous namespace)::CollectAggregateFunctionNodesVisitor, true>::visit(std::shared_ptr<DB::IQueryTreeNode> const&) (.llvm.7947817906002445426) @ 0x000000001781fefa
  8. DB::validateAggregates(std::shared_ptr<DB::IQueryTreeNode> const&, DB::AggregatesValidationParams) @ 0x000000001781ada9
  9. DB::QueryAnalyzer::resolveQuery(std::shared_ptr<DB::IQueryTreeNode> const&, DB::IdentifierResolveScope&) @ 0x00000000177c2d73
  10. DB::QueryAnalyzer::resolve(std::shared_ptr<DB::IQueryTreeNode>&, std::shared_ptr<DB::IQueryTreeNode> const&, std::shared_ptr<DB::Context const>) @ 0x00000000177bda38
  11. DB::QueryAnalysisPass::run(std::shared_ptr<DB::IQueryTreeNode>&, std::shared_ptr<DB::Context const>) @ 0x00000000177bd09c
  12. DB::QueryTreePassManager::run(std::shared_ptr<DB::IQueryTreeNode>) @ 0x0000000017824976
  13. DB::buildQueryTreeAndRunPasses(std::shared_ptr<DB::IAST> const&, DB::SelectQueryOptions const&, std::shared_ptr<DB::Context const> const&, std::shared_ptr<DB::IStorage> const&) (.llvm.12241402796318543270) @ 0x000000001839b9cd
  14. DB::InterpreterSelectQueryAnalyzer::InterpreterSelectQueryAnalyzer(std::shared_ptr<DB::IAST> const&, std::shared_ptr<DB::Context const> const&, DB::SelectQueryOptions const&, std::vector<String, std::allocator<String>> const&) @ 0x000000001839991c
  15. DB::InterpreterSelectQueryAnalyzer::getSampleBlock(std::shared_ptr<DB::IAST> const&, std::shared_ptr<DB::Context const> const&, DB::SelectQueryOptions const&) @ 0x000000001839be21
  16. DB::InterpreterCreateQuery::getTablePropertiesAndNormalizeCreateQuery(DB::ASTCreateQuery&, DB::LoadingStrictnessLevel) const @ 0x00000000182bbfdf
  17. DB::InterpreterCreateQuery::createTable(DB::ASTCreateQuery&) @ 0x00000000182c5262
  18. DB::InterpreterCreateQuery::execute() @ 0x00000000182dbbb8
  19. DB::executeQueryImpl(char const*, char const*, std::shared_ptr<DB::Context>, DB::QueryFlags, DB::QueryProcessingStage::Enum, std::unique_ptr<DB::ReadBuffer, std::default_delete<DB::ReadBuffer>>&, std::shared_ptr<DB::IAST>&, std::shared_ptr<DB::ImplicitTransactionControlExecutor>) @ 0x0000000018772719
  20. DB::executeQuery(String const&, std::shared_ptr<DB::Context>, DB::QueryFlags, DB::QueryProcessingStage::Enum) @ 0x000000001876a68b
  21. DB::TCPHandler::runImpl() @ 0x0000000019e5f590
  22. DB::TCPHandler::run() @ 0x0000000019e81619
  23. Poco::Net::TCPServerConnection::start() @ 0x000000001f485887
  24. Poco::Net::TCPServerDispatcher::run() @ 0x000000001f485d19
  25. Poco::PooledThread::run() @ 0x000000001f44c387
  26. Poco::ThreadImpl::runnableEntry(void*) @ 0x000000001f44a781
  27. ? @ 0x0000000000094a83
  28. ? @ 0x0000000000125a44
[0m11:10:16.478883 [debug] [Thread-1 (]: Sending event: {'category': 'dbt', 'action': 'run_model', 'label': '689a7553-6c31-435c-be04-05af2d47f332', 'context': [<snowplow_tracker.self_describing_json.SelfDescribingJson object at 0x72fda3a58e00>]}
[0m11:10:16.480602 [error] [Thread-1 (]: 1 of 1 ERROR creating sql table model `raw`.`sales_daily` ...................... [[31mERROR[0m in 0.22s]
[0m11:10:16.483241 [debug] [Thread-1 (]: Finished running node model.analytics.sales_daily
[0m11:10:16.485594 [debug] [Thread-7 (]: Marking all children of 'model.analytics.sales_daily' to be skipped because of status 'error'.  Reason: Database Error in model sales_daily (models/marts/sales_daily.sql)
  Code: 184.
  DB::Exception: Aggregate function count(*) AS orders_count is found in GROUP BY in query. Stack trace:
  
  0. DB::Exception::Exception(DB::Exception::MessageMasked&&, int, bool) @ 0x000000001372225f
  1. DB::Exception::Exception(String&&, int, String, bool) @ 0x000000000cb3b0ce
  2. DB::Exception::Exception(PreformattedMessage&&, int) @ 0x000000000cb3ab80
  3. DB::Exception::Exception<String, String&>(int, FormatStringHelperImpl<std::type_identity<String>::type, std::type_identity<String&>::type>, String&&, String&) @ 0x000000000e6d426b
  4. DB::InDepthQueryTreeVisitor<DB::(anonymous namespace)::CollectAggregateFunctionNodesVisitor, true>::visit(std::shared_ptr<DB::IQueryTreeNode> const&) (.llvm.7947817906002445426) @ 0x000000001781ff70
  5. DB::InDepthQueryTreeVisitor<DB::(anonymous namespace)::CollectAggregateFunctionNodesVisitor, true>::visit(std::shared_ptr<DB::IQueryTreeNode> const&) (.llvm.7947817906002445426) @ 0x000000001781fefa
  6. DB::InDepthQueryTreeVisitor<DB::(anonymous namespace)::CollectAggregateFunctionNodesVisitor, true>::visit(std::shared_ptr<DB::IQueryTreeNode> const&) (.llvm.7947817906002445426) @ 0x000000001781fefa
  7. DB::InDepthQueryTreeVisitor<DB::(anonymous namespace)::CollectAggregateFunctionNodesVisitor, true>::visit(std::shared_ptr<DB::IQueryTreeNode> const&) (.llvm.7947817906002445426) @ 0x000000001781fefa
  8. DB::validateAggregates(std::shared_ptr<DB::IQueryTreeNode> const&, DB::AggregatesValidationParams) @ 0x000000001781ada9
  9. DB::QueryAnalyzer::resolveQuery(std::shared_ptr<DB::IQueryTreeNode> const&, DB::IdentifierResolveScope&) @ 0x00000000177c2d73
  10. DB::QueryAnalyzer::resolve(std::shared_ptr<DB::IQueryTreeNode>&, std::shared_ptr<DB::IQueryTreeNode> const&, std::shared_ptr<DB::Context const>) @ 0x00000000177bda38
  11. DB::QueryAnalysisPass::run(std::shared_ptr<DB::IQueryTreeNode>&, std::shared_ptr<DB::Context const>) @ 0x00000000177bd09c
  12. DB::QueryTreePassManager::run(std::shared_ptr<DB::IQueryTreeNode>) @ 0x0000000017824976
  13. DB::buildQueryTreeAndRunPasses(std::shared_ptr<DB::IAST> const&, DB::SelectQueryOptions const&, std::shared_ptr<DB::Context const> const&, std::shared_ptr<DB::IStorage> const&) (.llvm.12241402796318543270) @ 0x000000001839b9cd
  14. DB::InterpreterSelectQueryAnalyzer::InterpreterSelectQueryAnalyzer(std::shared_ptr<DB::IAST> const&, std::shared_ptr<DB::Context const> const&, DB::SelectQueryOptions const&, std::vector<String, std::allocator<String>> const&) @ 0x000000001839991c
  15. DB::InterpreterSelectQueryAnalyzer::getSampleBlock(std::shared_ptr<DB::IAST> const&, std::shared_ptr<DB::Context const> const&, DB::SelectQueryOptions const&) @ 0x000000001839be21
  16. DB::InterpreterCreateQuery::getTablePropertiesAndNormalizeCreateQuery(DB::ASTCreateQuery&, DB::LoadingStrictnessLevel) const @ 0x00000000182bbfdf
  17. DB::InterpreterCreateQuery::createTable(DB::ASTCreateQuery&) @ 0x00000000182c5262
  18. DB::InterpreterCreateQuery::execute() @ 0x00000000182dbbb8
  19. DB::executeQueryImpl(char const*, char const*, std::shared_ptr<DB::Context>, DB::QueryFlags, DB::QueryProcessingStage::Enum, std::unique_ptr<DB::ReadBuffer, std::default_delete<DB::ReadBuffer>>&, std::shared_ptr<DB::IAST>&, std::shared_ptr<DB::ImplicitTransactionControlExecutor>) @ 0x0000000018772719
  20. DB::executeQuery(String const&, std::shared_ptr<DB::Context>, DB::QueryFlags, DB::QueryProcessingStage::Enum) @ 0x000000001876a68b
  21. DB::TCPHandler::runImpl() @ 0x0000000019e5f590
  22. DB::TCPHandler::run() @ 0x0000000019e81619
  23. Poco::Net::TCPServerConnection::start() @ 0x000000001f485887
  24. Poco::Net::TCPServerDispatcher::run() @ 0x000000001f485d19
  25. Poco::PooledThread::run() @ 0x000000001f44c387
  26. Poco::ThreadImpl::runnableEntry(void*) @ 0x000000001f44a781
  27. ? @ 0x0000000000094a83
  28. ? @ 0x0000000000125a44.
[0m11:10:16.491537 [debug] [MainThread]: Connection 'master' was properly closed.
[0m11:10:16.492735 [debug] [MainThread]: Connection 'model.analytics.sales_daily' was left open.
[0m11:10:16.494553 [debug] [MainThread]: On model.analytics.sales_daily: Close
[0m11:10:16.495747 [info ] [MainThread]: 
[0m11:10:16.498895 [info ] [MainThread]: Finished running 1 table model in 0 hours 0 minutes and 0.86 seconds (0.86s).
[0m11:10:16.501802 [debug] [MainThread]: Command end result
[0m11:10:16.718678 [debug] [MainThread]: Wrote artifact WritableManifest to /opt/airflow/dbt/target/manifest.json
[0m11:10:16.730598 [debug] [MainThread]: Wrote artifact SemanticManifest to /opt/airflow/dbt/target/semantic_manifest.json
[0m11:10:16.746145 [debug] [MainThread]: Wrote artifact OsiDocument to /opt/airflow/dbt/target/osi_document.json
[0m11:10:16.768407 [debug] [MainThread]: Wrote artifact RunExecutionResult to /opt/airflow/dbt/target/run_results.json
[0m11:10:16.769544 [info ] [MainThread]: 
[0m11:10:16.771096 [info ] [MainThread]: [31mCompleted with 1 error, 0 partial successes, and 0 warnings:[0m
[0m11:10:16.773180 [info ] [MainThread]: 
[0m11:10:16.774823 [error] [MainThread]: [[31mERROR[0m]: in model sales_daily (models/marts/sales_daily.sql)
[0m11:10:16.776527 [error] [MainThread]:   Database Error in model sales_daily (models/marts/sales_daily.sql)
  Code: 184.
  DB::Exception: Aggregate function count(*) AS orders_count is found in GROUP BY in query. Stack trace:
  
  0. DB::Exception::Exception(DB::Exception::MessageMasked&&, int, bool) @ 0x000000001372225f
  1. DB::Exception::Exception(String&&, int, String, bool) @ 0x000000000cb3b0ce
  2. DB::Exception::Exception(PreformattedMessage&&, int) @ 0x000000000cb3ab80
  3. DB::Exception::Exception<String, String&>(int, FormatStringHelperImpl<std::type_identity<String>::type, std::type_identity<String&>::type>, String&&, String&) @ 0x000000000e6d426b
  4. DB::InDepthQueryTreeVisitor<DB::(anonymous namespace)::CollectAggregateFunctionNodesVisitor, true>::visit(std::shared_ptr<DB::IQueryTreeNode> const&) (.llvm.7947817906002445426) @ 0x000000001781ff70
  5. DB::InDepthQueryTreeVisitor<DB::(anonymous namespace)::CollectAggregateFunctionNodesVisitor, true>::visit(std::shared_ptr<DB::IQueryTreeNode> const&) (.llvm.7947817906002445426) @ 0x000000001781fefa
  6. DB::InDepthQueryTreeVisitor<DB::(anonymous namespace)::CollectAggregateFunctionNodesVisitor, true>::visit(std::shared_ptr<DB::IQueryTreeNode> const&) (.llvm.7947817906002445426) @ 0x000000001781fefa
  7. DB::InDepthQueryTreeVisitor<DB::(anonymous namespace)::CollectAggregateFunctionNodesVisitor, true>::visit(std::shared_ptr<DB::IQueryTreeNode> const&) (.llvm.7947817906002445426) @ 0x000000001781fefa
  8. DB::validateAggregates(std::shared_ptr<DB::IQueryTreeNode> const&, DB::AggregatesValidationParams) @ 0x000000001781ada9
  9. DB::QueryAnalyzer::resolveQuery(std::shared_ptr<DB::IQueryTreeNode> const&, DB::IdentifierResolveScope&) @ 0x00000000177c2d73
  10. DB::QueryAnalyzer::resolve(std::shared_ptr<DB::IQueryTreeNode>&, std::shared_ptr<DB::IQueryTreeNode> const&, std::shared_ptr<DB::Context const>) @ 0x00000000177bda38
  11. DB::QueryAnalysisPass::run(std::shared_ptr<DB::IQueryTreeNode>&, std::shared_ptr<DB::Context const>) @ 0x00000000177bd09c
  12. DB::QueryTreePassManager::run(std::shared_ptr<DB::IQueryTreeNode>) @ 0x0000000017824976
  13. DB::buildQueryTreeAndRunPasses(std::shared_ptr<DB::IAST> const&, DB::SelectQueryOptions const&, std::shared_ptr<DB::Context const> const&, std::shared_ptr<DB::IStorage> const&) (.llvm.12241402796318543270) @ 0x000000001839b9cd
  14. DB::InterpreterSelectQueryAnalyzer::InterpreterSelectQueryAnalyzer(std::shared_ptr<DB::IAST> const&, std::shared_ptr<DB::Context const> const&, DB::SelectQueryOptions const&, std::vector<String, std::allocator<String>> const&) @ 0x000000001839991c
  15. DB::InterpreterSelectQueryAnalyzer::getSampleBlock(std::shared_ptr<DB::IAST> const&, std::shared_ptr<DB::Context const> const&, DB::SelectQueryOptions const&) @ 0x000000001839be21
  16. DB::InterpreterCreateQuery::getTablePropertiesAndNormalizeCreateQuery(DB::ASTCreateQuery&, DB::LoadingStrictnessLevel) const @ 0x00000000182bbfdf
  17. DB::InterpreterCreateQuery::createTable(DB::ASTCreateQuery&) @ 0x00000000182c5262
  18. DB::InterpreterCreateQuery::execute() @ 0x00000000182dbbb8
  19. DB::executeQueryImpl(char const*, char const*, std::shared_ptr<DB::Context>, DB::QueryFlags, DB::QueryProcessingStage::Enum, std::unique_ptr<DB::ReadBuffer, std::default_delete<DB::ReadBuffer>>&, std::shared_ptr<DB::IAST>&, std::shared_ptr<DB::ImplicitTransactionControlExecutor>) @ 0x0000000018772719
  20. DB::executeQuery(String const&, std::shared_ptr<DB::Context>, DB::QueryFlags, DB::QueryProcessingStage::Enum) @ 0x000000001876a68b
  21. DB::TCPHandler::runImpl() @ 0x0000000019e5f590
  22. DB::TCPHandler::run() @ 0x0000000019e81619
  23. Poco::Net::TCPServerConnection::start() @ 0x000000001f485887
  24. Poco::Net::TCPServerDispatcher::run() @ 0x000000001f485d19
  25. Poco::PooledThread::run() @ 0x000000001f44c387
  26. Poco::ThreadImpl::runnableEntry(void*) @ 0x000000001f44a781
  27. ? @ 0x0000000000094a83
  28. ? @ 0x0000000000125a44
[0m11:10:16.778748 [info ] [MainThread]: 
[0m11:10:16.780731 [info ] [MainThread]:   compiled code at target/compiled/analytics/models/marts/sales_daily.sql
[0m11:10:16.782931 [info ] [MainThread]: 
[0m11:10:16.784241 [info ] [MainThread]: Done. PASS=0 WARN=0 ERROR=1 SKIP=0 NO-OP=0 REUSED=0 TOTAL=1
[0m11:10:16.787961 [debug] [MainThread]: Resource report: {"command_name": "run", "command_success": false, "command_wall_clock_time": 2.5205894, "process_in_blocks": "0", "process_kernel_time": 0.629448, "process_mem_max_rss": "155000", "process_out_blocks": "0", "process_user_time": 4.973421}
[0m11:10:16.789702 [debug] [MainThread]: Command `dbt run` failed at 11:10:16.789384 after 2.52 seconds
[0m11:10:16.791442 [debug] [MainThread]: Sending event: {'category': 'dbt', 'action': 'invocation', 'label': 'end', 'context': [<snowplow_tracker.self_describing_json.SelfDescribingJson object at 0x72fda438dfa0>, <snowplow_tracker.self_describing_json.SelfDescribingJson object at 0x72fda23f3680>, <snowplow_tracker.self_describing_json.SelfDescribingJson object at 0x72fda5c871a0>]}
[0m11:10:16.799329 [debug] [MainThread]: Flushing usage events
[0m11:10:17.461713 [debug] [MainThread]: An error was encountered while trying to flush usage events
==================== 2026-08-31T17:16:32.108539Z | 01a058d2-99e2-71a1-bdef-d1c535e5fad6 ====================
17:16:32.809472 [info ]: 
==================== Execution Summary =====================
Finished 'internal' successfully [700ms]
[0m17:22:22.795880 [debug] [MainThread]: Sending event: {'category': 'dbt', 'action': 'invocation', 'label': 'start', 'context': [<snowplow_tracker.self_describing_json.SelfDescribingJson object at 0x772bc05f5ac0>, <snowplow_tracker.self_describing_json.SelfDescribingJson object at 0x772bc0d51160>, <snowplow_tracker.self_describing_json.SelfDescribingJson object at 0x772bc05f7a10>]}


============================== 17:22:22.807481 | 8fd18426-5827-4e8b-8e4a-00d43783aca0 ==============================
[0m17:22:22.807481 [info ] [MainThread]: Running with dbt=1.12.2
[0m17:22:22.808944 [debug] [MainThread]: running dbt with arguments {'log_path': '/opt/airflow/dbt/logs', 'version_check': 'True', 'warn_error_options': 'WarnErrorOptionsV2(error=[], warn=[], silence=[])', 'hints_enabled': 'True', 'send_anonymous_usage_stats': 'True', 'invocation_command': 'dbt run --select sales_daily.sql --project-dir /opt/airflow/dbt --profiles-dir /opt/airflow/dbt', 'partial_parse': 'True', 'introspect': 'True', 'profiles_dir': '/opt/airflow/dbt', 'fail_fast': 'False', 'warn_error': 'None', 'debug': 'False', 'write_json': 'True', 'indirect_selection': 'eager', 'log_format': 'default', 'use_experimental_parser': 'False', 'use_colors': 'True', 'maximum_seed_size_mib': '1', 'empty': 'False', 'quiet': 'False', 'static_parser': 'True', 'no_print': 'None', 'cache_selected_only': 'False', 'log_cache_events': 'False', 'target_path': 'None', 'printer_width': '80'}
[0m17:22:23.104736 [debug] [MainThread]: Sending event: {'category': 'dbt', 'action': 'project_id', 'label': '8fd18426-5827-4e8b-8e4a-00d43783aca0', 'context': [<snowplow_tracker.self_describing_json.SelfDescribingJson object at 0x772bbf783f50>]}
[0m17:22:23.191678 [debug] [MainThread]: Sending event: {'category': 'dbt', 'action': 'adapter_info', 'label': '8fd18426-5827-4e8b-8e4a-00d43783aca0', 'context': [<snowplow_tracker.self_describing_json.SelfDescribingJson object at 0x772bbfc48f50>]}
[0m17:22:23.193943 [info ] [MainThread]: Registered adapter: clickhouse=1.9.3
[0m17:22:23.313188 [debug] [MainThread]: checksum: adba77356f91f81a11ee2fa729542f151b163d2280a76ec0a147e0b39f20e5da, vars: {}, profile: analytics, target: dev, version: 1.12.2
[0m17:22:23.556946 [debug] [MainThread]: Partial parsing enabled: 0 files deleted, 0 files added, 1 files changed.
[0m17:22:23.557870 [debug] [MainThread]: Partial parsing: updated file: analytics://models/marts/sales_daily.sql
[0m17:22:23.953669 [debug] [MainThread]: Sending event: {'category': 'dbt', 'action': 'load_project', 'label': '8fd18426-5827-4e8b-8e4a-00d43783aca0', 'context': [<snowplow_tracker.self_describing_json.SelfDescribingJson object at 0x772bbe174260>]}
[0m17:22:24.081558 [debug] [MainThread]: Wrote artifact WritableManifest to /opt/airflow/dbt/target/manifest.json
[0m17:22:24.098416 [debug] [MainThread]: Wrote artifact SemanticManifest to /opt/airflow/dbt/target/semantic_manifest.json
[0m17:22:24.202300 [debug] [MainThread]: Wrote artifact OsiDocument to /opt/airflow/dbt/target/osi_document.json
[0m17:22:24.264502 [debug] [MainThread]: Sending event: {'category': 'dbt', 'action': 'resource_counts', 'label': '8fd18426-5827-4e8b-8e4a-00d43783aca0', 'context': [<snowplow_tracker.self_describing_json.SelfDescribingJson object at 0x772bbf4cad20>]}
[0m17:22:24.265376 [info ] [MainThread]: Found 7 models, 521 macros
[0m17:22:24.266126 [debug] [MainThread]: Sending event: {'category': 'dbt', 'action': 'runnable_timing', 'label': '8fd18426-5827-4e8b-8e4a-00d43783aca0', 'context': [<snowplow_tracker.self_describing_json.SelfDescribingJson object at 0x772bbf2d30b0>]}
[0m17:22:24.269044 [info ] [MainThread]: 
[0m17:22:24.270057 [info ] [MainThread]: Concurrency: 4 threads (target='dev')
[0m17:22:24.271151 [info ] [MainThread]: 
[0m17:22:24.272794 [debug] [MainThread]: Acquiring new clickhouse connection 'master'
[0m17:22:24.275386 [debug] [ThreadPool]: Acquiring new clickhouse connection 'list_'
[0m17:22:24.320280 [debug] [ThreadPool]: Opening a new connection, currently in state init
[0m17:22:24.566824 [debug] [ThreadPool]: dbt_clickhouse adapter: On list_: /* {"app": "dbt", "dbt_version": "1.12.2", "profile_name": "analytics", "target_name": "dev", "connection_name": "list_"} */

    select name from system.databases
  ...
[0m17:22:24.570161 [debug] [ThreadPool]: dbt_clickhouse adapter: SQL status: OK in 0.00 seconds
[0m17:22:24.608668 [debug] [ThreadPool]: Re-using an available connection from the pool (formerly list_, now list__raw)
[0m17:22:24.614516 [debug] [ThreadPool]: dbt_clickhouse adapter: On list__raw: /* {"app": "dbt", "dbt_version": "1.12.2", "profile_name": "analytics", "target_name": "dev", "connection_name": "list__raw"} */
select
      t.name as name,
      t.database as schema,
      multiIf(
        engine in ('MaterializedView', 'View'), 'view',
        engine = 'Dictionary', 'dictionary',
        'table'
      ) as type,
      db.engine as db_engine,0 as is_on_cluster
          from system.tables as t join system.databases as db on t.database = db.name
        where schema = 'raw'
      

  ...
[0m17:22:24.630224 [debug] [ThreadPool]: dbt_clickhouse adapter: SQL status: OK in 0.01 seconds
[0m17:22:24.634743 [debug] [MainThread]: Sending event: {'category': 'dbt', 'action': 'runnable_timing', 'label': '8fd18426-5827-4e8b-8e4a-00d43783aca0', 'context': [<snowplow_tracker.self_describing_json.SelfDescribingJson object at 0x772bbf7f9ee0>]}
[0m17:22:24.642511 [debug] [Thread-1 (]: Began running node model.analytics.sales_daily
[0m17:22:24.643364 [info ] [Thread-1 (]: 1 of 1 START sql table model `raw`.`sales_daily` ............................... [RUN]
[0m17:22:24.644343 [debug] [Thread-1 (]: Re-using an available connection from the pool (formerly list__raw, now model.analytics.sales_daily)
[0m17:22:24.645369 [debug] [Thread-1 (]: Began compiling node model.analytics.sales_daily
[0m17:22:24.652250 [debug] [Thread-1 (]: Writing injected SQL for node "model.analytics.sales_daily"
[0m17:22:24.671861 [debug] [Thread-1 (]: Began executing node model.analytics.sales_daily
[0m17:22:24.706481 [debug] [Thread-1 (]: Creating new relation sales_daily
[0m17:22:24.751518 [debug] [Thread-1 (]: dbt_clickhouse adapter: On model.analytics.sales_daily: /* {"app": "dbt", "dbt_version": "1.12.2", "profile_name": "analytics", "target_name": "dev", "node_id": "model.analytics.sales_daily"} */

            

    
        create table `raw`.`sales_daily`
        
  
        
  engine = MergeTree()
        
      order by (tuple())
        
        
        
        
                    -- end_of_sql
                    SETTINGS replicated_deduplication_window='0'

                    
            empty
          as (
            SELECT
    toDate(order_date) AS sale_date,
    COUNT(*) AS orders_count,
    SUM(order_amount) AS revenue,
    SUM(total_items) AS items_sold
FROM `raw`.`fct_orders`
WHERE status = 'completed'
GROUP BY toDate(order_date)
ORDER BY toDate(order_date)
          )
        
        ...
[0m17:22:24.769886 [debug] [Thread-1 (]: dbt_clickhouse adapter: SQL status: OK in 0.02 seconds
[0m17:22:24.794137 [debug] [Thread-1 (]: dbt_clickhouse adapter: On model.analytics.sales_daily: /* {"app": "dbt", "dbt_version": "1.12.2", "profile_name": "analytics", "target_name": "dev", "node_id": "model.analytics.sales_daily"} */

    select name, type from system.columns where table = 'sales_daily'
    
      and database = 'raw'
    
    order by position
  ...
[0m17:22:24.799779 [debug] [Thread-1 (]: dbt_clickhouse adapter: SQL status: OK in 0.00 seconds
[0m17:22:24.806848 [debug] [Thread-1 (]: Writing runtime sql for node "model.analytics.sales_daily"
[0m17:22:24.817276 [debug] [Thread-1 (]: dbt_clickhouse adapter: On model.analytics.sales_daily: /* {"app": "dbt", "dbt_version": "1.12.2", "profile_name": "analytics", "target_name": "dev", "node_id": "model.analytics.sales_daily"} */

  
    
    
    
        
         


        insert into `raw`.`sales_daily`
        ("sale_date", "orders_count", "revenue", "items_sold")SELECT
    toDate(order_date) AS sale_date,
    COUNT(*) AS orders_count,
    SUM(order_amount) AS revenue,
    SUM(total_items) AS items_sold
FROM `raw`.`fct_orders`
WHERE status = 'completed'
GROUP BY toDate(order_date)
ORDER BY toDate(order_date)
  ...
[0m17:22:24.890399 [debug] [Thread-1 (]: dbt_clickhouse adapter: SQL status: OK in 0.07 seconds
[0m17:22:24.915285 [debug] [Thread-1 (]: Sending event: {'category': 'dbt', 'action': 'run_model', 'label': '8fd18426-5827-4e8b-8e4a-00d43783aca0', 'context': [<snowplow_tracker.self_describing_json.SelfDescribingJson object at 0x772bc29b4620>]}
[0m17:22:24.916342 [info ] [Thread-1 (]: 1 of 1 OK created sql table model `raw`.`sales_daily` .......................... [[32mOK[0m in 0.27s]
[0m17:22:24.917689 [debug] [Thread-1 (]: Finished running node model.analytics.sales_daily
[0m17:22:24.920370 [debug] [MainThread]: Connection 'master' was properly closed.
[0m17:22:24.921073 [debug] [MainThread]: Connection 'model.analytics.sales_daily' was left open.
[0m17:22:24.922632 [debug] [MainThread]: On model.analytics.sales_daily: Close
[0m17:22:24.923939 [info ] [MainThread]: 
[0m17:22:24.924870 [info ] [MainThread]: Finished running 1 table model in 0 hours 0 minutes and 0.65 seconds (0.65s).
[0m17:22:24.927082 [debug] [MainThread]: Command end result
[0m17:22:24.994422 [debug] [MainThread]: Wrote artifact WritableManifest to /opt/airflow/dbt/target/manifest.json
[0m17:22:25.002122 [debug] [MainThread]: Wrote artifact SemanticManifest to /opt/airflow/dbt/target/semantic_manifest.json
[0m17:22:25.008999 [debug] [MainThread]: Wrote artifact OsiDocument to /opt/airflow/dbt/target/osi_document.json
[0m17:22:25.046768 [debug] [MainThread]: Wrote artifact RunExecutionResult to /opt/airflow/dbt/target/run_results.json
[0m17:22:25.047700 [info ] [MainThread]: 
[0m17:22:25.048733 [info ] [MainThread]: [32mCompleted successfully[0m
[0m17:22:25.049828 [info ] [MainThread]: 
[0m17:22:25.050930 [info ] [MainThread]: Done. PASS=1 WARN=0 ERROR=0 SKIP=0 NO-OP=0 REUSED=0 TOTAL=1
[0m17:22:25.053121 [debug] [MainThread]: Resource report: {"command_name": "run", "command_success": true, "command_wall_clock_time": 2.408993, "process_in_blocks": "12344", "process_kernel_time": 0.470933, "process_mem_max_rss": "156480", "process_out_blocks": "0", "process_user_time": 4.186078}
[0m17:22:25.054116 [debug] [MainThread]: Command `dbt run` succeeded at 17:22:25.053937 after 2.41 seconds
[0m17:22:25.054953 [debug] [MainThread]: Sending event: {'category': 'dbt', 'action': 'invocation', 'label': 'end', 'context': [<snowplow_tracker.self_describing_json.SelfDescribingJson object at 0x772bc01c9160>, <snowplow_tracker.self_describing_json.SelfDescribingJson object at 0x772bbf2d3e00>, <snowplow_tracker.self_describing_json.SelfDescribingJson object at 0x772bbfb40110>]}
[0m17:22:25.055734 [debug] [MainThread]: Flushing usage events
[0m17:22:25.761716 [debug] [MainThread]: An error was encountered while trying to flush usage events
[0m17:39:44.572160 [debug] [MainThread]: Sending event: {'category': 'dbt', 'action': 'invocation', 'label': 'start', 'context': [<snowplow_tracker.self_describing_json.SelfDescribingJson object at 0x79f9e0cee0f0>, <snowplow_tracker.self_describing_json.SelfDescribingJson object at 0x79f9e09ef140>, <snowplow_tracker.self_describing_json.SelfDescribingJson object at 0x79f9e0e0b0e0>]}


============================== 17:39:44.581785 | f57a9538-26d0-4ea6-aad7-eb581e763ec5 ==============================
[0m17:39:44.581785 [info ] [MainThread]: Running with dbt=1.12.2
[0m17:39:44.582726 [debug] [MainThread]: running dbt with arguments {'empty': 'False', 'warn_error': 'None', 'fail_fast': 'False', 'log_cache_events': 'False', 'invocation_command': 'dbt run --project-dir /opt/airflow/dbt --profiles-dir /opt/airflow/dbt', 'indirect_selection': 'eager', 'static_parser': 'True', 'warn_error_options': 'WarnErrorOptionsV2(error=[], warn=[], silence=[])', 'log_path': '/opt/airflow/dbt/logs', 'maximum_seed_size_mib': '1', 'cache_selected_only': 'False', 'debug': 'False', 'hints_enabled': 'True', 'write_json': 'True', 'use_experimental_parser': 'False', 'profiles_dir': '/opt/airflow/dbt', 'printer_width': '80', 'target_path': 'None', 'introspect': 'True', 'partial_parse': 'True', 'log_format': 'default', 'no_print': 'None', 'use_colors': 'True', 'send_anonymous_usage_stats': 'True', 'quiet': 'False', 'version_check': 'True'}
[0m17:39:44.882842 [debug] [MainThread]: Sending event: {'category': 'dbt', 'action': 'project_id', 'label': 'f57a9538-26d0-4ea6-aad7-eb581e763ec5', 'context': [<snowplow_tracker.self_describing_json.SelfDescribingJson object at 0x79f9df8313a0>]}
[0m17:39:44.983624 [debug] [MainThread]: Sending event: {'category': 'dbt', 'action': 'adapter_info', 'label': 'f57a9538-26d0-4ea6-aad7-eb581e763ec5', 'context': [<snowplow_tracker.self_describing_json.SelfDescribingJson object at 0x79f9e0bc9b20>]}
[0m17:39:44.985341 [info ] [MainThread]: Registered adapter: clickhouse=1.9.3
[0m17:39:45.108791 [debug] [MainThread]: checksum: adba77356f91f81a11ee2fa729542f151b163d2280a76ec0a147e0b39f20e5da, vars: {}, profile: analytics, target: dev, version: 1.12.2
[0m17:39:45.337232 [debug] [MainThread]: Partial parsing enabled: 0 files deleted, 0 files added, 0 files changed.
[0m17:39:45.338468 [debug] [MainThread]: Nothing changed, skipping partial parsing.
[0m17:39:45.339431 [debug] [MainThread]: Partial parsing enabled, no changes found, skipping parsing
[0m17:39:45.357842 [debug] [MainThread]: Sending event: {'category': 'dbt', 'action': 'load_project', 'label': 'f57a9538-26d0-4ea6-aad7-eb581e763ec5', 'context': [<snowplow_tracker.self_describing_json.SelfDescribingJson object at 0x79f9e28d8e30>]}
[0m17:39:45.549396 [debug] [MainThread]: Wrote artifact WritableManifest to /opt/airflow/dbt/target/manifest.json
[0m17:39:45.560582 [debug] [MainThread]: Wrote artifact SemanticManifest to /opt/airflow/dbt/target/semantic_manifest.json
[0m17:39:45.595353 [debug] [MainThread]: Wrote artifact OsiDocument to /opt/airflow/dbt/target/osi_document.json
[0m17:39:45.627176 [debug] [MainThread]: Sending event: {'category': 'dbt', 'action': 'resource_counts', 'label': 'f57a9538-26d0-4ea6-aad7-eb581e763ec5', 'context': [<snowplow_tracker.self_describing_json.SelfDescribingJson object at 0x79f9df55dd60>]}
[0m17:39:45.628408 [info ] [MainThread]: Found 7 models, 521 macros
[0m17:39:45.630162 [debug] [MainThread]: Sending event: {'category': 'dbt', 'action': 'runnable_timing', 'label': 'f57a9538-26d0-4ea6-aad7-eb581e763ec5', 'context': [<snowplow_tracker.self_describing_json.SelfDescribingJson object at 0x79f9df7155b0>]}
[0m17:39:45.637004 [info ] [MainThread]: 
[0m17:39:45.638897 [info ] [MainThread]: Concurrency: 4 threads (target='dev')
[0m17:39:45.640997 [info ] [MainThread]: 
[0m17:39:45.642933 [debug] [MainThread]: Acquiring new clickhouse connection 'master'
[0m17:39:45.660736 [debug] [ThreadPool]: Acquiring new clickhouse connection 'list_'
[0m17:39:45.679663 [debug] [ThreadPool]: Opening a new connection, currently in state init
[0m17:39:46.008964 [debug] [ThreadPool]: dbt_clickhouse adapter: On list_: /* {"app": "dbt", "dbt_version": "1.12.2", "profile_name": "analytics", "target_name": "dev", "connection_name": "list_"} */

    select name from system.databases
  ...
[0m17:39:46.013164 [debug] [ThreadPool]: dbt_clickhouse adapter: SQL status: OK in 0.00 seconds
[0m17:39:46.064444 [debug] [ThreadPool]: Re-using an available connection from the pool (formerly list_, now list__raw)
[0m17:39:46.074137 [debug] [ThreadPool]: dbt_clickhouse adapter: On list__raw: /* {"app": "dbt", "dbt_version": "1.12.2", "profile_name": "analytics", "target_name": "dev", "connection_name": "list__raw"} */
select
      t.name as name,
      t.database as schema,
      multiIf(
        engine in ('MaterializedView', 'View'), 'view',
        engine = 'Dictionary', 'dictionary',
        'table'
      ) as type,
      db.engine as db_engine,0 as is_on_cluster
          from system.tables as t join system.databases as db on t.database = db.name
        where schema = 'raw'
      

  ...
[0m17:39:46.085828 [debug] [ThreadPool]: dbt_clickhouse adapter: SQL status: OK in 0.01 seconds
[0m17:39:46.092908 [debug] [MainThread]: Sending event: {'category': 'dbt', 'action': 'runnable_timing', 'label': 'f57a9538-26d0-4ea6-aad7-eb581e763ec5', 'context': [<snowplow_tracker.self_describing_json.SelfDescribingJson object at 0x79f9e28d9190>]}
[0m17:39:46.101228 [debug] [Thread-1 (]: Began running node model.analytics.stg_customers
[0m17:39:46.102415 [debug] [Thread-2 (]: Began running node model.analytics.stg_order_items
[0m17:39:46.103504 [debug] [Thread-3 (]: Began running node model.analytics.stg_orders
[0m17:39:46.106049 [debug] [Thread-4 (]: Began running node model.analytics.stg_products
[0m17:39:46.105199 [info ] [Thread-1 (]: 1 of 7 START sql view model `raw`.`stg_customers` .............................. [RUN]
[0m17:39:46.107967 [info ] [Thread-2 (]: 2 of 7 START sql view model `raw`.`stg_order_items` ............................ [RUN]
[0m17:39:46.109655 [info ] [Thread-3 (]: 3 of 7 START sql view model `raw`.`stg_orders` ................................. [RUN]
[0m17:39:46.111553 [info ] [Thread-4 (]: 4 of 7 START sql view model `raw`.`stg_products` ............................... [RUN]
[0m17:39:46.113222 [debug] [Thread-1 (]: Re-using an available connection from the pool (formerly list__raw, now model.analytics.stg_customers)
[0m17:39:46.114820 [debug] [Thread-2 (]: Acquiring new clickhouse connection 'model.analytics.stg_order_items'
[0m17:39:46.116302 [debug] [Thread-3 (]: Acquiring new clickhouse connection 'model.analytics.stg_orders'
[0m17:39:46.117760 [debug] [Thread-4 (]: Acquiring new clickhouse connection 'model.analytics.stg_products'
[0m17:39:46.119176 [debug] [Thread-1 (]: Began compiling node model.analytics.stg_customers
[0m17:39:46.120286 [debug] [Thread-2 (]: Began compiling node model.analytics.stg_order_items
[0m17:39:46.121702 [debug] [Thread-3 (]: Began compiling node model.analytics.stg_orders
[0m17:39:46.122826 [debug] [Thread-4 (]: Began compiling node model.analytics.stg_products
[0m17:39:46.132900 [debug] [Thread-1 (]: Writing injected SQL for node "model.analytics.stg_customers"
[0m17:39:46.134706 [debug] [Thread-2 (]: Writing injected SQL for node "model.analytics.stg_order_items"
[0m17:39:46.136825 [debug] [Thread-3 (]: Writing injected SQL for node "model.analytics.stg_orders"
[0m17:39:46.139340 [debug] [Thread-4 (]: Writing injected SQL for node "model.analytics.stg_products"
[0m17:39:46.153767 [debug] [Thread-1 (]: Began executing node model.analytics.stg_customers
[0m17:39:46.173910 [debug] [Thread-2 (]: Began executing node model.analytics.stg_order_items
[0m17:39:46.177670 [debug] [Thread-1 (]: Relation stg_customers already exists, replacing it
[0m17:39:46.178205 [debug] [Thread-3 (]: Began executing node model.analytics.stg_orders
[0m17:39:46.181011 [debug] [Thread-2 (]: Relation stg_order_items already exists, replacing it
[0m17:39:46.195283 [debug] [Thread-4 (]: Began executing node model.analytics.stg_products
[0m17:39:46.203045 [debug] [Thread-3 (]: Relation stg_orders already exists, replacing it
[0m17:39:46.216216 [debug] [Thread-1 (]: Writing runtime sql for node "model.analytics.stg_customers"
[0m17:39:46.218586 [debug] [Thread-2 (]: Opening a new connection, currently in state init
[0m17:39:46.222004 [debug] [Thread-4 (]: Relation stg_products already exists, replacing it
[0m17:39:46.224711 [debug] [Thread-3 (]: Opening a new connection, currently in state init
[0m17:39:46.228606 [debug] [Thread-4 (]: Opening a new connection, currently in state init
[0m17:39:46.277544 [debug] [Thread-1 (]: dbt_clickhouse adapter: On model.analytics.stg_customers: /* {"app": "dbt", "dbt_version": "1.12.2", "profile_name": "analytics", "target_name": "dev", "node_id": "model.analytics.stg_customers"} */


  create or replace view `raw`.`stg_customers` 
  
    
  
  
    
    
  as (
    SELECT
    customer_id,
    name,
    email,
    city,
    registration_date
FROM raw.customers
    
  )
      
      
                    -- end_of_sql
                    
                    ...
[0m17:39:46.305021 [debug] [Thread-1 (]: dbt_clickhouse adapter: SQL status: OK in 0.01 seconds
[0m17:39:46.368749 [debug] [Thread-1 (]: Sending event: {'category': 'dbt', 'action': 'run_model', 'label': 'f57a9538-26d0-4ea6-aad7-eb581e763ec5', 'context': [<snowplow_tracker.self_describing_json.SelfDescribingJson object at 0x79f9e2850980>]}
[0m17:39:46.370574 [info ] [Thread-1 (]: 1 of 7 OK created sql view model `raw`.`stg_customers` ......................... [[32mOK[0m in 0.25s]
[0m17:39:46.374718 [debug] [Thread-1 (]: Finished running node model.analytics.stg_customers
[0m17:39:46.386139 [debug] [Thread-2 (]: Writing runtime sql for node "model.analytics.stg_order_items"
[0m17:39:46.397255 [debug] [Thread-3 (]: Writing runtime sql for node "model.analytics.stg_orders"
[0m17:39:46.400687 [debug] [Thread-4 (]: Writing runtime sql for node "model.analytics.stg_products"
[0m17:39:46.426200 [debug] [Thread-4 (]: dbt_clickhouse adapter: On model.analytics.stg_products: /* {"app": "dbt", "dbt_version": "1.12.2", "profile_name": "analytics", "target_name": "dev", "node_id": "model.analytics.stg_products"} */


  create or replace view `raw`.`stg_products` 
  
    
  
  
    
    
  as (
    SELECT
    product_id,
    product_name,
    category,
    price
FROM raw.products
    
  )
      
      
                    -- end_of_sql
                    
                    ...
[0m17:39:46.429360 [debug] [Thread-3 (]: dbt_clickhouse adapter: On model.analytics.stg_orders: /* {"app": "dbt", "dbt_version": "1.12.2", "profile_name": "analytics", "target_name": "dev", "node_id": "model.analytics.stg_orders"} */


  create or replace view `raw`.`stg_orders` 
  
    
  
  
    
    
  as (
    SELECT 
    order_id,
    customer_id,
    order_date,
    status
FROM raw.orders
    
  )
      
      
                    -- end_of_sql
                    
                    ...
[0m17:39:46.437757 [debug] [Thread-4 (]: dbt_clickhouse adapter: SQL status: OK in 0.01 seconds
[0m17:39:46.441041 [debug] [Thread-3 (]: dbt_clickhouse adapter: SQL status: OK in 0.01 seconds
[0m17:39:46.447435 [debug] [Thread-2 (]: dbt_clickhouse adapter: On model.analytics.stg_order_items: /* {"app": "dbt", "dbt_version": "1.12.2", "profile_name": "analytics", "target_name": "dev", "node_id": "model.analytics.stg_order_items"} */


  create or replace view `raw`.`stg_order_items` 
  
    
  
  
    
    
  as (
    SELECT
    order_item_id,
    order_id,
    product_id,
    quantity,
    price,
    total_amount
FROM raw.order_items
    
  )
      
      
                    -- end_of_sql
                    
                    ...
[0m17:39:46.448951 [debug] [Thread-4 (]: Sending event: {'category': 'dbt', 'action': 'run_model', 'label': 'f57a9538-26d0-4ea6-aad7-eb581e763ec5', 'context': [<snowplow_tracker.self_describing_json.SelfDescribingJson object at 0x79f9df55e600>]}
[0m17:39:46.456173 [debug] [Thread-3 (]: Sending event: {'category': 'dbt', 'action': 'run_model', 'label': 'f57a9538-26d0-4ea6-aad7-eb581e763ec5', 'context': [<snowplow_tracker.self_describing_json.SelfDescribingJson object at 0x79f9dd4ea7e0>]}
[0m17:39:46.459831 [info ] [Thread-4 (]: 4 of 7 OK created sql view model `raw`.`stg_products` .......................... [[32mOK[0m in 0.33s]
[0m17:39:46.462398 [info ] [Thread-3 (]: 3 of 7 OK created sql view model `raw`.`stg_orders` ............................ [[32mOK[0m in 0.34s]
[0m17:39:46.464398 [debug] [Thread-4 (]: Finished running node model.analytics.stg_products
[0m17:39:46.466216 [debug] [Thread-3 (]: Finished running node model.analytics.stg_orders
[0m17:39:46.467297 [debug] [Thread-2 (]: dbt_clickhouse adapter: SQL status: OK in 0.01 seconds
[0m17:39:46.473285 [debug] [Thread-2 (]: Sending event: {'category': 'dbt', 'action': 'run_model', 'label': 'f57a9538-26d0-4ea6-aad7-eb581e763ec5', 'context': [<snowplow_tracker.self_describing_json.SelfDescribingJson object at 0x79f9dd637110>]}
[0m17:39:46.474509 [info ] [Thread-2 (]: 2 of 7 OK created sql view model `raw`.`stg_order_items` ....................... [[32mOK[0m in 0.36s]
[0m17:39:46.477420 [debug] [Thread-2 (]: Finished running node model.analytics.stg_order_items
[0m17:39:46.485780 [debug] [Thread-4 (]: Began running node model.analytics.sales_by_category
[0m17:39:46.480535 [debug] [Thread-1 (]: Began running node model.analytics.fct_orders
[0m17:39:46.487959 [info ] [Thread-4 (]: 6 of 7 START sql table model `raw`.`sales_by_category` ......................... [RUN]
[0m17:39:46.489589 [info ] [Thread-1 (]: 5 of 7 START sql table model `raw`.`fct_orders` ................................ [RUN]
[0m17:39:46.491229 [debug] [Thread-4 (]: Re-using an available connection from the pool (formerly model.analytics.stg_products, now model.analytics.sales_by_category)
[0m17:39:46.492838 [debug] [Thread-1 (]: Re-using an available connection from the pool (formerly model.analytics.stg_customers, now model.analytics.fct_orders)
[0m17:39:46.493684 [debug] [Thread-4 (]: Began compiling node model.analytics.sales_by_category
[0m17:39:46.494426 [debug] [Thread-1 (]: Began compiling node model.analytics.fct_orders
[0m17:39:46.499380 [debug] [Thread-4 (]: Writing injected SQL for node "model.analytics.sales_by_category"
[0m17:39:46.502551 [debug] [Thread-1 (]: Writing injected SQL for node "model.analytics.fct_orders"
[0m17:39:46.522597 [debug] [Thread-1 (]: Began executing node model.analytics.fct_orders
[0m17:39:46.554442 [debug] [Thread-4 (]: Began executing node model.analytics.sales_by_category
[0m17:39:46.889533 [debug] [Thread-4 (]: dbt_clickhouse adapter: On model.analytics.sales_by_category: /* {"app": "dbt", "dbt_version": "1.12.2", "profile_name": "analytics", "target_name": "dev", "node_id": "model.analytics.sales_by_category"} */

            

    
        create table `raw`.`sales_by_category__dbt_backup`
        
  
        
  engine = MergeTree()
        
      order by (tuple())
        
        
        
        
                    -- end_of_sql
                    SETTINGS replicated_deduplication_window='0'

                    
            empty
          as (
            SELECT
    p.category,
    SUM(oi.total_amount) AS revenue,
    SUM(oi.quantity) AS items_sold,
    COUNT(DISTINCT o.order_id) AS orders_count
FROM `raw`.`stg_order_items` oi
JOIN `raw`.`stg_orders` o
    ON oi.order_id = o.order_id
JOIN `raw`.`stg_products` p
    ON oi.product_id = p.product_id
WHERE o.status = 'completed'
GROUP BY p.category
ORDER BY revenue DESC
          )
        
        ...
[0m17:39:46.898457 [debug] [Thread-1 (]: dbt_clickhouse adapter: On model.analytics.fct_orders: /* {"app": "dbt", "dbt_version": "1.12.2", "profile_name": "analytics", "target_name": "dev", "node_id": "model.analytics.fct_orders"} */

            

    
        create table `raw`.`fct_orders__dbt_backup`
        
  
        
  engine = MergeTree()
        
      order by (tuple())
        
        
        
        
                    -- end_of_sql
                    SETTINGS replicated_deduplication_window='0'

                    
            empty
          as (
            SELECT 
    o.order_id,
    o.customer_id,
    o.order_date,
    o.status,
    SUM(oi.total_amount) AS order_amount,
    SUM(oi.quantity) AS total_items
FROM `raw`.`stg_orders` o
JOIN `raw`.`stg_order_items` oi
ON o.order_id = oi.order_id
GROUP BY
    o.order_id,
    o.customer_id,
    o.order_date,
    o.status
          )
        
        ...
[0m17:39:46.924101 [debug] [Thread-1 (]: dbt_clickhouse adapter: SQL status: OK in 0.02 seconds
[0m17:39:46.935952 [debug] [Thread-4 (]: dbt_clickhouse adapter: SQL status: OK in 0.04 seconds
[0m17:39:46.966715 [debug] [Thread-4 (]: dbt_clickhouse adapter: On model.analytics.sales_by_category: /* {"app": "dbt", "dbt_version": "1.12.2", "profile_name": "analytics", "target_name": "dev", "node_id": "model.analytics.sales_by_category"} */

    select name, type from system.columns where table = 'sales_by_category__dbt_backup'
    
      and database = 'raw'
    
    order by position
  ...
[0m17:39:46.969375 [debug] [Thread-1 (]: dbt_clickhouse adapter: On model.analytics.fct_orders: /* {"app": "dbt", "dbt_version": "1.12.2", "profile_name": "analytics", "target_name": "dev", "node_id": "model.analytics.fct_orders"} */

    select name, type from system.columns where table = 'fct_orders__dbt_backup'
    
      and database = 'raw'
    
    order by position
  ...
[0m17:39:46.975929 [debug] [Thread-1 (]: dbt_clickhouse adapter: SQL status: OK in 0.01 seconds
[0m17:39:46.977633 [debug] [Thread-4 (]: dbt_clickhouse adapter: SQL status: OK in 0.01 seconds
[0m17:39:46.982540 [debug] [Thread-1 (]: Writing runtime sql for node "model.analytics.fct_orders"
[0m17:39:46.985950 [debug] [Thread-4 (]: Writing runtime sql for node "model.analytics.sales_by_category"
[0m17:39:47.002823 [debug] [Thread-1 (]: dbt_clickhouse adapter: On model.analytics.fct_orders: /* {"app": "dbt", "dbt_version": "1.12.2", "profile_name": "analytics", "target_name": "dev", "node_id": "model.analytics.fct_orders"} */

  
    
    
    
        
         


        insert into `raw`.`fct_orders__dbt_backup`
        ("order_id", "customer_id", "order_date", "status", "order_amount", "total_items")SELECT 
    o.order_id,
    o.customer_id,
    o.order_date,
    o.status,
    SUM(oi.total_amount) AS order_amount,
    SUM(oi.quantity) AS total_items
FROM `raw`.`stg_orders` o
JOIN `raw`.`stg_order_items` oi
ON o.order_id = oi.order_id
GROUP BY
    o.order_id,
    o.customer_id,
    o.order_date,
    o.status
  ...
[0m17:39:47.009026 [debug] [Thread-4 (]: dbt_clickhouse adapter: On model.analytics.sales_by_category: /* {"app": "dbt", "dbt_version": "1.12.2", "profile_name": "analytics", "target_name": "dev", "node_id": "model.analytics.sales_by_category"} */

  
    
    
    
        
         


        insert into `raw`.`sales_by_category__dbt_backup`
        ("category", "revenue", "items_sold", "orders_count")SELECT
    p.category,
    SUM(oi.total_amount) AS revenue,
    SUM(oi.quantity) AS items_sold,
    COUNT(DISTINCT o.order_id) AS orders_count
FROM `raw`.`stg_order_items` oi
JOIN `raw`.`stg_orders` o
    ON oi.order_id = o.order_id
JOIN `raw`.`stg_products` p
    ON oi.product_id = p.product_id
WHERE o.status = 'completed'
GROUP BY p.category
ORDER BY revenue DESC
  ...
[0m17:39:50.476006 [debug] [Thread-4 (]: dbt_clickhouse adapter: SQL status: OK in 3.47 seconds
[0m17:39:50.483741 [debug] [Thread-4 (]: dbt_clickhouse adapter: On model.analytics.sales_by_category: /* {"app": "dbt", "dbt_version": "1.12.2", "profile_name": "analytics", "target_name": "dev", "node_id": "model.analytics.sales_by_category"} */
EXCHANGE TABLES `raw`.`sales_by_category__dbt_backup` AND `raw`.`sales_by_category` 
  
  ...
[0m17:39:50.486894 [debug] [Thread-4 (]: dbt_clickhouse adapter: SQL status: OK in 0.00 seconds
[0m17:39:50.496490 [debug] [Thread-4 (]: dbt_clickhouse adapter: On model.analytics.sales_by_category: /* {"app": "dbt", "dbt_version": "1.12.2", "profile_name": "analytics", "target_name": "dev", "node_id": "model.analytics.sales_by_category"} */
drop table if exists `raw`.`sales_by_category__dbt_backup` 
  ...
[0m17:39:50.500143 [debug] [Thread-4 (]: dbt_clickhouse adapter: SQL status: OK in 0.00 seconds
[0m17:39:50.502891 [debug] [Thread-4 (]: Sending event: {'category': 'dbt', 'action': 'run_model', 'label': 'f57a9538-26d0-4ea6-aad7-eb581e763ec5', 'context': [<snowplow_tracker.self_describing_json.SelfDescribingJson object at 0x79f9df55f290>]}
[0m17:39:50.504375 [info ] [Thread-4 (]: 6 of 7 OK created sql table model `raw`.`sales_by_category` .................... [[32mOK[0m in 4.01s]
[0m17:39:50.505747 [debug] [Thread-4 (]: Finished running node model.analytics.sales_by_category
[0m17:39:50.789033 [debug] [Thread-1 (]: dbt_clickhouse adapter: SQL status: OK in 3.78 seconds
[0m17:39:50.791582 [debug] [Thread-1 (]: dbt_clickhouse adapter: On model.analytics.fct_orders: /* {"app": "dbt", "dbt_version": "1.12.2", "profile_name": "analytics", "target_name": "dev", "node_id": "model.analytics.fct_orders"} */
EXCHANGE TABLES `raw`.`fct_orders__dbt_backup` AND `raw`.`fct_orders` 
  
  ...
[0m17:39:50.794468 [debug] [Thread-1 (]: dbt_clickhouse adapter: SQL status: OK in 0.00 seconds
[0m17:39:50.800146 [debug] [Thread-1 (]: dbt_clickhouse adapter: On model.analytics.fct_orders: /* {"app": "dbt", "dbt_version": "1.12.2", "profile_name": "analytics", "target_name": "dev", "node_id": "model.analytics.fct_orders"} */
drop table if exists `raw`.`fct_orders__dbt_backup` 
  ...
[0m17:39:50.803025 [debug] [Thread-1 (]: dbt_clickhouse adapter: SQL status: OK in 0.00 seconds
[0m17:39:50.805572 [debug] [Thread-1 (]: Sending event: {'category': 'dbt', 'action': 'run_model', 'label': 'f57a9538-26d0-4ea6-aad7-eb581e763ec5', 'context': [<snowplow_tracker.self_describing_json.SelfDescribingJson object at 0x79f9df7e1af0>]}
[0m17:39:50.806965 [info ] [Thread-1 (]: 5 of 7 OK created sql table model `raw`.`fct_orders` ........................... [[32mOK[0m in 4.31s]
[0m17:39:50.808903 [debug] [Thread-1 (]: Finished running node model.analytics.fct_orders
[0m17:39:50.810950 [debug] [Thread-2 (]: Began running node model.analytics.sales_daily
[0m17:39:50.812388 [info ] [Thread-2 (]: 7 of 7 START sql table model `raw`.`sales_daily` ............................... [RUN]
[0m17:39:50.813784 [debug] [Thread-2 (]: Re-using an available connection from the pool (formerly model.analytics.stg_order_items, now model.analytics.sales_daily)
[0m17:39:50.814793 [debug] [Thread-2 (]: Began compiling node model.analytics.sales_daily
[0m17:39:50.819629 [debug] [Thread-2 (]: Writing injected SQL for node "model.analytics.sales_daily"
[0m17:39:50.830791 [debug] [Thread-2 (]: Began executing node model.analytics.sales_daily
[0m17:39:50.836817 [debug] [Thread-2 (]: dbt_clickhouse adapter: On model.analytics.sales_daily: /* {"app": "dbt", "dbt_version": "1.12.2", "profile_name": "analytics", "target_name": "dev", "node_id": "model.analytics.sales_daily"} */

            

    
        create table `raw`.`sales_daily__dbt_backup`
        
  
        
  engine = MergeTree()
        
      order by (tuple())
        
        
        
        
                    -- end_of_sql
                    SETTINGS replicated_deduplication_window='0'

                    
            empty
          as (
            SELECT
    toDate(order_date) AS sale_date,
    COUNT(*) AS orders_count,
    SUM(order_amount) AS revenue,
    SUM(total_items) AS items_sold
FROM `raw`.`fct_orders`
WHERE status = 'completed'
GROUP BY toDate(order_date)
ORDER BY toDate(order_date)
          )
        
        ...
[0m17:39:50.853110 [debug] [Thread-2 (]: dbt_clickhouse adapter: SQL status: OK in 0.01 seconds
[0m17:39:50.856412 [debug] [Thread-2 (]: dbt_clickhouse adapter: On model.analytics.sales_daily: /* {"app": "dbt", "dbt_version": "1.12.2", "profile_name": "analytics", "target_name": "dev", "node_id": "model.analytics.sales_daily"} */

    select name, type from system.columns where table = 'sales_daily__dbt_backup'
    
      and database = 'raw'
    
    order by position
  ...
[0m17:39:50.864709 [debug] [Thread-2 (]: dbt_clickhouse adapter: SQL status: OK in 0.01 seconds
[0m17:39:50.867903 [debug] [Thread-2 (]: Writing runtime sql for node "model.analytics.sales_daily"
[0m17:39:50.876996 [debug] [Thread-2 (]: dbt_clickhouse adapter: On model.analytics.sales_daily: /* {"app": "dbt", "dbt_version": "1.12.2", "profile_name": "analytics", "target_name": "dev", "node_id": "model.analytics.sales_daily"} */

  
    
    
    
        
         


        insert into `raw`.`sales_daily__dbt_backup`
        ("sale_date", "orders_count", "revenue", "items_sold")SELECT
    toDate(order_date) AS sale_date,
    COUNT(*) AS orders_count,
    SUM(order_amount) AS revenue,
    SUM(total_items) AS items_sold
FROM `raw`.`fct_orders`
WHERE status = 'completed'
GROUP BY toDate(order_date)
ORDER BY toDate(order_date)
  ...
[0m17:39:50.924223 [debug] [Thread-2 (]: dbt_clickhouse adapter: SQL status: OK in 0.05 seconds
[0m17:39:50.926052 [debug] [Thread-2 (]: dbt_clickhouse adapter: On model.analytics.sales_daily: /* {"app": "dbt", "dbt_version": "1.12.2", "profile_name": "analytics", "target_name": "dev", "node_id": "model.analytics.sales_daily"} */
EXCHANGE TABLES `raw`.`sales_daily__dbt_backup` AND `raw`.`sales_daily` 
  
  ...
[0m17:39:50.929033 [debug] [Thread-2 (]: dbt_clickhouse adapter: SQL status: OK in 0.00 seconds
[0m17:39:50.932878 [debug] [Thread-2 (]: dbt_clickhouse adapter: On model.analytics.sales_daily: /* {"app": "dbt", "dbt_version": "1.12.2", "profile_name": "analytics", "target_name": "dev", "node_id": "model.analytics.sales_daily"} */
drop table if exists `raw`.`sales_daily__dbt_backup` 
  ...
[0m17:39:50.935880 [debug] [Thread-2 (]: dbt_clickhouse adapter: SQL status: OK in 0.00 seconds
[0m17:39:50.938161 [debug] [Thread-2 (]: Sending event: {'category': 'dbt', 'action': 'run_model', 'label': 'f57a9538-26d0-4ea6-aad7-eb581e763ec5', 'context': [<snowplow_tracker.self_describing_json.SelfDescribingJson object at 0x79f9dd483cb0>]}
[0m17:39:50.939338 [info ] [Thread-2 (]: 7 of 7 OK created sql table model `raw`.`sales_daily` .......................... [[32mOK[0m in 0.12s]
[0m17:39:50.940412 [debug] [Thread-2 (]: Finished running node model.analytics.sales_daily
[0m17:39:50.943128 [debug] [MainThread]: Connection 'master' was properly closed.
[0m17:39:50.943902 [debug] [MainThread]: Connection 'model.analytics.fct_orders' was left open.
[0m17:39:50.944856 [debug] [MainThread]: On model.analytics.fct_orders: Close
[0m17:39:50.945958 [debug] [MainThread]: Connection 'model.analytics.sales_daily' was left open.
[0m17:39:50.946745 [debug] [MainThread]: On model.analytics.sales_daily: Close
[0m17:39:50.947818 [debug] [MainThread]: Connection 'model.analytics.stg_orders' was left open.
[0m17:39:50.948762 [debug] [MainThread]: On model.analytics.stg_orders: Close
[0m17:39:50.949605 [debug] [MainThread]: Connection 'model.analytics.sales_by_category' was left open.
[0m17:39:50.950320 [debug] [MainThread]: On model.analytics.sales_by_category: Close
[0m17:39:50.951292 [info ] [MainThread]: 
[0m17:39:50.952204 [info ] [MainThread]: Finished running 3 table models, 4 view models in 0 hours 0 minutes and 5.31 seconds (5.31s).
[0m17:39:50.955443 [debug] [MainThread]: Command end result
[0m17:39:51.047547 [debug] [MainThread]: Wrote artifact WritableManifest to /opt/airflow/dbt/target/manifest.json
[0m17:39:51.057642 [debug] [MainThread]: Wrote artifact SemanticManifest to /opt/airflow/dbt/target/semantic_manifest.json
[0m17:39:51.071076 [debug] [MainThread]: Wrote artifact OsiDocument to /opt/airflow/dbt/target/osi_document.json
[0m17:39:51.089671 [debug] [MainThread]: Wrote artifact RunExecutionResult to /opt/airflow/dbt/target/run_results.json
[0m17:39:51.091355 [info ] [MainThread]: 
[0m17:39:51.093117 [info ] [MainThread]: [32mCompleted successfully[0m
[0m17:39:51.095165 [info ] [MainThread]: 
[0m17:39:51.096623 [info ] [MainThread]: Done. PASS=7 WARN=0 ERROR=0 SKIP=0 NO-OP=0 REUSED=0 TOTAL=7
[0m17:39:51.099257 [debug] [MainThread]: Resource report: {"command_name": "run", "command_success": true, "command_wall_clock_time": 6.637772, "process_in_blocks": "24", "process_kernel_time": 0.720482, "process_mem_max_rss": "158608", "process_out_blocks": "0", "process_user_time": 5.153284}
[0m17:39:51.100642 [debug] [MainThread]: Command `dbt run` succeeded at 17:39:51.100258 after 6.64 seconds
[0m17:39:51.101919 [debug] [MainThread]: Sending event: {'category': 'dbt', 'action': 'invocation', 'label': 'end', 'context': [<snowplow_tracker.self_describing_json.SelfDescribingJson object at 0x79f9e44a31a0>, <snowplow_tracker.self_describing_json.SelfDescribingJson object at 0x79f9df9500b0>, <snowplow_tracker.self_describing_json.SelfDescribingJson object at 0x79f9df9505c0>]}
[0m17:39:51.103127 [debug] [MainThread]: Flushing usage events
[0m17:39:51.956356 [debug] [MainThread]: An error was encountered while trying to flush usage events
[0m17:56:51.958529 [debug] [MainThread]: Sending event: {'category': 'dbt', 'action': 'invocation', 'label': 'start', 'context': [<snowplow_tracker.self_describing_json.SelfDescribingJson object at 0x7a4b195c1df0>, <snowplow_tracker.self_describing_json.SelfDescribingJson object at 0x7a4b1bcd19a0>, <snowplow_tracker.self_describing_json.SelfDescribingJson object at 0x7a4b197b8ec0>]}


============================== 17:56:51.967644 | fba12159-bf36-42f9-98c2-d46ad71bb258 ==============================
[0m17:56:51.967644 [info ] [MainThread]: Running with dbt=1.12.2
[0m17:56:51.968845 [debug] [MainThread]: running dbt with arguments {'use_colors': 'True', 'quiet': 'False', 'partial_parse': 'True', 'hints_enabled': 'True', 'warn_error': 'None', 'log_cache_events': 'False', 'maximum_seed_size_mib': '1', 'target_path': 'None', 'send_anonymous_usage_stats': 'True', 'fail_fast': 'False', 'version_check': 'True', 'write_json': 'True', 'no_print': 'None', 'log_format': 'default', 'profiles_dir': '/opt/airflow/dbt', 'indirect_selection': 'eager', 'warn_error_options': 'WarnErrorOptionsV2(error=[], warn=[], silence=[])', 'printer_width': '80', 'introspect': 'True', 'debug': 'False', 'use_experimental_parser': 'False', 'log_path': '/opt/airflow/dbt/logs', 'cache_selected_only': 'False', 'invocation_command': 'dbt run', 'empty': 'False', 'static_parser': 'True'}
[0m17:56:52.263969 [debug] [MainThread]: Sending event: {'category': 'dbt', 'action': 'project_id', 'label': 'fba12159-bf36-42f9-98c2-d46ad71bb258', 'context': [<snowplow_tracker.self_describing_json.SelfDescribingJson object at 0x7a4b18a084d0>]}
[0m17:56:52.370174 [debug] [MainThread]: Sending event: {'category': 'dbt', 'action': 'adapter_info', 'label': 'fba12159-bf36-42f9-98c2-d46ad71bb258', 'context': [<snowplow_tracker.self_describing_json.SelfDescribingJson object at 0x7a4b19b515e0>]}
[0m17:56:52.372415 [info ] [MainThread]: Registered adapter: clickhouse=1.9.3
[0m17:56:52.498021 [debug] [MainThread]: checksum: adba77356f91f81a11ee2fa729542f151b163d2280a76ec0a147e0b39f20e5da, vars: {}, profile: analytics, target: dev, version: 1.12.2
[0m17:56:52.730573 [debug] [MainThread]: Partial parsing enabled: 0 files deleted, 0 files added, 0 files changed.
[0m17:56:52.731332 [debug] [MainThread]: Nothing changed, skipping partial parsing.
[0m17:56:52.731932 [debug] [MainThread]: Partial parsing enabled, no changes found, skipping parsing
[0m17:56:52.744365 [debug] [MainThread]: Sending event: {'category': 'dbt', 'action': 'load_project', 'label': 'fba12159-bf36-42f9-98c2-d46ad71bb258', 'context': [<snowplow_tracker.self_describing_json.SelfDescribingJson object at 0x7a4b18858fe0>]}
[0m17:56:52.893489 [debug] [MainThread]: Wrote artifact WritableManifest to /opt/airflow/dbt/target/manifest.json
[0m17:56:52.901524 [debug] [MainThread]: Wrote artifact SemanticManifest to /opt/airflow/dbt/target/semantic_manifest.json
[0m17:56:52.927365 [debug] [MainThread]: Wrote artifact OsiDocument to /opt/airflow/dbt/target/osi_document.json
[0m17:56:52.954110 [debug] [MainThread]: Sending event: {'category': 'dbt', 'action': 'resource_counts', 'label': 'fba12159-bf36-42f9-98c2-d46ad71bb258', 'context': [<snowplow_tracker.self_describing_json.SelfDescribingJson object at 0x7a4b184c1460>]}
[0m17:56:52.955452 [info ] [MainThread]: Found 7 models, 521 macros
[0m17:56:52.956858 [debug] [MainThread]: Sending event: {'category': 'dbt', 'action': 'runnable_timing', 'label': 'fba12159-bf36-42f9-98c2-d46ad71bb258', 'context': [<snowplow_tracker.self_describing_json.SelfDescribingJson object at 0x7a4b182790a0>]}
[0m17:56:52.960773 [info ] [MainThread]: 
[0m17:56:52.961754 [info ] [MainThread]: Concurrency: 4 threads (target='dev')
[0m17:56:52.963267 [info ] [MainThread]: 
[0m17:56:52.965011 [debug] [MainThread]: Acquiring new clickhouse connection 'master'
[0m17:56:52.977004 [debug] [ThreadPool]: Acquiring new clickhouse connection 'list_'
[0m17:56:52.995197 [debug] [ThreadPool]: Opening a new connection, currently in state init
[0m17:56:53.262465 [debug] [ThreadPool]: dbt_clickhouse adapter: On list_: /* {"app": "dbt", "dbt_version": "1.12.2", "profile_name": "analytics", "target_name": "dev", "connection_name": "list_"} */

    select name from system.databases
  ...
[0m17:56:53.266957 [debug] [ThreadPool]: dbt_clickhouse adapter: SQL status: OK in 0.00 seconds
[0m17:56:53.313580 [debug] [ThreadPool]: Re-using an available connection from the pool (formerly list_, now list__raw)
[0m17:56:53.322125 [debug] [ThreadPool]: dbt_clickhouse adapter: On list__raw: /* {"app": "dbt", "dbt_version": "1.12.2", "profile_name": "analytics", "target_name": "dev", "connection_name": "list__raw"} */
select
      t.name as name,
      t.database as schema,
      multiIf(
        engine in ('MaterializedView', 'View'), 'view',
        engine = 'Dictionary', 'dictionary',
        'table'
      ) as type,
      db.engine as db_engine,0 as is_on_cluster
          from system.tables as t join system.databases as db on t.database = db.name
        where schema = 'raw'
      

  ...
[0m17:56:53.330090 [debug] [ThreadPool]: dbt_clickhouse adapter: SQL status: OK in 0.01 seconds
[0m17:56:53.335821 [debug] [MainThread]: Sending event: {'category': 'dbt', 'action': 'runnable_timing', 'label': 'fba12159-bf36-42f9-98c2-d46ad71bb258', 'context': [<snowplow_tracker.self_describing_json.SelfDescribingJson object at 0x7a4b18279310>]}
[0m17:56:53.343487 [debug] [Thread-1 (]: Began running node model.analytics.stg_customers
[0m17:56:53.344389 [debug] [Thread-2 (]: Began running node model.analytics.stg_order_items
[0m17:56:53.345154 [debug] [Thread-3 (]: Began running node model.analytics.stg_orders
[0m17:56:53.346738 [debug] [Thread-4 (]: Began running node model.analytics.stg_products
[0m17:56:53.346033 [info ] [Thread-1 (]: 1 of 7 START sql view model `raw`.`stg_customers` .............................. [RUN]
[0m17:56:53.348234 [info ] [Thread-2 (]: 2 of 7 START sql view model `raw`.`stg_order_items` ............................ [RUN]
[0m17:56:53.349862 [info ] [Thread-3 (]: 3 of 7 START sql view model `raw`.`stg_orders` ................................. [RUN]
[0m17:56:53.351267 [info ] [Thread-4 (]: 4 of 7 START sql view model `raw`.`stg_products` ............................... [RUN]
[0m17:56:53.352811 [debug] [Thread-1 (]: Re-using an available connection from the pool (formerly list__raw, now model.analytics.stg_customers)
[0m17:56:53.354436 [debug] [Thread-2 (]: Acquiring new clickhouse connection 'model.analytics.stg_order_items'
[0m17:56:53.358566 [debug] [Thread-3 (]: Acquiring new clickhouse connection 'model.analytics.stg_orders'
[0m17:56:53.364615 [debug] [Thread-4 (]: Acquiring new clickhouse connection 'model.analytics.stg_products'
[0m17:56:53.366189 [debug] [Thread-1 (]: Began compiling node model.analytics.stg_customers
[0m17:56:53.367108 [debug] [Thread-2 (]: Began compiling node model.analytics.stg_order_items
[0m17:56:53.368432 [debug] [Thread-3 (]: Began compiling node model.analytics.stg_orders
[0m17:56:53.371241 [debug] [Thread-4 (]: Began compiling node model.analytics.stg_products
[0m17:56:53.380011 [debug] [Thread-1 (]: Writing injected SQL for node "model.analytics.stg_customers"
[0m17:56:53.382137 [debug] [Thread-2 (]: Writing injected SQL for node "model.analytics.stg_order_items"
[0m17:56:53.384839 [debug] [Thread-3 (]: Writing injected SQL for node "model.analytics.stg_orders"
[0m17:56:53.387325 [debug] [Thread-4 (]: Writing injected SQL for node "model.analytics.stg_products"
[0m17:56:53.396342 [debug] [Thread-3 (]: Began executing node model.analytics.stg_orders
[0m17:56:53.397895 [debug] [Thread-1 (]: Began executing node model.analytics.stg_customers
[0m17:56:53.412804 [debug] [Thread-2 (]: Began executing node model.analytics.stg_order_items
[0m17:56:53.429353 [debug] [Thread-3 (]: Relation stg_orders already exists, replacing it
[0m17:56:53.433335 [debug] [Thread-1 (]: Relation stg_customers already exists, replacing it
[0m17:56:53.436626 [debug] [Thread-2 (]: Relation stg_order_items already exists, replacing it
[0m17:56:53.437548 [debug] [Thread-4 (]: Began executing node model.analytics.stg_products
[0m17:56:53.475539 [debug] [Thread-4 (]: Relation stg_products already exists, replacing it
[0m17:56:53.476729 [debug] [Thread-2 (]: Opening a new connection, currently in state init
[0m17:56:53.480865 [debug] [Thread-1 (]: Writing runtime sql for node "model.analytics.stg_customers"
[0m17:56:53.482460 [debug] [Thread-4 (]: Opening a new connection, currently in state init
[0m17:56:53.473579 [debug] [Thread-3 (]: Opening a new connection, currently in state init
[0m17:56:53.515186 [debug] [Thread-1 (]: dbt_clickhouse adapter: On model.analytics.stg_customers: /* {"app": "dbt", "dbt_version": "1.12.2", "profile_name": "analytics", "target_name": "dev", "node_id": "model.analytics.stg_customers"} */


  create or replace view `raw`.`stg_customers` 
  
    
  
  
    
    
  as (
    SELECT
    customer_id,
    name,
    email,
    city,
    registration_date
FROM raw.customers
    
  )
      
      
                    -- end_of_sql
                    
                    ...
[0m17:56:53.527710 [debug] [Thread-1 (]: dbt_clickhouse adapter: SQL status: OK in 0.01 seconds
[0m17:56:53.573936 [debug] [Thread-1 (]: Sending event: {'category': 'dbt', 'action': 'run_model', 'label': 'fba12159-bf36-42f9-98c2-d46ad71bb258', 'context': [<snowplow_tracker.self_describing_json.SelfDescribingJson object at 0x7a4b1b754a40>]}
[0m17:56:53.576287 [info ] [Thread-1 (]: 1 of 7 OK created sql view model `raw`.`stg_customers` ......................... [[32mOK[0m in 0.22s]
[0m17:56:53.580946 [debug] [Thread-1 (]: Finished running node model.analytics.stg_customers
[0m17:56:53.601848 [debug] [Thread-4 (]: Writing runtime sql for node "model.analytics.stg_products"
[0m17:56:53.607889 [debug] [Thread-3 (]: Writing runtime sql for node "model.analytics.stg_orders"
[0m17:56:53.609002 [debug] [Thread-2 (]: Writing runtime sql for node "model.analytics.stg_order_items"
[0m17:56:53.615414 [debug] [Thread-4 (]: dbt_clickhouse adapter: On model.analytics.stg_products: /* {"app": "dbt", "dbt_version": "1.12.2", "profile_name": "analytics", "target_name": "dev", "node_id": "model.analytics.stg_products"} */


  create or replace view `raw`.`stg_products` 
  
    
  
  
    
    
  as (
    SELECT
    product_id,
    product_name,
    category,
    price
FROM raw.products
    
  )
      
      
                    -- end_of_sql
                    
                    ...
[0m17:56:53.616872 [debug] [Thread-2 (]: dbt_clickhouse adapter: On model.analytics.stg_order_items: /* {"app": "dbt", "dbt_version": "1.12.2", "profile_name": "analytics", "target_name": "dev", "node_id": "model.analytics.stg_order_items"} */


  create or replace view `raw`.`stg_order_items` 
  
    
  
  
    
    
  as (
    SELECT
    order_item_id,
    order_id,
    product_id,
    quantity,
    price,
    total_amount
FROM raw.order_items
    
  )
      
      
                    -- end_of_sql
                    
                    ...
[0m17:56:53.619761 [debug] [Thread-3 (]: dbt_clickhouse adapter: On model.analytics.stg_orders: /* {"app": "dbt", "dbt_version": "1.12.2", "profile_name": "analytics", "target_name": "dev", "node_id": "model.analytics.stg_orders"} */


  create or replace view `raw`.`stg_orders` 
  
    
  
  
    
    
  as (
    SELECT 
    order_id,
    customer_id,
    order_date,
    status
FROM raw.orders
    
  )
      
      
                    -- end_of_sql
                    
                    ...
[0m17:56:53.626578 [debug] [Thread-4 (]: dbt_clickhouse adapter: SQL status: OK in 0.01 seconds
[0m17:56:53.627527 [debug] [Thread-2 (]: dbt_clickhouse adapter: SQL status: OK in 0.01 seconds
[0m17:56:53.628209 [debug] [Thread-3 (]: dbt_clickhouse adapter: SQL status: OK in 0.01 seconds
[0m17:56:53.632056 [debug] [Thread-4 (]: Sending event: {'category': 'dbt', 'action': 'run_model', 'label': 'fba12159-bf36-42f9-98c2-d46ad71bb258', 'context': [<snowplow_tracker.self_describing_json.SelfDescribingJson object at 0x7a4b16ac3320>]}
[0m17:56:53.635240 [debug] [Thread-2 (]: Sending event: {'category': 'dbt', 'action': 'run_model', 'label': 'fba12159-bf36-42f9-98c2-d46ad71bb258', 'context': [<snowplow_tracker.self_describing_json.SelfDescribingJson object at 0x7a4b16278230>]}
[0m17:56:53.639663 [debug] [Thread-3 (]: Sending event: {'category': 'dbt', 'action': 'run_model', 'label': 'fba12159-bf36-42f9-98c2-d46ad71bb258', 'context': [<snowplow_tracker.self_describing_json.SelfDescribingJson object at 0x7a4b184c1760>]}
[0m17:56:53.640966 [info ] [Thread-4 (]: 4 of 7 OK created sql view model `raw`.`stg_products` .......................... [[32mOK[0m in 0.27s]
[0m17:56:53.642265 [info ] [Thread-2 (]: 2 of 7 OK created sql view model `raw`.`stg_order_items` ....................... [[32mOK[0m in 0.28s]
[0m17:56:53.643842 [info ] [Thread-3 (]: 3 of 7 OK created sql view model `raw`.`stg_orders` ............................ [[32mOK[0m in 0.28s]
[0m17:56:53.645440 [debug] [Thread-4 (]: Finished running node model.analytics.stg_products
[0m17:56:53.646990 [debug] [Thread-2 (]: Finished running node model.analytics.stg_order_items
[0m17:56:53.648371 [debug] [Thread-3 (]: Finished running node model.analytics.stg_orders
[0m17:56:53.651037 [debug] [Thread-1 (]: Began running node model.analytics.fct_orders
[0m17:56:53.651823 [debug] [Thread-4 (]: Began running node model.analytics.sales_by_category
[0m17:56:53.652979 [info ] [Thread-1 (]: 5 of 7 START sql table model `raw`.`fct_orders` ................................ [RUN]
[0m17:56:53.654905 [info ] [Thread-4 (]: 6 of 7 START sql table model `raw`.`sales_by_category` ......................... [RUN]
[0m17:56:53.656038 [debug] [Thread-1 (]: Re-using an available connection from the pool (formerly model.analytics.stg_customers, now model.analytics.fct_orders)
[0m17:56:53.657287 [debug] [Thread-4 (]: Re-using an available connection from the pool (formerly model.analytics.stg_products, now model.analytics.sales_by_category)
[0m17:56:53.658258 [debug] [Thread-1 (]: Began compiling node model.analytics.fct_orders
[0m17:56:53.659026 [debug] [Thread-4 (]: Began compiling node model.analytics.sales_by_category
[0m17:56:53.662445 [debug] [Thread-1 (]: Writing injected SQL for node "model.analytics.fct_orders"
[0m17:56:53.665883 [debug] [Thread-4 (]: Writing injected SQL for node "model.analytics.sales_by_category"
[0m17:56:53.673289 [debug] [Thread-1 (]: Began executing node model.analytics.fct_orders
[0m17:56:53.680649 [debug] [Thread-4 (]: Began executing node model.analytics.sales_by_category
[0m17:56:53.876528 [debug] [Thread-1 (]: dbt_clickhouse adapter: On model.analytics.fct_orders: /* {"app": "dbt", "dbt_version": "1.12.2", "profile_name": "analytics", "target_name": "dev", "node_id": "model.analytics.fct_orders"} */

            

    
        create table `raw`.`fct_orders__dbt_backup`
        
  
        
  engine = MergeTree()
        
      order by (tuple())
        
        
        
        
                    -- end_of_sql
                    SETTINGS replicated_deduplication_window='0'

                    
            empty
          as (
            SELECT 
    o.order_id,
    o.customer_id,
    o.order_date,
    o.status,
    SUM(oi.total_amount) AS order_amount,
    SUM(oi.quantity) AS total_items
FROM `raw`.`stg_orders` o
JOIN `raw`.`stg_order_items` oi
ON o.order_id = oi.order_id
GROUP BY
    o.order_id,
    o.customer_id,
    o.order_date,
    o.status
          )
        
        ...
[0m17:56:53.880308 [debug] [Thread-4 (]: dbt_clickhouse adapter: On model.analytics.sales_by_category: /* {"app": "dbt", "dbt_version": "1.12.2", "profile_name": "analytics", "target_name": "dev", "node_id": "model.analytics.sales_by_category"} */

            

    
        create table `raw`.`sales_by_category__dbt_backup`
        
  
        
  engine = MergeTree()
        
      order by (tuple())
        
        
        
        
                    -- end_of_sql
                    SETTINGS replicated_deduplication_window='0'

                    
            empty
          as (
            SELECT
    p.category,
    SUM(oi.total_amount) AS revenue,
    SUM(oi.quantity) AS items_sold,
    COUNT(DISTINCT o.order_id) AS orders_count
FROM `raw`.`stg_order_items` oi
JOIN `raw`.`stg_orders` o
    ON oi.order_id = o.order_id
JOIN `raw`.`stg_products` p
    ON oi.product_id = p.product_id
WHERE o.status = 'completed'
GROUP BY p.category
ORDER BY revenue DESC
          )
        
        ...
[0m17:56:53.894151 [debug] [Thread-1 (]: dbt_clickhouse adapter: SQL status: OK in 0.01 seconds
[0m17:56:53.906814 [debug] [Thread-4 (]: dbt_clickhouse adapter: SQL status: OK in 0.03 seconds
[0m17:56:53.936842 [debug] [Thread-4 (]: dbt_clickhouse adapter: On model.analytics.sales_by_category: /* {"app": "dbt", "dbt_version": "1.12.2", "profile_name": "analytics", "target_name": "dev", "node_id": "model.analytics.sales_by_category"} */

    select name, type from system.columns where table = 'sales_by_category__dbt_backup'
    
      and database = 'raw'
    
    order by position
  ...
[0m17:56:53.939154 [debug] [Thread-1 (]: dbt_clickhouse adapter: On model.analytics.fct_orders: /* {"app": "dbt", "dbt_version": "1.12.2", "profile_name": "analytics", "target_name": "dev", "node_id": "model.analytics.fct_orders"} */

    select name, type from system.columns where table = 'fct_orders__dbt_backup'
    
      and database = 'raw'
    
    order by position
  ...
[0m17:56:53.943986 [debug] [Thread-4 (]: dbt_clickhouse adapter: SQL status: OK in 0.00 seconds
[0m17:56:53.945118 [debug] [Thread-1 (]: dbt_clickhouse adapter: SQL status: OK in 0.00 seconds
[0m17:56:53.949875 [debug] [Thread-4 (]: Writing runtime sql for node "model.analytics.sales_by_category"
[0m17:56:53.953920 [debug] [Thread-1 (]: Writing runtime sql for node "model.analytics.fct_orders"
[0m17:56:53.960480 [debug] [Thread-1 (]: dbt_clickhouse adapter: On model.analytics.fct_orders: /* {"app": "dbt", "dbt_version": "1.12.2", "profile_name": "analytics", "target_name": "dev", "node_id": "model.analytics.fct_orders"} */

  
    
    
    
        
         


        insert into `raw`.`fct_orders__dbt_backup`
        ("order_id", "customer_id", "order_date", "status", "order_amount", "total_items")SELECT 
    o.order_id,
    o.customer_id,
    o.order_date,
    o.status,
    SUM(oi.total_amount) AS order_amount,
    SUM(oi.quantity) AS total_items
FROM `raw`.`stg_orders` o
JOIN `raw`.`stg_order_items` oi
ON o.order_id = oi.order_id
GROUP BY
    o.order_id,
    o.customer_id,
    o.order_date,
    o.status
  ...
[0m17:56:53.961705 [debug] [Thread-4 (]: dbt_clickhouse adapter: On model.analytics.sales_by_category: /* {"app": "dbt", "dbt_version": "1.12.2", "profile_name": "analytics", "target_name": "dev", "node_id": "model.analytics.sales_by_category"} */

  
    
    
    
        
         


        insert into `raw`.`sales_by_category__dbt_backup`
        ("category", "revenue", "items_sold", "orders_count")SELECT
    p.category,
    SUM(oi.total_amount) AS revenue,
    SUM(oi.quantity) AS items_sold,
    COUNT(DISTINCT o.order_id) AS orders_count
FROM `raw`.`stg_order_items` oi
JOIN `raw`.`stg_orders` o
    ON oi.order_id = o.order_id
JOIN `raw`.`stg_products` p
    ON oi.product_id = p.product_id
WHERE o.status = 'completed'
GROUP BY p.category
ORDER BY revenue DESC
  ...
[0m17:56:56.044475 [debug] [Thread-4 (]: dbt_clickhouse adapter: SQL status: OK in 2.08 seconds
[0m17:56:56.052809 [debug] [Thread-4 (]: dbt_clickhouse adapter: On model.analytics.sales_by_category: /* {"app": "dbt", "dbt_version": "1.12.2", "profile_name": "analytics", "target_name": "dev", "node_id": "model.analytics.sales_by_category"} */
EXCHANGE TABLES `raw`.`sales_by_category__dbt_backup` AND `raw`.`sales_by_category` 
  
  ...
[0m17:56:56.057169 [debug] [Thread-4 (]: dbt_clickhouse adapter: SQL status: OK in 0.00 seconds
[0m17:56:56.065088 [debug] [Thread-4 (]: dbt_clickhouse adapter: On model.analytics.sales_by_category: /* {"app": "dbt", "dbt_version": "1.12.2", "profile_name": "analytics", "target_name": "dev", "node_id": "model.analytics.sales_by_category"} */
drop table if exists `raw`.`sales_by_category__dbt_backup` 
  ...
[0m17:56:56.068718 [debug] [Thread-4 (]: dbt_clickhouse adapter: SQL status: OK in 0.00 seconds
[0m17:56:56.072050 [debug] [Thread-4 (]: Sending event: {'category': 'dbt', 'action': 'run_model', 'label': 'fba12159-bf36-42f9-98c2-d46ad71bb258', 'context': [<snowplow_tracker.self_describing_json.SelfDescribingJson object at 0x7a4b18263020>]}
[0m17:56:56.073730 [info ] [Thread-4 (]: 6 of 7 OK created sql table model `raw`.`sales_by_category` .................... [[32mOK[0m in 2.41s]
[0m17:56:56.076476 [debug] [Thread-4 (]: Finished running node model.analytics.sales_by_category
[0m17:56:56.382548 [debug] [Thread-1 (]: dbt_clickhouse adapter: SQL status: OK in 2.42 seconds
[0m17:56:56.385148 [debug] [Thread-1 (]: dbt_clickhouse adapter: On model.analytics.fct_orders: /* {"app": "dbt", "dbt_version": "1.12.2", "profile_name": "analytics", "target_name": "dev", "node_id": "model.analytics.fct_orders"} */
EXCHANGE TABLES `raw`.`fct_orders__dbt_backup` AND `raw`.`fct_orders` 
  
  ...
[0m17:56:56.388282 [debug] [Thread-1 (]: dbt_clickhouse adapter: SQL status: OK in 0.00 seconds
[0m17:56:56.394936 [debug] [Thread-1 (]: dbt_clickhouse adapter: On model.analytics.fct_orders: /* {"app": "dbt", "dbt_version": "1.12.2", "profile_name": "analytics", "target_name": "dev", "node_id": "model.analytics.fct_orders"} */
drop table if exists `raw`.`fct_orders__dbt_backup` 
  ...
[0m17:56:56.398014 [debug] [Thread-1 (]: dbt_clickhouse adapter: SQL status: OK in 0.00 seconds
[0m17:56:56.401258 [debug] [Thread-1 (]: Sending event: {'category': 'dbt', 'action': 'run_model', 'label': 'fba12159-bf36-42f9-98c2-d46ad71bb258', 'context': [<snowplow_tracker.self_describing_json.SelfDescribingJson object at 0x7a4b18953f20>]}
[0m17:56:56.402625 [info ] [Thread-1 (]: 5 of 7 OK created sql table model `raw`.`fct_orders` ........................... [[32mOK[0m in 2.75s]
[0m17:56:56.404280 [debug] [Thread-1 (]: Finished running node model.analytics.fct_orders
[0m17:56:56.406365 [debug] [Thread-3 (]: Began running node model.analytics.sales_daily
[0m17:56:56.407676 [info ] [Thread-3 (]: 7 of 7 START sql table model `raw`.`sales_daily` ............................... [RUN]
[0m17:56:56.409199 [debug] [Thread-3 (]: Re-using an available connection from the pool (formerly model.analytics.stg_orders, now model.analytics.sales_daily)
[0m17:56:56.411460 [debug] [Thread-3 (]: Began compiling node model.analytics.sales_daily
[0m17:56:56.415714 [debug] [Thread-3 (]: Writing injected SQL for node "model.analytics.sales_daily"
[0m17:56:56.432238 [debug] [Thread-3 (]: Began executing node model.analytics.sales_daily
[0m17:56:56.439516 [debug] [Thread-3 (]: dbt_clickhouse adapter: On model.analytics.sales_daily: /* {"app": "dbt", "dbt_version": "1.12.2", "profile_name": "analytics", "target_name": "dev", "node_id": "model.analytics.sales_daily"} */

            

    
        create table `raw`.`sales_daily__dbt_backup`
        
  
        
  engine = MergeTree()
        
      order by (tuple())
        
        
        
        
                    -- end_of_sql
                    SETTINGS replicated_deduplication_window='0'

                    
            empty
          as (
            SELECT
    toDate(order_date) AS sale_date,
    COUNT(*) AS orders_count,
    SUM(order_amount) AS revenue,
    SUM(total_items) AS items_sold
FROM `raw`.`fct_orders`
WHERE status = 'completed'
GROUP BY toDate(order_date)
ORDER BY toDate(order_date)
          )
        
        ...
[0m17:56:56.455812 [debug] [Thread-3 (]: dbt_clickhouse adapter: SQL status: OK in 0.01 seconds
[0m17:56:56.460704 [debug] [Thread-3 (]: dbt_clickhouse adapter: On model.analytics.sales_daily: /* {"app": "dbt", "dbt_version": "1.12.2", "profile_name": "analytics", "target_name": "dev", "node_id": "model.analytics.sales_daily"} */

    select name, type from system.columns where table = 'sales_daily__dbt_backup'
    
      and database = 'raw'
    
    order by position
  ...
[0m17:56:56.466204 [debug] [Thread-3 (]: dbt_clickhouse adapter: SQL status: OK in 0.00 seconds
[0m17:56:56.468808 [debug] [Thread-3 (]: Writing runtime sql for node "model.analytics.sales_daily"
[0m17:56:56.478339 [debug] [Thread-3 (]: dbt_clickhouse adapter: On model.analytics.sales_daily: /* {"app": "dbt", "dbt_version": "1.12.2", "profile_name": "analytics", "target_name": "dev", "node_id": "model.analytics.sales_daily"} */

  
    
    
    
        
         


        insert into `raw`.`sales_daily__dbt_backup`
        ("sale_date", "orders_count", "revenue", "items_sold")SELECT
    toDate(order_date) AS sale_date,
    COUNT(*) AS orders_count,
    SUM(order_amount) AS revenue,
    SUM(total_items) AS items_sold
FROM `raw`.`fct_orders`
WHERE status = 'completed'
GROUP BY toDate(order_date)
ORDER BY toDate(order_date)
  ...
[0m17:56:56.517739 [debug] [Thread-3 (]: dbt_clickhouse adapter: SQL status: OK in 0.04 seconds
[0m17:56:56.519824 [debug] [Thread-3 (]: dbt_clickhouse adapter: On model.analytics.sales_daily: /* {"app": "dbt", "dbt_version": "1.12.2", "profile_name": "analytics", "target_name": "dev", "node_id": "model.analytics.sales_daily"} */
EXCHANGE TABLES `raw`.`sales_daily__dbt_backup` AND `raw`.`sales_daily` 
  
  ...
[0m17:56:56.522791 [debug] [Thread-3 (]: dbt_clickhouse adapter: SQL status: OK in 0.00 seconds
[0m17:56:56.527976 [debug] [Thread-3 (]: dbt_clickhouse adapter: On model.analytics.sales_daily: /* {"app": "dbt", "dbt_version": "1.12.2", "profile_name": "analytics", "target_name": "dev", "node_id": "model.analytics.sales_daily"} */
drop table if exists `raw`.`sales_daily__dbt_backup` 
  ...
[0m17:56:56.530724 [debug] [Thread-3 (]: dbt_clickhouse adapter: SQL status: OK in 0.00 seconds
[0m17:56:56.533579 [debug] [Thread-3 (]: Sending event: {'category': 'dbt', 'action': 'run_model', 'label': 'fba12159-bf36-42f9-98c2-d46ad71bb258', 'context': [<snowplow_tracker.self_describing_json.SelfDescribingJson object at 0x7a4b18bd6330>]}
[0m17:56:56.535481 [info ] [Thread-3 (]: 7 of 7 OK created sql table model `raw`.`sales_daily` .......................... [[32mOK[0m in 0.12s]
[0m17:56:56.537119 [debug] [Thread-3 (]: Finished running node model.analytics.sales_daily
[0m17:56:56.540884 [debug] [MainThread]: Connection 'master' was properly closed.
[0m17:56:56.541822 [debug] [MainThread]: Connection 'model.analytics.fct_orders' was left open.
[0m17:56:56.542738 [debug] [MainThread]: On model.analytics.fct_orders: Close
[0m17:56:56.543777 [debug] [MainThread]: Connection 'model.analytics.stg_order_items' was left open.
[0m17:56:56.544786 [debug] [MainThread]: On model.analytics.stg_order_items: Close
[0m17:56:56.545638 [debug] [MainThread]: Connection 'model.analytics.sales_daily' was left open.
[0m17:56:56.546409 [debug] [MainThread]: On model.analytics.sales_daily: Close
[0m17:56:56.547153 [debug] [MainThread]: Connection 'model.analytics.sales_by_category' was left open.
[0m17:56:56.548114 [debug] [MainThread]: On model.analytics.sales_by_category: Close
[0m17:56:56.549261 [info ] [MainThread]: 
[0m17:56:56.550677 [info ] [MainThread]: Finished running 3 table models, 4 view models in 0 hours 0 minutes and 3.58 seconds (3.58s).
[0m17:56:56.555902 [debug] [MainThread]: Command end result
[0m17:56:56.642033 [debug] [MainThread]: Wrote artifact WritableManifest to /opt/airflow/dbt/target/manifest.json
[0m17:56:56.652452 [debug] [MainThread]: Wrote artifact SemanticManifest to /opt/airflow/dbt/target/semantic_manifest.json
[0m17:56:56.663960 [debug] [MainThread]: Wrote artifact OsiDocument to /opt/airflow/dbt/target/osi_document.json
[0m17:56:56.681407 [debug] [MainThread]: Wrote artifact RunExecutionResult to /opt/airflow/dbt/target/run_results.json
[0m17:56:56.682585 [info ] [MainThread]: 
[0m17:56:56.684357 [info ] [MainThread]: [32mCompleted successfully[0m
[0m17:56:56.685936 [info ] [MainThread]: 
[0m17:56:56.688142 [info ] [MainThread]: Done. PASS=7 WARN=0 ERROR=0 SKIP=0 NO-OP=0 REUSED=0 TOTAL=7
[0m17:56:56.691450 [debug] [MainThread]: Resource report: {"command_name": "run", "command_success": true, "command_wall_clock_time": 4.86064, "process_in_blocks": "16", "process_kernel_time": 0.601404, "process_mem_max_rss": "159128", "process_out_blocks": "0", "process_user_time": 4.714364}
[0m17:56:56.693464 [debug] [MainThread]: Command `dbt run` succeeded at 17:56:56.693129 after 4.86 seconds
[0m17:56:56.695048 [debug] [MainThread]: Sending event: {'category': 'dbt', 'action': 'invocation', 'label': 'end', 'context': [<snowplow_tracker.self_describing_json.SelfDescribingJson object at 0x7a4b19c7d9d0>, <snowplow_tracker.self_describing_json.SelfDescribingJson object at 0x7a4b1d448c50>, <snowplow_tracker.self_describing_json.SelfDescribingJson object at 0x7a4b1b669190>]}
[0m17:56:56.696299 [debug] [MainThread]: Flushing usage events
[0m17:56:57.488272 [debug] [MainThread]: An error was encountered while trying to flush usage events
==================== 2026-09-04T07:23:39.560325Z | 01a06b4d-3e76-7fc0-8f82-8142110e7575 ====================
07:23:39.862780 [info ]: 
==================== Execution Summary =====================
Finished 'internal' successfully [302ms]
[0m07:34:43.958264 [debug] [MainThread]: Sending event: {'category': 'dbt', 'action': 'invocation', 'label': 'start', 'context': [<snowplow_tracker.self_describing_json.SelfDescribingJson object at 0x7f711b7ab530>, <snowplow_tracker.self_describing_json.SelfDescribingJson object at 0x7f711c0e86e0>, <snowplow_tracker.self_describing_json.SelfDescribingJson object at 0x7f7119e37200>]}


============================== 07:34:43.973325 | 75bd1721-8632-48c5-b01d-48e404dd16ce ==============================
[0m07:34:43.973325 [info ] [MainThread]: Running with dbt=1.12.2
[0m07:34:43.974911 [debug] [MainThread]: running dbt with arguments {'indirect_selection': 'eager', 'invocation_command': 'dbt debug', 'warn_error': 'None', 'write_json': 'True', 'send_anonymous_usage_stats': 'True', 'printer_width': '80', 'profiles_dir': '/opt/airflow/dbt', 'partial_parse': 'True', 'cache_selected_only': 'False', 'hints_enabled': 'True', 'use_experimental_parser': 'False', 'introspect': 'True', 'warn_error_options': 'WarnErrorOptionsV2(error=[], warn=[], silence=[])', 'no_print': 'None', 'use_colors': 'True', 'static_parser': 'True', 'maximum_seed_size_mib': '1', 'log_cache_events': 'False', 'fail_fast': 'False', 'log_format': 'default', 'log_path': '/opt/airflow/dbt/logs', 'version_check': 'True', 'quiet': 'False', 'empty': 'None', 'debug': 'False', 'target_path': 'None'}
[0m07:34:44.033385 [info ] [MainThread]: dbt version: 1.12.2
[0m07:34:44.034429 [info ] [MainThread]: python version: 3.12.11
[0m07:34:44.035700 [info ] [MainThread]: python path: /home/airflow/.local/bin/python
[0m07:34:44.037128 [info ] [MainThread]: os info: Linux-6.6.87.2-microsoft-standard-WSL2-x86_64-with-glibc2.36
[0m07:34:44.175474 [info ] [MainThread]: Using profiles dir at /opt/airflow/dbt
[0m07:34:44.176600 [info ] [MainThread]: Using profiles.yml file at /opt/airflow/dbt/profiles.yml
[0m07:34:44.177674 [info ] [MainThread]: Using dbt_project.yml file at /opt/airflow/dbt/dbt_project.yml
[0m07:34:44.179554 [info ] [MainThread]: adapter type: clickhouse
[0m07:34:44.180831 [info ] [MainThread]: adapter version: 1.9.3
[0m07:34:44.356540 [info ] [MainThread]: Configuration:
[0m07:34:44.357698 [info ] [MainThread]:   profiles.yml file [[32mOK found and valid[0m]
[0m07:34:44.358850 [info ] [MainThread]:   dbt_project.yml file [[32mOK found and valid[0m]
[0m07:34:44.359856 [info ] [MainThread]: Required dependencies:
[0m07:34:44.361225 [debug] [MainThread]: Executing "git --help"
[0m07:34:44.375392 [debug] [MainThread]: STDOUT: "b"usage: git [-v | --version] [-h | --help] [-C <path>] [-c <name>=<value>]\n           [--exec-path[=<path>]] [--html-path] [--man-path] [--info-path]\n           [-p | --paginate | -P | --no-pager] [--no-replace-objects] [--bare]\n           [--git-dir=<path>] [--work-tree=<path>] [--namespace=<name>]\n           [--super-prefix=<path>] [--config-env=<name>=<envvar>]\n           <command> [<args>]\n\nThese are common Git commands used in various situations:\n\nstart a working area (see also: git help tutorial)\n   clone     Clone a repository into a new directory\n   init      Create an empty Git repository or reinitialize an existing one\n\nwork on the current change (see also: git help everyday)\n   add       Add file contents to the index\n   mv        Move or rename a file, a directory, or a symlink\n   restore   Restore working tree files\n   rm        Remove files from the working tree and from the index\n\nexamine the history and state (see also: git help revisions)\n   bisect    Use binary search to find the commit that introduced a bug\n   diff      Show changes between commits, commit and working tree, etc\n   grep      Print lines matching a pattern\n   log       Show commit logs\n   show      Show various types of objects\n   status    Show the working tree status\n\ngrow, mark and tweak your common history\n   branch    List, create, or delete branches\n   commit    Record changes to the repository\n   merge     Join two or more development histories together\n   rebase    Reapply commits on top of another base tip\n   reset     Reset current HEAD to the specified state\n   switch    Switch branches\n   tag       Create, list, delete or verify a tag object signed with GPG\n\ncollaborate (see also: git help workflows)\n   fetch     Download objects and refs from another repository\n   pull      Fetch from and integrate with another repository or a local branch\n   push      Update remote refs along with associated objects\n\n'git help -a' and 'git help -g' list available subcommands and some\nconcept guides. See 'git help <command>' or 'git help <concept>'\nto read about a specific subcommand or concept.\nSee 'git help git' for an overview of the system.\n""
[0m07:34:44.376897 [debug] [MainThread]: STDERR: "b''"
[0m07:34:44.377935 [info ] [MainThread]:  - git [[32mOK found[0m]

[0m07:34:44.378858 [info ] [MainThread]: Connection:
[0m07:34:44.379972 [info ] [MainThread]:   driver: None
[0m07:34:44.381157 [info ] [MainThread]:   host: clickhouse
[0m07:34:44.382449 [info ] [MainThread]:   port: 9000
[0m07:34:44.383994 [info ] [MainThread]:   user: dbt
[0m07:34:44.385350 [info ] [MainThread]:   schema: raw
[0m07:34:44.386903 [info ] [MainThread]:   retries: 1
[0m07:34:44.389228 [info ] [MainThread]:   cluster: None
[0m07:34:44.390688 [info ] [MainThread]:   database_engine: None
[0m07:34:44.392714 [info ] [MainThread]:   cluster_mode: False
[0m07:34:44.394339 [info ] [MainThread]:   secure: False
[0m07:34:44.396418 [info ] [MainThread]:   verify: True
[0m07:34:44.397781 [info ] [MainThread]:   client_cert: None
[0m07:34:44.398961 [info ] [MainThread]:   client_cert_key: None
[0m07:34:44.399983 [info ] [MainThread]:   connect_timeout: 10
[0m07:34:44.401307 [info ] [MainThread]:   send_receive_timeout: 300
[0m07:34:44.402419 [info ] [MainThread]:   sync_request_timeout: 5
[0m07:34:44.403616 [info ] [MainThread]:   compress_block_size: 1048576
[0m07:34:44.404691 [info ] [MainThread]:   compression: 
[0m07:34:44.405856 [info ] [MainThread]:   check_exchange: True
[0m07:34:44.408356 [info ] [MainThread]:   custom_settings: None
[0m07:34:44.411738 [info ] [MainThread]:   use_lw_deletes: False
[0m07:34:44.413338 [info ] [MainThread]:   allow_automatic_deduplication: False
[0m07:34:44.414519 [info ] [MainThread]:   tcp_keepalive: False
[0m07:34:44.415859 [info ] [MainThread]: Registered adapter: clickhouse=1.9.3
[0m07:34:44.534303 [debug] [MainThread]: Acquiring new clickhouse connection 'debug'
[0m07:34:44.535255 [debug] [MainThread]: Opening a new connection, currently in state init
[0m07:34:44.938533 [debug] [MainThread]: dbt_clickhouse adapter: On debug: select 1 as id...
[0m07:34:44.944163 [debug] [MainThread]: dbt_clickhouse adapter: SQL status: OK in 0.00 seconds
[0m07:34:44.992161 [info ] [MainThread]:   Connection test: [[32mOK connection ok[0m]

[0m07:34:44.994224 [info ] [MainThread]: [32mAll checks passed![0m
[0m07:34:44.996672 [debug] [MainThread]: Resource report: {"command_name": "debug", "command_success": true, "command_wall_clock_time": 1.2084929, "process_in_blocks": "7856", "process_kernel_time": 0.432715, "process_mem_max_rss": "146216", "process_out_blocks": "0", "process_user_time": 4.027895}
[0m07:34:44.997998 [debug] [MainThread]: Command `dbt debug` succeeded at 07:34:44.997764 after 1.21 seconds
[0m07:34:44.998942 [debug] [MainThread]: Connection 'debug' was left open.
[0m07:34:44.999989 [debug] [MainThread]: On debug: Close
[0m07:34:45.001319 [debug] [MainThread]: Sending event: {'category': 'dbt', 'action': 'invocation', 'label': 'end', 'context': [<snowplow_tracker.self_describing_json.SelfDescribingJson object at 0x7f7118d37b00>, <snowplow_tracker.self_describing_json.SelfDescribingJson object at 0x7f7118d632f0>, <snowplow_tracker.self_describing_json.SelfDescribingJson object at 0x7f711892d640>]}
[0m07:34:45.002644 [debug] [MainThread]: Flushing usage events
[0m07:34:45.791736 [debug] [MainThread]: An error was encountered while trying to flush usage events
[0m07:35:30.943775 [debug] [MainThread]: Sending event: {'category': 'dbt', 'action': 'invocation', 'label': 'start', 'context': [<snowplow_tracker.self_describing_json.SelfDescribingJson object at 0x7ff71b006ae0>, <snowplow_tracker.self_describing_json.SelfDescribingJson object at 0x7ff71a94df40>, <snowplow_tracker.self_describing_json.SelfDescribingJson object at 0x7ff71a5dc920>]}


============================== 07:35:30.952528 | d6896c11-c4ac-4de8-addd-989ee961b03c ==============================
[0m07:35:30.952528 [info ] [MainThread]: Running with dbt=1.12.2
[0m07:35:30.953897 [debug] [MainThread]: running dbt with arguments {'target_path': 'None', 'warn_error': 'None', 'log_cache_events': 'False', 'partial_parse': 'True', 'maximum_seed_size_mib': '1', 'write_json': 'True', 'quiet': 'False', 'no_print': 'None', 'hints_enabled': 'True', 'send_anonymous_usage_stats': 'True', 'static_parser': 'True', 'profiles_dir': '/opt/airflow/dbt', 'log_path': '/opt/airflow/dbt/logs', 'invocation_command': 'dbt ls', 'cache_selected_only': 'False', 'fail_fast': 'False', 'indirect_selection': 'eager', 'printer_width': '80', 'log_format': 'default', 'warn_error_options': 'WarnErrorOptionsV2(error=[], warn=[], silence=[])', 'empty': 'None', 'introspect': 'True', 'use_experimental_parser': 'False', 'debug': 'False', 'use_colors': 'True', 'version_check': 'True'}
[0m07:35:31.357694 [debug] [MainThread]: Sending event: {'category': 'dbt', 'action': 'project_id', 'label': 'd6896c11-c4ac-4de8-addd-989ee961b03c', 'context': [<snowplow_tracker.self_describing_json.SelfDescribingJson object at 0x7ff71947c530>]}
[0m07:35:31.454526 [debug] [MainThread]: Sending event: {'category': 'dbt', 'action': 'adapter_info', 'label': 'd6896c11-c4ac-4de8-addd-989ee961b03c', 'context': [<snowplow_tracker.self_describing_json.SelfDescribingJson object at 0x7ff719737ce0>]}
[0m07:35:31.456213 [info ] [MainThread]: Registered adapter: clickhouse=1.9.3
[0m07:35:31.575327 [debug] [MainThread]: checksum: adba77356f91f81a11ee2fa729542f151b163d2280a76ec0a147e0b39f20e5da, vars: {}, profile: analytics, target: dev, version: 1.12.2
[0m07:35:32.003516 [debug] [MainThread]: Partial parsing enabled: 0 files deleted, 0 files added, 0 files changed.
[0m07:35:32.004309 [debug] [MainThread]: Nothing changed, skipping partial parsing.
[0m07:35:32.005059 [debug] [MainThread]: Partial parsing enabled, no changes found, skipping parsing
[0m07:35:32.020868 [debug] [MainThread]: Sending event: {'category': 'dbt', 'action': 'load_project', 'label': 'd6896c11-c4ac-4de8-addd-989ee961b03c', 'context': [<snowplow_tracker.self_describing_json.SelfDescribingJson object at 0x7ff71c500fb0>]}
[0m07:35:32.192094 [debug] [MainThread]: Wrote artifact WritableManifest to /opt/airflow/dbt/target/manifest.json
[0m07:35:32.206664 [debug] [MainThread]: Wrote artifact SemanticManifest to /opt/airflow/dbt/target/semantic_manifest.json
[0m07:35:32.254726 [debug] [MainThread]: Wrote artifact OsiDocument to /opt/airflow/dbt/target/osi_document.json
[0m07:35:32.310876 [debug] [MainThread]: Sending event: {'category': 'dbt', 'action': 'resource_counts', 'label': 'd6896c11-c4ac-4de8-addd-989ee961b03c', 'context': [<snowplow_tracker.self_describing_json.SelfDescribingJson object at 0x7ff718f7ade0>]}
[0m07:35:32.312382 [info ] [MainThread]: Found 7 models, 521 macros
[0m07:35:32.313722 [debug] [MainThread]: Sending event: {'category': 'dbt', 'action': 'runnable_timing', 'label': 'd6896c11-c4ac-4de8-addd-989ee961b03c', 'context': [<snowplow_tracker.self_describing_json.SelfDescribingJson object at 0x7ff7194e0860>]}
[0m07:35:32.315794 [info ] [MainThread]: analytics.marts.fct_orders
[0m07:35:32.316776 [info ] [MainThread]: analytics.marts.sales_by_category
[0m07:35:32.317778 [info ] [MainThread]: analytics.marts.sales_daily
[0m07:35:32.319009 [info ] [MainThread]: analytics.staging.stg_customers
[0m07:35:32.320592 [info ] [MainThread]: analytics.staging.stg_order_items
[0m07:35:32.321785 [info ] [MainThread]: analytics.staging.stg_orders
[0m07:35:32.322933 [info ] [MainThread]: analytics.staging.stg_products
[0m07:35:32.324962 [debug] [MainThread]: Resource report: {"command_name": "list", "command_success": true, "command_wall_clock_time": 1.4959561, "process_in_blocks": "4824", "process_kernel_time": 0.365904, "process_mem_max_rss": "123908", "process_out_blocks": "0", "process_user_time": 3.433871}
[0m07:35:32.326626 [debug] [MainThread]: Command `dbt ls` succeeded at 07:35:32.326287 after 1.50 seconds
[0m07:35:32.327741 [debug] [MainThread]: Sending event: {'category': 'dbt', 'action': 'invocation', 'label': 'end', 'context': [<snowplow_tracker.self_describing_json.SelfDescribingJson object at 0x7ff71a7ce870>, <snowplow_tracker.self_describing_json.SelfDescribingJson object at 0x7ff71a99dc70>, <snowplow_tracker.self_describing_json.SelfDescribingJson object at 0x7ff719829d60>]}
[0m07:35:32.328524 [debug] [MainThread]: Flushing usage events
[0m07:35:32.934987 [debug] [MainThread]: An error was encountered while trying to flush usage events
[0m07:35:44.598612 [debug] [MainThread]: Sending event: {'category': 'dbt', 'action': 'invocation', 'label': 'start', 'context': [<snowplow_tracker.self_describing_json.SelfDescribingJson object at 0x70512ef97a70>, <snowplow_tracker.self_describing_json.SelfDescribingJson object at 0x705132149b20>, <snowplow_tracker.self_describing_json.SelfDescribingJson object at 0x70512f8bb230>]}


============================== 07:35:44.608455 | 31d00c47-312d-4942-b71e-80e9c0890586 ==============================
[0m07:35:44.608455 [info ] [MainThread]: Running with dbt=1.12.2
[0m07:35:44.609649 [debug] [MainThread]: running dbt with arguments {'use_experimental_parser': 'False', 'log_cache_events': 'False', 'introspect': 'True', 'warn_error': 'None', 'no_print': 'None', 'debug': 'False', 'warn_error_options': 'WarnErrorOptionsV2(error=[], warn=[], silence=[])', 'quiet': 'False', 'use_colors': 'True', 'indirect_selection': 'eager', 'printer_width': '80', 'static_parser': 'True', 'log_path': '/opt/airflow/dbt/logs', 'invocation_command': 'dbt run', 'version_check': 'True', 'fail_fast': 'False', 'write_json': 'True', 'cache_selected_only': 'False', 'hints_enabled': 'True', 'partial_parse': 'True', 'send_anonymous_usage_stats': 'True', 'profiles_dir': '/opt/airflow/dbt', 'log_format': 'default', 'target_path': 'None', 'maximum_seed_size_mib': '1', 'empty': 'False'}
[0m07:35:44.871077 [debug] [MainThread]: Sending event: {'category': 'dbt', 'action': 'project_id', 'label': '31d00c47-312d-4942-b71e-80e9c0890586', 'context': [<snowplow_tracker.self_describing_json.SelfDescribingJson object at 0x70512ee4fd70>]}
[0m07:35:44.954659 [debug] [MainThread]: Sending event: {'category': 'dbt', 'action': 'adapter_info', 'label': '31d00c47-312d-4942-b71e-80e9c0890586', 'context': [<snowplow_tracker.self_describing_json.SelfDescribingJson object at 0x70512eb181a0>]}
[0m07:35:44.956666 [info ] [MainThread]: Registered adapter: clickhouse=1.9.3
[0m07:35:45.080419 [debug] [MainThread]: checksum: adba77356f91f81a11ee2fa729542f151b163d2280a76ec0a147e0b39f20e5da, vars: {}, profile: analytics, target: dev, version: 1.12.2
[0m07:35:45.288426 [debug] [MainThread]: Partial parsing enabled: 0 files deleted, 0 files added, 0 files changed.
[0m07:35:45.289255 [debug] [MainThread]: Nothing changed, skipping partial parsing.
[0m07:35:45.289876 [debug] [MainThread]: Partial parsing enabled, no changes found, skipping parsing
[0m07:35:45.302180 [debug] [MainThread]: Sending event: {'category': 'dbt', 'action': 'load_project', 'label': '31d00c47-312d-4942-b71e-80e9c0890586', 'context': [<snowplow_tracker.self_describing_json.SelfDescribingJson object at 0x70512eaf76b0>]}
[0m07:35:45.441503 [debug] [MainThread]: Wrote artifact WritableManifest to /opt/airflow/dbt/target/manifest.json
[0m07:35:45.450466 [debug] [MainThread]: Wrote artifact SemanticManifest to /opt/airflow/dbt/target/semantic_manifest.json
[0m07:35:45.473150 [debug] [MainThread]: Wrote artifact OsiDocument to /opt/airflow/dbt/target/osi_document.json
[0m07:35:45.498566 [debug] [MainThread]: Sending event: {'category': 'dbt', 'action': 'resource_counts', 'label': '31d00c47-312d-4942-b71e-80e9c0890586', 'context': [<snowplow_tracker.self_describing_json.SelfDescribingJson object at 0x70512e955ac0>]}
[0m07:35:45.499791 [info ] [MainThread]: Found 7 models, 521 macros
[0m07:35:45.500968 [debug] [MainThread]: Sending event: {'category': 'dbt', 'action': 'runnable_timing', 'label': '31d00c47-312d-4942-b71e-80e9c0890586', 'context': [<snowplow_tracker.self_describing_json.SelfDescribingJson object at 0x70512ec4d400>]}
[0m07:35:45.504245 [info ] [MainThread]: 
[0m07:35:45.505298 [info ] [MainThread]: Concurrency: 4 threads (target='dev')
[0m07:35:45.506256 [info ] [MainThread]: 
[0m07:35:45.507761 [debug] [MainThread]: Acquiring new clickhouse connection 'master'
[0m07:35:45.517065 [debug] [ThreadPool]: Acquiring new clickhouse connection 'list_'
[0m07:35:45.537601 [debug] [ThreadPool]: Opening a new connection, currently in state init
[0m07:35:45.742010 [debug] [ThreadPool]: dbt_clickhouse adapter: On list_: /* {"app": "dbt", "dbt_version": "1.12.2", "profile_name": "analytics", "target_name": "dev", "connection_name": "list_"} */

    select name from system.databases
  ...
[0m07:35:45.746810 [debug] [ThreadPool]: dbt_clickhouse adapter: SQL status: OK in 0.00 seconds
[0m07:35:45.786912 [debug] [ThreadPool]: Re-using an available connection from the pool (formerly list_, now list__raw)
[0m07:35:45.793496 [debug] [ThreadPool]: dbt_clickhouse adapter: On list__raw: /* {"app": "dbt", "dbt_version": "1.12.2", "profile_name": "analytics", "target_name": "dev", "connection_name": "list__raw"} */
select
      t.name as name,
      t.database as schema,
      multiIf(
        engine in ('MaterializedView', 'View'), 'view',
        engine = 'Dictionary', 'dictionary',
        'table'
      ) as type,
      db.engine as db_engine,0 as is_on_cluster
          from system.tables as t join system.databases as db on t.database = db.name
        where schema = 'raw'
      

  ...
[0m07:35:45.833137 [debug] [ThreadPool]: dbt_clickhouse adapter: SQL status: OK in 0.04 seconds
[0m07:35:45.838940 [debug] [MainThread]: Sending event: {'category': 'dbt', 'action': 'runnable_timing', 'label': '31d00c47-312d-4942-b71e-80e9c0890586', 'context': [<snowplow_tracker.self_describing_json.SelfDescribingJson object at 0x70512c71a360>]}
[0m07:35:45.846504 [debug] [Thread-1 (]: Began running node model.analytics.stg_customers
[0m07:35:45.847395 [debug] [Thread-2 (]: Began running node model.analytics.stg_order_items
[0m07:35:45.848113 [debug] [Thread-3 (]: Began running node model.analytics.stg_orders
[0m07:35:45.850185 [debug] [Thread-4 (]: Began running node model.analytics.stg_products
[0m07:35:45.849164 [info ] [Thread-1 (]: 1 of 7 START sql view model `raw`.`stg_customers` .............................. [RUN]
[0m07:35:45.852171 [info ] [Thread-2 (]: 2 of 7 START sql view model `raw`.`stg_order_items` ............................ [RUN]
[0m07:35:45.853368 [info ] [Thread-3 (]: 3 of 7 START sql view model `raw`.`stg_orders` ................................. [RUN]
[0m07:35:45.854872 [info ] [Thread-4 (]: 4 of 7 START sql view model `raw`.`stg_products` ............................... [RUN]
[0m07:35:45.856292 [debug] [Thread-1 (]: Re-using an available connection from the pool (formerly list__raw, now model.analytics.stg_customers)
[0m07:35:45.858698 [debug] [Thread-2 (]: Acquiring new clickhouse connection 'model.analytics.stg_order_items'
[0m07:35:45.859897 [debug] [Thread-3 (]: Acquiring new clickhouse connection 'model.analytics.stg_orders'
[0m07:35:45.861138 [debug] [Thread-4 (]: Acquiring new clickhouse connection 'model.analytics.stg_products'
[0m07:35:45.862317 [debug] [Thread-1 (]: Began compiling node model.analytics.stg_customers
[0m07:35:45.863418 [debug] [Thread-2 (]: Began compiling node model.analytics.stg_order_items
[0m07:35:45.864561 [debug] [Thread-3 (]: Began compiling node model.analytics.stg_orders
[0m07:35:45.865573 [debug] [Thread-4 (]: Began compiling node model.analytics.stg_products
[0m07:35:45.873671 [debug] [Thread-1 (]: Writing injected SQL for node "model.analytics.stg_customers"
[0m07:35:45.875205 [debug] [Thread-2 (]: Writing injected SQL for node "model.analytics.stg_order_items"
[0m07:35:45.877239 [debug] [Thread-3 (]: Writing injected SQL for node "model.analytics.stg_orders"
[0m07:35:45.879446 [debug] [Thread-4 (]: Writing injected SQL for node "model.analytics.stg_products"
[0m07:35:45.887729 [debug] [Thread-1 (]: Began executing node model.analytics.stg_customers
[0m07:35:45.895280 [debug] [Thread-2 (]: Began executing node model.analytics.stg_order_items
[0m07:35:45.921520 [debug] [Thread-1 (]: Relation stg_customers already exists, replacing it
[0m07:35:45.923276 [debug] [Thread-2 (]: Relation stg_order_items already exists, replacing it
[0m07:35:45.924313 [debug] [Thread-4 (]: Began executing node model.analytics.stg_products
[0m07:35:45.948825 [debug] [Thread-4 (]: Relation stg_products already exists, replacing it
[0m07:35:45.953198 [debug] [Thread-2 (]: Opening a new connection, currently in state init
[0m07:35:45.955431 [debug] [Thread-4 (]: Opening a new connection, currently in state init
[0m07:35:45.956144 [debug] [Thread-1 (]: Writing runtime sql for node "model.analytics.stg_customers"
[0m07:35:45.956974 [debug] [Thread-3 (]: Began executing node model.analytics.stg_orders
[0m07:35:45.964381 [debug] [Thread-3 (]: Relation stg_orders already exists, replacing it
[0m07:35:45.966478 [debug] [Thread-3 (]: Opening a new connection, currently in state init
[0m07:35:45.978401 [debug] [Thread-1 (]: dbt_clickhouse adapter: On model.analytics.stg_customers: /* {"app": "dbt", "dbt_version": "1.12.2", "profile_name": "analytics", "target_name": "dev", "node_id": "model.analytics.stg_customers"} */


  create or replace view `raw`.`stg_customers` 
  
    
  
  
    
    
  as (
    SELECT
    customer_id,
    name,
    email,
    city,
    registration_date
FROM raw.customers
    
  )
      
      
                    -- end_of_sql
                    
                    ...
[0m07:35:45.992695 [debug] [Thread-1 (]: dbt_clickhouse adapter: SQL status: OK in 0.01 seconds
[0m07:35:46.028321 [debug] [Thread-1 (]: Sending event: {'category': 'dbt', 'action': 'run_model', 'label': '31d00c47-312d-4942-b71e-80e9c0890586', 'context': [<snowplow_tracker.self_describing_json.SelfDescribingJson object at 0x705131bc8bc0>]}
[0m07:35:46.030534 [info ] [Thread-1 (]: 1 of 7 OK created sql view model `raw`.`stg_customers` ......................... [[32mOK[0m in 0.17s]
[0m07:35:46.032895 [debug] [Thread-1 (]: Finished running node model.analytics.stg_customers
[0m07:35:46.079038 [debug] [Thread-4 (]: Writing runtime sql for node "model.analytics.stg_products"
[0m07:35:46.082103 [debug] [Thread-3 (]: Writing runtime sql for node "model.analytics.stg_orders"
[0m07:35:46.084886 [debug] [Thread-2 (]: Writing runtime sql for node "model.analytics.stg_order_items"
[0m07:35:46.095837 [debug] [Thread-3 (]: dbt_clickhouse adapter: On model.analytics.stg_orders: /* {"app": "dbt", "dbt_version": "1.12.2", "profile_name": "analytics", "target_name": "dev", "node_id": "model.analytics.stg_orders"} */


  create or replace view `raw`.`stg_orders` 
  
    
  
  
    
    
  as (
    SELECT 
    order_id,
    customer_id,
    order_date,
    status
FROM raw.orders
    
  )
      
      
                    -- end_of_sql
                    
                    ...
[0m07:35:46.098764 [debug] [Thread-4 (]: dbt_clickhouse adapter: On model.analytics.stg_products: /* {"app": "dbt", "dbt_version": "1.12.2", "profile_name": "analytics", "target_name": "dev", "node_id": "model.analytics.stg_products"} */


  create or replace view `raw`.`stg_products` 
  
    
  
  
    
    
  as (
    SELECT
    product_id,
    product_name,
    category,
    price
FROM raw.products
    
  )
      
      
                    -- end_of_sql
                    
                    ...
[0m07:35:46.100124 [debug] [Thread-2 (]: dbt_clickhouse adapter: On model.analytics.stg_order_items: /* {"app": "dbt", "dbt_version": "1.12.2", "profile_name": "analytics", "target_name": "dev", "node_id": "model.analytics.stg_order_items"} */


  create or replace view `raw`.`stg_order_items` 
  
    
  
  
    
    
  as (
    SELECT
    order_item_id,
    order_id,
    product_id,
    quantity,
    price,
    total_amount
FROM raw.order_items
    
  )
      
      
                    -- end_of_sql
                    
                    ...
[0m07:35:46.106434 [debug] [Thread-3 (]: dbt_clickhouse adapter: SQL status: OK in 0.01 seconds
[0m07:35:46.112232 [debug] [Thread-3 (]: Sending event: {'category': 'dbt', 'action': 'run_model', 'label': '31d00c47-312d-4942-b71e-80e9c0890586', 'context': [<snowplow_tracker.self_describing_json.SelfDescribingJson object at 0x70512e7823c0>]}
[0m07:35:46.113229 [debug] [Thread-4 (]: dbt_clickhouse adapter: SQL status: OK in 0.01 seconds
[0m07:35:46.113926 [debug] [Thread-2 (]: dbt_clickhouse adapter: SQL status: OK in 0.01 seconds
[0m07:35:46.115208 [info ] [Thread-3 (]: 3 of 7 OK created sql view model `raw`.`stg_orders` ............................ [[32mOK[0m in 0.25s]
[0m07:35:46.119523 [debug] [Thread-4 (]: Sending event: {'category': 'dbt', 'action': 'run_model', 'label': '31d00c47-312d-4942-b71e-80e9c0890586', 'context': [<snowplow_tracker.self_describing_json.SelfDescribingJson object at 0x70512c607a70>]}
[0m07:35:46.123602 [debug] [Thread-2 (]: Sending event: {'category': 'dbt', 'action': 'run_model', 'label': '31d00c47-312d-4942-b71e-80e9c0890586', 'context': [<snowplow_tracker.self_describing_json.SelfDescribingJson object at 0x70512c607dd0>]}
[0m07:35:46.125264 [debug] [Thread-3 (]: Finished running node model.analytics.stg_orders
[0m07:35:46.126722 [info ] [Thread-4 (]: 4 of 7 OK created sql view model `raw`.`stg_products` .......................... [[32mOK[0m in 0.26s]
[0m07:35:46.128247 [info ] [Thread-2 (]: 2 of 7 OK created sql view model `raw`.`stg_order_items` ....................... [[32mOK[0m in 0.27s]
[0m07:35:46.131243 [debug] [Thread-4 (]: Finished running node model.analytics.stg_products
[0m07:35:46.132648 [debug] [Thread-2 (]: Finished running node model.analytics.stg_order_items
[0m07:35:46.135590 [debug] [Thread-1 (]: Began running node model.analytics.fct_orders
[0m07:35:46.136756 [debug] [Thread-3 (]: Began running node model.analytics.sales_by_category
[0m07:35:46.137573 [info ] [Thread-1 (]: 5 of 7 START sql table model `raw`.`fct_orders` ................................ [RUN]
[0m07:35:46.139366 [info ] [Thread-3 (]: 6 of 7 START sql table model `raw`.`sales_by_category` ......................... [RUN]
[0m07:35:46.141097 [debug] [Thread-1 (]: Re-using an available connection from the pool (formerly model.analytics.stg_customers, now model.analytics.fct_orders)
[0m07:35:46.143044 [debug] [Thread-3 (]: Re-using an available connection from the pool (formerly model.analytics.stg_orders, now model.analytics.sales_by_category)
[0m07:35:46.144293 [debug] [Thread-1 (]: Began compiling node model.analytics.fct_orders
[0m07:35:46.145234 [debug] [Thread-3 (]: Began compiling node model.analytics.sales_by_category
[0m07:35:46.148202 [debug] [Thread-1 (]: Writing injected SQL for node "model.analytics.fct_orders"
[0m07:35:46.153192 [debug] [Thread-3 (]: Writing injected SQL for node "model.analytics.sales_by_category"
[0m07:35:46.168629 [debug] [Thread-3 (]: Began executing node model.analytics.sales_by_category
[0m07:35:46.181955 [debug] [Thread-1 (]: Began executing node model.analytics.fct_orders
[0m07:35:46.354857 [debug] [Thread-1 (]: dbt_clickhouse adapter: On model.analytics.fct_orders: /* {"app": "dbt", "dbt_version": "1.12.2", "profile_name": "analytics", "target_name": "dev", "node_id": "model.analytics.fct_orders"} */

            

    
        create table `raw`.`fct_orders__dbt_backup`
        
  
        
  engine = MergeTree()
        
      order by (tuple())
        
        
        
        
                    -- end_of_sql
                    SETTINGS replicated_deduplication_window='0'

                    
            empty
          as (
            SELECT 
    o.order_id,
    o.customer_id,
    o.order_date,
    o.status,
    SUM(oi.total_amount) AS order_amount,
    SUM(oi.quantity) AS total_items
FROM `raw`.`stg_orders` o
JOIN `raw`.`stg_order_items` oi
ON o.order_id = oi.order_id
GROUP BY
    o.order_id,
    o.customer_id,
    o.order_date,
    o.status
          )
        
        ...
[0m07:35:46.359290 [debug] [Thread-3 (]: dbt_clickhouse adapter: On model.analytics.sales_by_category: /* {"app": "dbt", "dbt_version": "1.12.2", "profile_name": "analytics", "target_name": "dev", "node_id": "model.analytics.sales_by_category"} */

            

    
        create table `raw`.`sales_by_category__dbt_backup`
        
  
        
  engine = MergeTree()
        
      order by (tuple())
        
        
        
        
                    -- end_of_sql
                    SETTINGS replicated_deduplication_window='0'

                    
            empty
          as (
            SELECT
    p.category,
    SUM(oi.total_amount) AS revenue,
    SUM(oi.quantity) AS items_sold,
    COUNT(DISTINCT o.order_id) AS orders_count
FROM `raw`.`stg_order_items` oi
JOIN `raw`.`stg_orders` o
    ON oi.order_id = o.order_id
JOIN `raw`.`stg_products` p
    ON oi.product_id = p.product_id
WHERE o.status = 'completed'
GROUP BY p.category
ORDER BY revenue DESC
          )
        
        ...
[0m07:35:46.375349 [debug] [Thread-1 (]: dbt_clickhouse adapter: SQL status: OK in 0.01 seconds
[0m07:35:46.376564 [debug] [Thread-3 (]: dbt_clickhouse adapter: SQL status: OK in 0.02 seconds
[0m07:35:46.418814 [debug] [Thread-1 (]: dbt_clickhouse adapter: On model.analytics.fct_orders: /* {"app": "dbt", "dbt_version": "1.12.2", "profile_name": "analytics", "target_name": "dev", "node_id": "model.analytics.fct_orders"} */

    select name, type from system.columns where table = 'fct_orders__dbt_backup'
    
      and database = 'raw'
    
    order by position
  ...
[0m07:35:46.420303 [debug] [Thread-3 (]: dbt_clickhouse adapter: On model.analytics.sales_by_category: /* {"app": "dbt", "dbt_version": "1.12.2", "profile_name": "analytics", "target_name": "dev", "node_id": "model.analytics.sales_by_category"} */

    select name, type from system.columns where table = 'sales_by_category__dbt_backup'
    
      and database = 'raw'
    
    order by position
  ...
[0m07:35:46.429514 [debug] [Thread-1 (]: dbt_clickhouse adapter: SQL status: OK in 0.01 seconds
[0m07:35:46.431201 [debug] [Thread-3 (]: dbt_clickhouse adapter: SQL status: OK in 0.01 seconds
[0m07:35:46.446828 [debug] [Thread-3 (]: Writing runtime sql for node "model.analytics.sales_by_category"
[0m07:35:46.439884 [debug] [Thread-1 (]: Writing runtime sql for node "model.analytics.fct_orders"
[0m07:35:46.473184 [debug] [Thread-3 (]: dbt_clickhouse adapter: On model.analytics.sales_by_category: /* {"app": "dbt", "dbt_version": "1.12.2", "profile_name": "analytics", "target_name": "dev", "node_id": "model.analytics.sales_by_category"} */

  
    
    
    
        
         


        insert into `raw`.`sales_by_category__dbt_backup`
        ("category", "revenue", "items_sold", "orders_count")SELECT
    p.category,
    SUM(oi.total_amount) AS revenue,
    SUM(oi.quantity) AS items_sold,
    COUNT(DISTINCT o.order_id) AS orders_count
FROM `raw`.`stg_order_items` oi
JOIN `raw`.`stg_orders` o
    ON oi.order_id = o.order_id
JOIN `raw`.`stg_products` p
    ON oi.product_id = p.product_id
WHERE o.status = 'completed'
GROUP BY p.category
ORDER BY revenue DESC
  ...
[0m07:35:46.492725 [debug] [Thread-1 (]: dbt_clickhouse adapter: On model.analytics.fct_orders: /* {"app": "dbt", "dbt_version": "1.12.2", "profile_name": "analytics", "target_name": "dev", "node_id": "model.analytics.fct_orders"} */

  
    
    
    
        
         


        insert into `raw`.`fct_orders__dbt_backup`
        ("order_id", "customer_id", "order_date", "status", "order_amount", "total_items")SELECT 
    o.order_id,
    o.customer_id,
    o.order_date,
    o.status,
    SUM(oi.total_amount) AS order_amount,
    SUM(oi.quantity) AS total_items
FROM `raw`.`stg_orders` o
JOIN `raw`.`stg_order_items` oi
ON o.order_id = oi.order_id
GROUP BY
    o.order_id,
    o.customer_id,
    o.order_date,
    o.status
  ...
[0m07:35:49.615545 [debug] [Thread-3 (]: dbt_clickhouse adapter: SQL status: OK in 3.14 seconds
[0m07:35:49.632270 [debug] [Thread-3 (]: dbt_clickhouse adapter: On model.analytics.sales_by_category: /* {"app": "dbt", "dbt_version": "1.12.2", "profile_name": "analytics", "target_name": "dev", "node_id": "model.analytics.sales_by_category"} */
EXCHANGE TABLES `raw`.`sales_by_category__dbt_backup` AND `raw`.`sales_by_category` 
  
  ...
[0m07:35:49.637893 [debug] [Thread-3 (]: dbt_clickhouse adapter: SQL status: OK in 0.00 seconds
[0m07:35:49.654116 [debug] [Thread-3 (]: dbt_clickhouse adapter: On model.analytics.sales_by_category: /* {"app": "dbt", "dbt_version": "1.12.2", "profile_name": "analytics", "target_name": "dev", "node_id": "model.analytics.sales_by_category"} */
drop table if exists `raw`.`sales_by_category__dbt_backup` 
  ...
[0m07:35:49.658271 [debug] [Thread-3 (]: dbt_clickhouse adapter: SQL status: OK in 0.00 seconds
[0m07:35:49.663268 [debug] [Thread-3 (]: Sending event: {'category': 'dbt', 'action': 'run_model', 'label': '31d00c47-312d-4942-b71e-80e9c0890586', 'context': [<snowplow_tracker.self_describing_json.SelfDescribingJson object at 0x70512ee73c50>]}
[0m07:35:49.665530 [info ] [Thread-3 (]: 6 of 7 OK created sql table model `raw`.`sales_by_category` .................... [[32mOK[0m in 3.52s]
[0m07:35:49.667649 [debug] [Thread-3 (]: Finished running node model.analytics.sales_by_category
[0m07:35:50.021657 [debug] [Thread-1 (]: dbt_clickhouse adapter: SQL status: OK in 3.53 seconds
[0m07:35:50.024328 [debug] [Thread-1 (]: dbt_clickhouse adapter: On model.analytics.fct_orders: /* {"app": "dbt", "dbt_version": "1.12.2", "profile_name": "analytics", "target_name": "dev", "node_id": "model.analytics.fct_orders"} */
EXCHANGE TABLES `raw`.`fct_orders__dbt_backup` AND `raw`.`fct_orders` 
  
  ...
[0m07:35:50.027685 [debug] [Thread-1 (]: dbt_clickhouse adapter: SQL status: OK in 0.00 seconds
[0m07:35:50.034450 [debug] [Thread-1 (]: dbt_clickhouse adapter: On model.analytics.fct_orders: /* {"app": "dbt", "dbt_version": "1.12.2", "profile_name": "analytics", "target_name": "dev", "node_id": "model.analytics.fct_orders"} */
drop table if exists `raw`.`fct_orders__dbt_backup` 
  ...
[0m07:35:50.037737 [debug] [Thread-1 (]: dbt_clickhouse adapter: SQL status: OK in 0.00 seconds
[0m07:35:50.040963 [debug] [Thread-1 (]: Sending event: {'category': 'dbt', 'action': 'run_model', 'label': '31d00c47-312d-4942-b71e-80e9c0890586', 'context': [<snowplow_tracker.self_describing_json.SelfDescribingJson object at 0x70512ee4cb60>]}
[0m07:35:50.042324 [info ] [Thread-1 (]: 5 of 7 OK created sql table model `raw`.`fct_orders` ........................... [[32mOK[0m in 3.90s]
[0m07:35:50.043856 [debug] [Thread-1 (]: Finished running node model.analytics.fct_orders
[0m07:35:50.045928 [debug] [Thread-2 (]: Began running node model.analytics.sales_daily
[0m07:35:50.047352 [info ] [Thread-2 (]: 7 of 7 START sql table model `raw`.`sales_daily` ............................... [RUN]
[0m07:35:50.048811 [debug] [Thread-2 (]: Re-using an available connection from the pool (formerly model.analytics.stg_order_items, now model.analytics.sales_daily)
[0m07:35:50.050519 [debug] [Thread-2 (]: Began compiling node model.analytics.sales_daily
[0m07:35:50.055570 [debug] [Thread-2 (]: Writing injected SQL for node "model.analytics.sales_daily"
[0m07:35:50.080043 [debug] [Thread-2 (]: Began executing node model.analytics.sales_daily
[0m07:35:50.087803 [debug] [Thread-2 (]: dbt_clickhouse adapter: On model.analytics.sales_daily: /* {"app": "dbt", "dbt_version": "1.12.2", "profile_name": "analytics", "target_name": "dev", "node_id": "model.analytics.sales_daily"} */

            

    
        create table `raw`.`sales_daily__dbt_backup`
        
  
        
  engine = MergeTree()
        
      order by (tuple())
        
        
        
        
                    -- end_of_sql
                    SETTINGS replicated_deduplication_window='0'

                    
            empty
          as (
            SELECT
    toDate(order_date) AS sale_date,
    COUNT(*) AS orders_count,
    SUM(order_amount) AS revenue,
    SUM(total_items) AS items_sold
FROM `raw`.`fct_orders`
WHERE status = 'completed'
GROUP BY toDate(order_date)
ORDER BY toDate(order_date)
          )
        
        ...
[0m07:35:50.105171 [debug] [Thread-2 (]: dbt_clickhouse adapter: SQL status: OK in 0.02 seconds
[0m07:35:50.110417 [debug] [Thread-2 (]: dbt_clickhouse adapter: On model.analytics.sales_daily: /* {"app": "dbt", "dbt_version": "1.12.2", "profile_name": "analytics", "target_name": "dev", "node_id": "model.analytics.sales_daily"} */

    select name, type from system.columns where table = 'sales_daily__dbt_backup'
    
      and database = 'raw'
    
    order by position
  ...
[0m07:35:50.116773 [debug] [Thread-2 (]: dbt_clickhouse adapter: SQL status: OK in 0.00 seconds
[0m07:35:50.120890 [debug] [Thread-2 (]: Writing runtime sql for node "model.analytics.sales_daily"
[0m07:35:50.144603 [debug] [Thread-2 (]: dbt_clickhouse adapter: On model.analytics.sales_daily: /* {"app": "dbt", "dbt_version": "1.12.2", "profile_name": "analytics", "target_name": "dev", "node_id": "model.analytics.sales_daily"} */

  
    
    
    
        
         


        insert into `raw`.`sales_daily__dbt_backup`
        ("sale_date", "orders_count", "revenue", "items_sold")SELECT
    toDate(order_date) AS sale_date,
    COUNT(*) AS orders_count,
    SUM(order_amount) AS revenue,
    SUM(total_items) AS items_sold
FROM `raw`.`fct_orders`
WHERE status = 'completed'
GROUP BY toDate(order_date)
ORDER BY toDate(order_date)
  ...
[0m07:35:50.217163 [debug] [Thread-2 (]: dbt_clickhouse adapter: SQL status: OK in 0.07 seconds
[0m07:35:50.225237 [debug] [Thread-2 (]: dbt_clickhouse adapter: On model.analytics.sales_daily: /* {"app": "dbt", "dbt_version": "1.12.2", "profile_name": "analytics", "target_name": "dev", "node_id": "model.analytics.sales_daily"} */
EXCHANGE TABLES `raw`.`sales_daily__dbt_backup` AND `raw`.`sales_daily` 
  
  ...
[0m07:35:50.229726 [debug] [Thread-2 (]: dbt_clickhouse adapter: SQL status: OK in 0.00 seconds
[0m07:35:50.236659 [debug] [Thread-2 (]: dbt_clickhouse adapter: On model.analytics.sales_daily: /* {"app": "dbt", "dbt_version": "1.12.2", "profile_name": "analytics", "target_name": "dev", "node_id": "model.analytics.sales_daily"} */
drop table if exists `raw`.`sales_daily__dbt_backup` 
  ...
[0m07:35:50.241144 [debug] [Thread-2 (]: dbt_clickhouse adapter: SQL status: OK in 0.00 seconds
[0m07:35:50.245622 [debug] [Thread-2 (]: Sending event: {'category': 'dbt', 'action': 'run_model', 'label': '31d00c47-312d-4942-b71e-80e9c0890586', 'context': [<snowplow_tracker.self_describing_json.SelfDescribingJson object at 0x70512ec4cf80>]}
[0m07:35:50.247226 [info ] [Thread-2 (]: 7 of 7 OK created sql table model `raw`.`sales_daily` .......................... [[32mOK[0m in 0.20s]
[0m07:35:50.249917 [debug] [Thread-2 (]: Finished running node model.analytics.sales_daily
[0m07:35:50.254803 [debug] [MainThread]: Connection 'master' was properly closed.
[0m07:35:50.255883 [debug] [MainThread]: Connection 'model.analytics.fct_orders' was left open.
[0m07:35:50.256956 [debug] [MainThread]: On model.analytics.fct_orders: Close
[0m07:35:50.258103 [debug] [MainThread]: Connection 'model.analytics.sales_daily' was left open.
[0m07:35:50.259266 [debug] [MainThread]: On model.analytics.sales_daily: Close
[0m07:35:50.260553 [debug] [MainThread]: Connection 'model.analytics.sales_by_category' was left open.
[0m07:35:50.261785 [debug] [MainThread]: On model.analytics.sales_by_category: Close
[0m07:35:50.262952 [debug] [MainThread]: Connection 'model.analytics.stg_products' was left open.
[0m07:35:50.264091 [debug] [MainThread]: On model.analytics.stg_products: Close
[0m07:35:50.265739 [info ] [MainThread]: 
[0m07:35:50.267044 [info ] [MainThread]: Finished running 3 table models, 4 view models in 0 hours 0 minutes and 4.76 seconds (4.76s).
[0m07:35:50.271489 [debug] [MainThread]: Command end result
[0m07:35:50.376681 [debug] [MainThread]: Wrote artifact WritableManifest to /opt/airflow/dbt/target/manifest.json
[0m07:35:50.388181 [debug] [MainThread]: Wrote artifact SemanticManifest to /opt/airflow/dbt/target/semantic_manifest.json
[0m07:35:50.397747 [debug] [MainThread]: Wrote artifact OsiDocument to /opt/airflow/dbt/target/osi_document.json
[0m07:35:50.435716 [debug] [MainThread]: Wrote artifact RunExecutionResult to /opt/airflow/dbt/target/run_results.json
[0m07:35:50.437014 [info ] [MainThread]: 
[0m07:35:50.438517 [info ] [MainThread]: [32mCompleted successfully[0m
[0m07:35:50.439862 [info ] [MainThread]: 
[0m07:35:50.441171 [info ] [MainThread]: Done. PASS=7 WARN=0 ERROR=0 SKIP=0 NO-OP=0 REUSED=0 TOTAL=7
[0m07:35:50.444157 [debug] [MainThread]: Resource report: {"command_name": "run", "command_success": true, "command_wall_clock_time": 5.9889903, "process_in_blocks": "192", "process_kernel_time": 0.467788, "process_mem_max_rss": "159160", "process_out_blocks": "0", "process_user_time": 4.673851}
[0m07:35:50.445783 [debug] [MainThread]: Command `dbt run` succeeded at 07:35:50.445478 after 5.99 seconds
[0m07:35:50.447258 [debug] [MainThread]: Sending event: {'category': 'dbt', 'action': 'invocation', 'label': 'end', 'context': [<snowplow_tracker.self_describing_json.SelfDescribingJson object at 0x70512ef97a70>, <snowplow_tracker.self_describing_json.SelfDescribingJson object at 0x70512e71d190>, <snowplow_tracker.self_describing_json.SelfDescribingJson object at 0x70512e71cd40>]}
[0m07:35:50.448538 [debug] [MainThread]: Flushing usage events
[0m07:35:51.256331 [debug] [MainThread]: An error was encountered while trying to flush usage events
[0m11:37:53.356147 [debug] [MainThread]: Sending event: {'category': 'dbt', 'action': 'invocation', 'label': 'start', 'context': [<snowplow_tracker.self_describing_json.SelfDescribingJson object at 0x72dcb0fa68d0>, <snowplow_tracker.self_describing_json.SelfDescribingJson object at 0x72dcb1dbd2b0>, <snowplow_tracker.self_describing_json.SelfDescribingJson object at 0x72dcb21659a0>]}


============================== 11:37:53.371937 | d285a25d-5b82-43a3-a207-0d93ebf5bb89 ==============================
[0m11:37:53.371937 [info ] [MainThread]: Running with dbt=1.12.2
[0m11:37:53.373778 [debug] [MainThread]: running dbt with arguments {'log_path': '/opt/airflow/dbt/logs', 'warn_error_options': 'WarnErrorOptionsV2(error=[], warn=[], silence=[])', 'invocation_command': 'dbt parse', 'no_print': 'None', 'cache_selected_only': 'False', 'fail_fast': 'False', 'introspect': 'True', 'use_colors': 'True', 'profiles_dir': '/opt/airflow/dbt', 'indirect_selection': 'eager', 'target_path': 'None', 'maximum_seed_size_mib': '1', 'hints_enabled': 'True', 'partial_parse': 'True', 'write_json': 'True', 'send_anonymous_usage_stats': 'True', 'static_parser': 'True', 'quiet': 'False', 'empty': 'None', 'use_experimental_parser': 'False', 'debug': 'False', 'version_check': 'True', 'printer_width': '80', 'log_cache_events': 'False', 'log_format': 'default', 'warn_error': 'None'}
[0m11:37:54.101221 [debug] [MainThread]: Sending event: {'category': 'dbt', 'action': 'project_id', 'label': 'd285a25d-5b82-43a3-a207-0d93ebf5bb89', 'context': [<snowplow_tracker.self_describing_json.SelfDescribingJson object at 0x72dcb0383320>]}
[0m11:37:54.227918 [debug] [MainThread]: Sending event: {'category': 'dbt', 'action': 'adapter_info', 'label': 'd285a25d-5b82-43a3-a207-0d93ebf5bb89', 'context': [<snowplow_tracker.self_describing_json.SelfDescribingJson object at 0x72dcb21659a0>]}
[0m11:37:54.229793 [info ] [MainThread]: Registered adapter: clickhouse=1.9.3
[0m11:37:54.386437 [debug] [MainThread]: checksum: adba77356f91f81a11ee2fa729542f151b163d2280a76ec0a147e0b39f20e5da, vars: {}, profile: analytics, target: dev, version: 1.12.2
[0m11:37:54.644717 [debug] [MainThread]: Partial parsing enabled: 0 files deleted, 1 files added, 4 files changed.
[0m11:37:54.645909 [debug] [MainThread]: Partial parsing: added file: analytics://models/staging/sources.yml
[0m11:37:54.646674 [debug] [MainThread]: Partial parsing: updated file: analytics://models/staging/stg_orders.sql
[0m11:37:54.647342 [debug] [MainThread]: Partial parsing: updated file: analytics://models/staging/stg_customers.sql
[0m11:37:54.648074 [debug] [MainThread]: Partial parsing: updated file: analytics://models/staging/stg_order_items.sql
[0m11:37:54.648994 [debug] [MainThread]: Partial parsing: updated file: analytics://models/staging/stg_products.sql
[0m11:37:55.269262 [debug] [MainThread]: Sending event: {'category': 'dbt', 'action': 'load_project', 'label': 'd285a25d-5b82-43a3-a207-0d93ebf5bb89', 'context': [<snowplow_tracker.self_describing_json.SelfDescribingJson object at 0x72dcafc056a0>]}
[0m11:37:55.277609 [info ] [MainThread]: Performance info: /opt/airflow/dbt/target/perf_info.json
[0m11:37:55.414830 [debug] [MainThread]: Wrote artifact WritableManifest to /opt/airflow/dbt/target/manifest.json
[0m11:37:55.426232 [debug] [MainThread]: Wrote artifact SemanticManifest to /opt/airflow/dbt/target/semantic_manifest.json
[0m11:37:55.457656 [debug] [MainThread]: Wrote artifact OsiDocument to /opt/airflow/dbt/target/osi_document.json
[0m11:37:55.459898 [debug] [MainThread]: Resource report: {"command_name": "parse", "command_success": true, "command_wall_clock_time": 2.2118988, "process_in_blocks": "7336", "process_kernel_time": 1.092684, "process_mem_max_rss": "129732", "process_out_blocks": "0", "process_user_time": 4.532769}
[0m11:37:55.460828 [debug] [MainThread]: Command `dbt parse` succeeded at 11:37:55.460684 after 2.21 seconds
[0m11:37:55.461418 [debug] [MainThread]: Sending event: {'category': 'dbt', 'action': 'invocation', 'label': 'end', 'context': [<snowplow_tracker.self_describing_json.SelfDescribingJson object at 0x72dcb0610c80>, <snowplow_tracker.self_describing_json.SelfDescribingJson object at 0x72dcaea3ab40>, <snowplow_tracker.self_describing_json.SelfDescribingJson object at 0x72dcb1134ef0>]}
[0m11:37:55.462030 [debug] [MainThread]: Flushing usage events
[0m11:37:56.184197 [debug] [MainThread]: An error was encountered while trying to flush usage events
[0m13:58:21.149094 [debug] [MainThread]: Sending event: {'category': 'dbt', 'action': 'invocation', 'label': 'start', 'context': [<snowplow_tracker.self_describing_json.SelfDescribingJson object at 0x7a8a9a4d20c0>, <snowplow_tracker.self_describing_json.SelfDescribingJson object at 0x7a8a98d0e2d0>, <snowplow_tracker.self_describing_json.SelfDescribingJson object at 0x7a8a99979cd0>]}


============================== 13:58:21.158741 | bb66426c-e391-4f59-a1cf-a649d6d0594b ==============================
[0m13:58:21.158741 [info ] [MainThread]: Running with dbt=1.12.2
[0m13:58:21.160270 [debug] [MainThread]: running dbt with arguments {'use_experimental_parser': 'False', 'write_json': 'True', 'cache_selected_only': 'False', 'warn_error_options': 'WarnErrorOptionsV2(error=[], warn=[], silence=[])', 'printer_width': '80', 'log_cache_events': 'False', 'send_anonymous_usage_stats': 'True', 'debug': 'False', 'log_format': 'default', 'static_parser': 'True', 'profiles_dir': '/opt/airflow/dbt', 'partial_parse': 'True', 'introspect': 'True', 'maximum_seed_size_mib': '1', 'log_path': '/opt/airflow/dbt/logs', 'use_colors': 'True', 'invocation_command': 'dbt test', 'indirect_selection': 'eager', 'version_check': 'True', 'empty': 'None', 'target_path': 'None', 'no_print': 'None', 'warn_error': 'None', 'fail_fast': 'False', 'quiet': 'False', 'hints_enabled': 'True'}
[0m13:58:21.473477 [debug] [MainThread]: Sending event: {'category': 'dbt', 'action': 'project_id', 'label': 'bb66426c-e391-4f59-a1cf-a649d6d0594b', 'context': [<snowplow_tracker.self_describing_json.SelfDescribingJson object at 0x7a8a9a04fc20>]}
[0m13:58:21.617264 [debug] [MainThread]: Sending event: {'category': 'dbt', 'action': 'adapter_info', 'label': 'bb66426c-e391-4f59-a1cf-a649d6d0594b', 'context': [<snowplow_tracker.self_describing_json.SelfDescribingJson object at 0x7a8a98daade0>]}
[0m13:58:21.618883 [info ] [MainThread]: Registered adapter: clickhouse=1.9.3
[0m13:58:21.755167 [debug] [MainThread]: checksum: adba77356f91f81a11ee2fa729542f151b163d2280a76ec0a147e0b39f20e5da, vars: {}, profile: analytics, target: dev, version: 1.12.2
[0m13:58:22.057681 [debug] [MainThread]: Partial parsing enabled: 0 files deleted, 1 files added, 0 files changed.
[0m13:58:22.059168 [debug] [MainThread]: Partial parsing: added file: analytics://models/staging/schema.yml
[0m13:58:23.176976 [debug] [MainThread]: Sending event: {'category': 'dbt', 'action': 'load_project', 'label': 'bb66426c-e391-4f59-a1cf-a649d6d0594b', 'context': [<snowplow_tracker.self_describing_json.SelfDescribingJson object at 0x7a8a98775250>]}
[0m13:58:23.396745 [debug] [MainThread]: Wrote artifact WritableManifest to /opt/airflow/dbt/target/manifest.json
[0m13:58:23.406211 [debug] [MainThread]: Wrote artifact SemanticManifest to /opt/airflow/dbt/target/semantic_manifest.json
[0m13:58:23.438752 [debug] [MainThread]: Wrote artifact OsiDocument to /opt/airflow/dbt/target/osi_document.json
[0m13:58:23.500572 [debug] [MainThread]: Sending event: {'category': 'dbt', 'action': 'resource_counts', 'label': 'bb66426c-e391-4f59-a1cf-a649d6d0594b', 'context': [<snowplow_tracker.self_describing_json.SelfDescribingJson object at 0x7a8a98b85130>]}
[0m13:58:23.501750 [info ] [MainThread]: Found 7 models, 11 data tests, 4 sources, 521 macros
[0m13:58:23.503237 [debug] [MainThread]: Sending event: {'category': 'dbt', 'action': 'runnable_timing', 'label': 'bb66426c-e391-4f59-a1cf-a649d6d0594b', 'context': [<snowplow_tracker.self_describing_json.SelfDescribingJson object at 0x7a8a986cf500>]}
[0m13:58:23.510344 [info ] [MainThread]: 
[0m13:58:23.512001 [info ] [MainThread]: Concurrency: 4 threads (target='dev')
[0m13:58:23.513385 [info ] [MainThread]: 
[0m13:58:23.518607 [debug] [MainThread]: Acquiring new clickhouse connection 'master'
[0m13:58:23.534455 [debug] [ThreadPool]: Acquiring new clickhouse connection 'list__raw'
[0m13:58:23.553847 [debug] [ThreadPool]: Opening a new connection, currently in state init
[0m13:58:24.207852 [debug] [ThreadPool]: dbt_clickhouse adapter: On list__raw: /* {"app": "dbt", "dbt_version": "1.12.2", "profile_name": "analytics", "target_name": "dev", "connection_name": "list__raw"} */
select
      t.name as name,
      t.database as schema,
      multiIf(
        engine in ('MaterializedView', 'View'), 'view',
        engine = 'Dictionary', 'dictionary',
        'table'
      ) as type,
      db.engine as db_engine,0 as is_on_cluster
          from system.tables as t join system.databases as db on t.database = db.name
        where schema = 'raw'
      

  ...
[0m13:58:24.241812 [debug] [ThreadPool]: dbt_clickhouse adapter: SQL status: OK in 0.03 seconds
[0m13:58:24.323700 [debug] [MainThread]: Sending event: {'category': 'dbt', 'action': 'runnable_timing', 'label': 'bb66426c-e391-4f59-a1cf-a649d6d0594b', 'context': [<snowplow_tracker.self_describing_json.SelfDescribingJson object at 0x7a8a9842b770>]}
[0m13:58:24.332719 [debug] [Thread-1 (]: Began running node test.analytics.not_null_stg_customers_customer_id.e2cfb1f9aa
[0m13:58:24.333700 [debug] [Thread-2 (]: Began running node test.analytics.not_null_stg_order_items_order_id.2063801f96
[0m13:58:24.334275 [debug] [Thread-3 (]: Began running node test.analytics.not_null_stg_order_items_order_item_id.26a7e2bc35
[0m13:58:24.335640 [debug] [Thread-4 (]: Began running node test.analytics.not_null_stg_order_items_product_id.5154a8a6f6
[0m13:58:24.334950 [info ] [Thread-1 (]: 1 of 11 START test not_null_stg_customers_customer_id .......................... [RUN]
[0m13:58:24.337010 [info ] [Thread-2 (]: 2 of 11 START test not_null_stg_order_items_order_id ........................... [RUN]
[0m13:58:24.338236 [info ] [Thread-3 (]: 3 of 11 START test not_null_stg_order_items_order_item_id ...................... [RUN]
[0m13:58:24.339428 [info ] [Thread-4 (]: 4 of 11 START test not_null_stg_order_items_product_id ......................... [RUN]
[0m13:58:24.341114 [debug] [Thread-1 (]: Re-using an available connection from the pool (formerly list__raw, now test.analytics.not_null_stg_customers_customer_id.e2cfb1f9aa)
[0m13:58:24.342710 [debug] [Thread-2 (]: Acquiring new clickhouse connection 'test.analytics.not_null_stg_order_items_order_id.2063801f96'
[0m13:58:24.344149 [debug] [Thread-3 (]: Acquiring new clickhouse connection 'test.analytics.not_null_stg_order_items_order_item_id.26a7e2bc35'
[0m13:58:24.345810 [debug] [Thread-4 (]: Acquiring new clickhouse connection 'test.analytics.not_null_stg_order_items_product_id.5154a8a6f6'
[0m13:58:24.346928 [debug] [Thread-1 (]: Began compiling node test.analytics.not_null_stg_customers_customer_id.e2cfb1f9aa
[0m13:58:24.348282 [debug] [Thread-2 (]: Began compiling node test.analytics.not_null_stg_order_items_order_id.2063801f96
[0m13:58:24.349382 [debug] [Thread-3 (]: Began compiling node test.analytics.not_null_stg_order_items_order_item_id.26a7e2bc35
[0m13:58:24.350396 [debug] [Thread-4 (]: Began compiling node test.analytics.not_null_stg_order_items_product_id.5154a8a6f6
[0m13:58:24.396361 [debug] [Thread-1 (]: Writing injected SQL for node "test.analytics.not_null_stg_customers_customer_id.e2cfb1f9aa"
[0m13:58:24.401414 [debug] [Thread-3 (]: Writing injected SQL for node "test.analytics.not_null_stg_order_items_order_item_id.26a7e2bc35"
[0m13:58:24.413558 [debug] [Thread-2 (]: Writing injected SQL for node "test.analytics.not_null_stg_order_items_order_id.2063801f96"
[0m13:58:24.415447 [debug] [Thread-4 (]: Writing injected SQL for node "test.analytics.not_null_stg_order_items_product_id.5154a8a6f6"
[0m13:58:24.425336 [debug] [Thread-1 (]: Began executing node test.analytics.not_null_stg_customers_customer_id.e2cfb1f9aa
[0m13:58:24.437683 [debug] [Thread-2 (]: Began executing node test.analytics.not_null_stg_order_items_order_id.2063801f96
[0m13:58:24.479157 [debug] [Thread-4 (]: Began executing node test.analytics.not_null_stg_order_items_product_id.5154a8a6f6
[0m13:58:24.481371 [debug] [Thread-1 (]: Writing runtime sql for node "test.analytics.not_null_stg_customers_customer_id.e2cfb1f9aa"
[0m13:58:24.481807 [debug] [Thread-2 (]: Writing runtime sql for node "test.analytics.not_null_stg_order_items_order_id.2063801f96"
[0m13:58:24.482390 [debug] [Thread-3 (]: Began executing node test.analytics.not_null_stg_order_items_order_item_id.26a7e2bc35
[0m13:58:24.485019 [debug] [Thread-4 (]: Writing runtime sql for node "test.analytics.not_null_stg_order_items_product_id.5154a8a6f6"
[0m13:58:24.493651 [debug] [Thread-3 (]: Writing runtime sql for node "test.analytics.not_null_stg_order_items_order_item_id.26a7e2bc35"
[0m13:58:24.544104 [debug] [Thread-3 (]: Opening a new connection, currently in state init
[0m13:58:24.550246 [debug] [Thread-2 (]: Opening a new connection, currently in state init
[0m13:58:24.551356 [debug] [Thread-4 (]: Opening a new connection, currently in state init
[0m13:58:24.571744 [debug] [Thread-1 (]: dbt_clickhouse adapter: On test.analytics.not_null_stg_customers_customer_id.e2cfb1f9aa: /* {"app": "dbt", "dbt_version": "1.12.2", "profile_name": "analytics", "target_name": "dev", "node_id": "test.analytics.not_null_stg_customers_customer_id.e2cfb1f9aa"} */

    
    
    select
      count(*) as failures,
      count(*) != 0 as should_warn,
      count(*) != 0 as should_error
    from (
      
    
  
    
    



select customer_id
from `raw`.`stg_customers`
where customer_id is null



  
  
    ) dbt_internal_test...
[0m13:58:24.618879 [debug] [Thread-1 (]: dbt_clickhouse adapter: SQL status: OK in 0.04 seconds
[0m13:58:24.626939 [info ] [Thread-1 (]: 1 of 11 PASS not_null_stg_customers_customer_id ................................ [[32mPASS[0m in 0.29s]
[0m13:58:24.629841 [debug] [Thread-1 (]: Finished running node test.analytics.not_null_stg_customers_customer_id.e2cfb1f9aa
[0m13:58:24.631611 [debug] [Thread-1 (]: Began running node test.analytics.not_null_stg_orders_customer_id.af79d5e4b5
[0m13:58:24.633219 [info ] [Thread-1 (]: 5 of 11 START test not_null_stg_orders_customer_id ............................. [RUN]
[0m13:58:24.634991 [debug] [Thread-1 (]: Re-using an available connection from the pool (formerly test.analytics.not_null_stg_customers_customer_id.e2cfb1f9aa, now test.analytics.not_null_stg_orders_customer_id.af79d5e4b5)
[0m13:58:24.636659 [debug] [Thread-1 (]: Began compiling node test.analytics.not_null_stg_orders_customer_id.af79d5e4b5
[0m13:58:24.654509 [debug] [Thread-1 (]: Writing injected SQL for node "test.analytics.not_null_stg_orders_customer_id.af79d5e4b5"
[0m13:58:24.667198 [debug] [Thread-1 (]: Began executing node test.analytics.not_null_stg_orders_customer_id.af79d5e4b5
[0m13:58:24.671324 [debug] [Thread-1 (]: Writing runtime sql for node "test.analytics.not_null_stg_orders_customer_id.af79d5e4b5"
[0m13:58:24.684358 [debug] [Thread-4 (]: dbt_clickhouse adapter: On test.analytics.not_null_stg_order_items_product_id.5154a8a6f6: /* {"app": "dbt", "dbt_version": "1.12.2", "profile_name": "analytics", "target_name": "dev", "node_id": "test.analytics.not_null_stg_order_items_product_id.5154a8a6f6"} */

    
    
    select
      count(*) as failures,
      count(*) != 0 as should_warn,
      count(*) != 0 as should_error
    from (
      
    
  
    
    



select product_id
from `raw`.`stg_order_items`
where product_id is null



  
  
    ) dbt_internal_test...
[0m13:58:24.687352 [debug] [Thread-3 (]: dbt_clickhouse adapter: On test.analytics.not_null_stg_order_items_order_item_id.26a7e2bc35: /* {"app": "dbt", "dbt_version": "1.12.2", "profile_name": "analytics", "target_name": "dev", "node_id": "test.analytics.not_null_stg_order_items_order_item_id.26a7e2bc35"} */

    
    
    select
      count(*) as failures,
      count(*) != 0 as should_warn,
      count(*) != 0 as should_error
    from (
      
    
  
    
    



select order_item_id
from `raw`.`stg_order_items`
where order_item_id is null



  
  
    ) dbt_internal_test...
[0m13:58:24.691774 [debug] [Thread-2 (]: dbt_clickhouse adapter: On test.analytics.not_null_stg_order_items_order_id.2063801f96: /* {"app": "dbt", "dbt_version": "1.12.2", "profile_name": "analytics", "target_name": "dev", "node_id": "test.analytics.not_null_stg_order_items_order_id.2063801f96"} */

    
    
    select
      count(*) as failures,
      count(*) != 0 as should_warn,
      count(*) != 0 as should_error
    from (
      
    
  
    
    



select order_id
from `raw`.`stg_order_items`
where order_id is null



  
  
    ) dbt_internal_test...
[0m13:58:24.701088 [debug] [Thread-1 (]: dbt_clickhouse adapter: On test.analytics.not_null_stg_orders_customer_id.af79d5e4b5: /* {"app": "dbt", "dbt_version": "1.12.2", "profile_name": "analytics", "target_name": "dev", "node_id": "test.analytics.not_null_stg_orders_customer_id.af79d5e4b5"} */

    
    
    select
      count(*) as failures,
      count(*) != 0 as should_warn,
      count(*) != 0 as should_error
    from (
      
    
  
    
    



select customer_id
from `raw`.`stg_orders`
where customer_id is null



  
  
    ) dbt_internal_test...
[0m13:58:24.706851 [debug] [Thread-2 (]: dbt_clickhouse adapter: SQL status: OK in 0.01 seconds
[0m13:58:24.708609 [debug] [Thread-4 (]: dbt_clickhouse adapter: SQL status: OK in 0.02 seconds
[0m13:58:24.711898 [info ] [Thread-2 (]: 2 of 11 PASS not_null_stg_order_items_order_id ................................. [[32mPASS[0m in 0.37s]
[0m13:58:24.716438 [info ] [Thread-4 (]: 4 of 11 PASS not_null_stg_order_items_product_id ............................... [[32mPASS[0m in 0.37s]
[0m13:58:24.719661 [debug] [Thread-3 (]: dbt_clickhouse adapter: SQL status: OK in 0.03 seconds
[0m13:58:24.721581 [debug] [Thread-2 (]: Finished running node test.analytics.not_null_stg_order_items_order_id.2063801f96
[0m13:58:24.723646 [debug] [Thread-4 (]: Finished running node test.analytics.not_null_stg_order_items_product_id.5154a8a6f6
[0m13:58:24.727899 [info ] [Thread-3 (]: 3 of 11 PASS not_null_stg_order_items_order_item_id ............................ [[32mPASS[0m in 0.38s]
[0m13:58:24.729441 [debug] [Thread-1 (]: dbt_clickhouse adapter: SQL status: OK in 0.03 seconds
[0m13:58:24.730452 [debug] [Thread-2 (]: Began running node test.analytics.not_null_stg_orders_order_id.81cfe2fe64
[0m13:58:24.731791 [debug] [Thread-4 (]: Began running node test.analytics.not_null_stg_products_product_id.6373b0acf3
[0m13:58:24.733439 [debug] [Thread-3 (]: Finished running node test.analytics.not_null_stg_order_items_order_item_id.26a7e2bc35
[0m13:58:24.736328 [info ] [Thread-1 (]: 5 of 11 PASS not_null_stg_orders_customer_id ................................... [[32mPASS[0m in 0.10s]
[0m13:58:24.737891 [info ] [Thread-2 (]: 6 of 11 START test not_null_stg_orders_order_id ................................ [RUN]
[0m13:58:24.739412 [info ] [Thread-4 (]: 7 of 11 START test not_null_stg_products_product_id ............................ [RUN]
[0m13:58:24.740792 [debug] [Thread-3 (]: Began running node test.analytics.unique_stg_customers_customer_id.c7614daada
[0m13:58:24.742287 [debug] [Thread-1 (]: Finished running node test.analytics.not_null_stg_orders_customer_id.af79d5e4b5
[0m13:58:24.743462 [debug] [Thread-2 (]: Re-using an available connection from the pool (formerly test.analytics.not_null_stg_order_items_order_id.2063801f96, now test.analytics.not_null_stg_orders_order_id.81cfe2fe64)
[0m13:58:24.744776 [debug] [Thread-4 (]: Re-using an available connection from the pool (formerly test.analytics.not_null_stg_order_items_product_id.5154a8a6f6, now test.analytics.not_null_stg_products_product_id.6373b0acf3)
[0m13:58:24.746064 [info ] [Thread-3 (]: 8 of 11 START test unique_stg_customers_customer_id ............................ [RUN]
[0m13:58:24.747608 [debug] [Thread-1 (]: Began running node test.analytics.unique_stg_order_items_order_item_id.90e333a108
[0m13:58:24.748670 [debug] [Thread-2 (]: Began compiling node test.analytics.not_null_stg_orders_order_id.81cfe2fe64
[0m13:58:24.750081 [debug] [Thread-4 (]: Began compiling node test.analytics.not_null_stg_products_product_id.6373b0acf3
[0m13:58:24.751755 [debug] [Thread-3 (]: Re-using an available connection from the pool (formerly test.analytics.not_null_stg_order_items_order_item_id.26a7e2bc35, now test.analytics.unique_stg_customers_customer_id.c7614daada)
[0m13:58:24.753149 [info ] [Thread-1 (]: 9 of 11 START test unique_stg_order_items_order_item_id ........................ [RUN]
[0m13:58:24.773482 [debug] [Thread-2 (]: Writing injected SQL for node "test.analytics.not_null_stg_orders_order_id.81cfe2fe64"
[0m13:58:24.778264 [debug] [Thread-4 (]: Writing injected SQL for node "test.analytics.not_null_stg_products_product_id.6373b0acf3"
[0m13:58:24.779294 [debug] [Thread-3 (]: Began compiling node test.analytics.unique_stg_customers_customer_id.c7614daada
[0m13:58:24.780244 [debug] [Thread-1 (]: Re-using an available connection from the pool (formerly test.analytics.not_null_stg_orders_customer_id.af79d5e4b5, now test.analytics.unique_stg_order_items_order_item_id.90e333a108)
[0m13:58:24.793375 [debug] [Thread-1 (]: Began compiling node test.analytics.unique_stg_order_items_order_item_id.90e333a108
[0m13:58:24.798139 [debug] [Thread-3 (]: Writing injected SQL for node "test.analytics.unique_stg_customers_customer_id.c7614daada"
[0m13:58:24.807823 [debug] [Thread-1 (]: Writing injected SQL for node "test.analytics.unique_stg_order_items_order_item_id.90e333a108"
[0m13:58:24.808793 [debug] [Thread-4 (]: Began executing node test.analytics.not_null_stg_products_product_id.6373b0acf3
[0m13:58:24.810570 [debug] [Thread-2 (]: Began executing node test.analytics.not_null_stg_orders_order_id.81cfe2fe64
[0m13:58:24.814676 [debug] [Thread-4 (]: Writing runtime sql for node "test.analytics.not_null_stg_products_product_id.6373b0acf3"
[0m13:58:24.818724 [debug] [Thread-2 (]: Writing runtime sql for node "test.analytics.not_null_stg_orders_order_id.81cfe2fe64"
[0m13:58:24.821200 [debug] [Thread-3 (]: Began executing node test.analytics.unique_stg_customers_customer_id.c7614daada
[0m13:58:24.826336 [debug] [Thread-3 (]: Writing runtime sql for node "test.analytics.unique_stg_customers_customer_id.c7614daada"
[0m13:58:24.827187 [debug] [Thread-1 (]: Began executing node test.analytics.unique_stg_order_items_order_item_id.90e333a108
[0m13:58:24.831432 [debug] [Thread-1 (]: Writing runtime sql for node "test.analytics.unique_stg_order_items_order_item_id.90e333a108"
[0m13:58:24.835443 [debug] [Thread-2 (]: dbt_clickhouse adapter: On test.analytics.not_null_stg_orders_order_id.81cfe2fe64: /* {"app": "dbt", "dbt_version": "1.12.2", "profile_name": "analytics", "target_name": "dev", "node_id": "test.analytics.not_null_stg_orders_order_id.81cfe2fe64"} */

    
    
    select
      count(*) as failures,
      count(*) != 0 as should_warn,
      count(*) != 0 as should_error
    from (
      
    
  
    
    



select order_id
from `raw`.`stg_orders`
where order_id is null



  
  
    ) dbt_internal_test...
[0m13:58:24.838955 [debug] [Thread-4 (]: dbt_clickhouse adapter: On test.analytics.not_null_stg_products_product_id.6373b0acf3: /* {"app": "dbt", "dbt_version": "1.12.2", "profile_name": "analytics", "target_name": "dev", "node_id": "test.analytics.not_null_stg_products_product_id.6373b0acf3"} */

    
    
    select
      count(*) as failures,
      count(*) != 0 as should_warn,
      count(*) != 0 as should_error
    from (
      
    
  
    
    



select product_id
from `raw`.`stg_products`
where product_id is null



  
  
    ) dbt_internal_test...
[0m13:58:24.841303 [debug] [Thread-3 (]: dbt_clickhouse adapter: On test.analytics.unique_stg_customers_customer_id.c7614daada: /* {"app": "dbt", "dbt_version": "1.12.2", "profile_name": "analytics", "target_name": "dev", "node_id": "test.analytics.unique_stg_customers_customer_id.c7614daada"} */

    
    
    select
      count(*) as failures,
      count(*) != 0 as should_warn,
      count(*) != 0 as should_error
    from (
      
    
  
    
    

select
    customer_id as unique_field,
    count(*) as n_records

from `raw`.`stg_customers`
where customer_id is not null
group by customer_id
having count(*) > 1



  
  
    ) dbt_internal_test...
[0m13:58:24.854182 [debug] [Thread-2 (]: dbt_clickhouse adapter: SQL status: OK in 0.02 seconds
[0m13:58:24.858455 [info ] [Thread-2 (]: 6 of 11 PASS not_null_stg_orders_order_id ...................................... [[32mPASS[0m in 0.11s]
[0m13:58:24.860662 [debug] [Thread-2 (]: Finished running node test.analytics.not_null_stg_orders_order_id.81cfe2fe64
[0m13:58:24.862471 [debug] [Thread-1 (]: dbt_clickhouse adapter: On test.analytics.unique_stg_order_items_order_item_id.90e333a108: /* {"app": "dbt", "dbt_version": "1.12.2", "profile_name": "analytics", "target_name": "dev", "node_id": "test.analytics.unique_stg_order_items_order_item_id.90e333a108"} */

    
    
    select
      count(*) as failures,
      count(*) != 0 as should_warn,
      count(*) != 0 as should_error
    from (
      
    
  
    
    

select
    order_item_id as unique_field,
    count(*) as n_records

from `raw`.`stg_order_items`
where order_item_id is not null
group by order_item_id
having count(*) > 1



  
  
    ) dbt_internal_test...
[0m13:58:24.863954 [debug] [Thread-4 (]: dbt_clickhouse adapter: SQL status: OK in 0.02 seconds
[0m13:58:24.864882 [debug] [Thread-2 (]: Began running node test.analytics.unique_stg_orders_order_id.e3b841c71a
[0m13:58:24.868010 [info ] [Thread-4 (]: 7 of 11 PASS not_null_stg_products_product_id .................................. [[32mPASS[0m in 0.12s]
[0m13:58:24.870155 [info ] [Thread-2 (]: 10 of 11 START test unique_stg_orders_order_id ................................. [RUN]
[0m13:58:24.873462 [debug] [Thread-4 (]: Finished running node test.analytics.not_null_stg_products_product_id.6373b0acf3
[0m13:58:24.875430 [debug] [Thread-2 (]: Re-using an available connection from the pool (formerly test.analytics.not_null_stg_orders_order_id.81cfe2fe64, now test.analytics.unique_stg_orders_order_id.e3b841c71a)
[0m13:58:24.877273 [debug] [Thread-4 (]: Began running node test.analytics.unique_stg_products_product_id.7d950a1467
[0m13:58:24.879213 [debug] [Thread-2 (]: Began compiling node test.analytics.unique_stg_orders_order_id.e3b841c71a
[0m13:58:24.881047 [info ] [Thread-4 (]: 11 of 11 START test unique_stg_products_product_id ............................. [RUN]
[0m13:58:24.898856 [debug] [Thread-4 (]: Re-using an available connection from the pool (formerly test.analytics.not_null_stg_products_product_id.6373b0acf3, now test.analytics.unique_stg_products_product_id.7d950a1467)
[0m13:58:24.901524 [debug] [Thread-4 (]: Began compiling node test.analytics.unique_stg_products_product_id.7d950a1467
[0m13:58:24.912779 [debug] [Thread-2 (]: Writing injected SQL for node "test.analytics.unique_stg_orders_order_id.e3b841c71a"
[0m13:58:24.919858 [debug] [Thread-4 (]: Writing injected SQL for node "test.analytics.unique_stg_products_product_id.7d950a1467"
[0m13:58:24.970351 [debug] [Thread-4 (]: Began executing node test.analytics.unique_stg_products_product_id.7d950a1467
[0m13:58:24.975289 [debug] [Thread-4 (]: Writing runtime sql for node "test.analytics.unique_stg_products_product_id.7d950a1467"
[0m13:58:24.985309 [debug] [Thread-3 (]: dbt_clickhouse adapter: SQL status: OK in 0.14 seconds
[0m13:58:25.002630 [info ] [Thread-3 (]: 8 of 11 PASS unique_stg_customers_customer_id .................................. [[32mPASS[0m in 0.25s]
[0m13:58:25.007683 [debug] [Thread-3 (]: Finished running node test.analytics.unique_stg_customers_customer_id.c7614daada
[0m13:58:25.012789 [debug] [Thread-2 (]: Began executing node test.analytics.unique_stg_orders_order_id.e3b841c71a
[0m13:58:25.018051 [debug] [Thread-2 (]: Writing runtime sql for node "test.analytics.unique_stg_orders_order_id.e3b841c71a"
[0m13:58:25.064490 [debug] [Thread-4 (]: dbt_clickhouse adapter: On test.analytics.unique_stg_products_product_id.7d950a1467: /* {"app": "dbt", "dbt_version": "1.12.2", "profile_name": "analytics", "target_name": "dev", "node_id": "test.analytics.unique_stg_products_product_id.7d950a1467"} */

    
    
    select
      count(*) as failures,
      count(*) != 0 as should_warn,
      count(*) != 0 as should_error
    from (
      
    
  
    
    

select
    product_id as unique_field,
    count(*) as n_records

from `raw`.`stg_products`
where product_id is not null
group by product_id
having count(*) > 1



  
  
    ) dbt_internal_test...
[0m13:58:25.073054 [debug] [Thread-2 (]: dbt_clickhouse adapter: On test.analytics.unique_stg_orders_order_id.e3b841c71a: /* {"app": "dbt", "dbt_version": "1.12.2", "profile_name": "analytics", "target_name": "dev", "node_id": "test.analytics.unique_stg_orders_order_id.e3b841c71a"} */

    
    
    select
      count(*) as failures,
      count(*) != 0 as should_warn,
      count(*) != 0 as should_error
    from (
      
    
  
    
    

select
    order_id as unique_field,
    count(*) as n_records

from `raw`.`stg_orders`
where order_id is not null
group by order_id
having count(*) > 1



  
  
    ) dbt_internal_test...
[0m13:58:25.102254 [debug] [Thread-4 (]: dbt_clickhouse adapter: SQL status: OK in 0.03 seconds
[0m13:58:25.112145 [info ] [Thread-4 (]: 11 of 11 PASS unique_stg_products_product_id ................................... [[32mPASS[0m in 0.21s]
[0m13:58:25.124244 [debug] [Thread-4 (]: Finished running node test.analytics.unique_stg_products_product_id.7d950a1467
[0m13:58:26.429483 [debug] [Thread-2 (]: dbt_clickhouse adapter: SQL status: OK in 1.35 seconds
[0m13:58:26.433067 [info ] [Thread-2 (]: 10 of 11 PASS unique_stg_orders_order_id ....................................... [[32mPASS[0m in 1.56s]
[0m13:58:26.438285 [debug] [Thread-2 (]: Finished running node test.analytics.unique_stg_orders_order_id.e3b841c71a
[0m13:58:26.441541 [debug] [Thread-1 (]: dbt_clickhouse adapter: SQL status: OK in 1.58 seconds
[0m13:58:26.444702 [info ] [Thread-1 (]: 9 of 11 PASS unique_stg_order_items_order_item_id .............................. [[32mPASS[0m in 1.66s]
[0m13:58:26.447239 [debug] [Thread-1 (]: Finished running node test.analytics.unique_stg_order_items_order_item_id.90e333a108
[0m13:58:26.453655 [debug] [MainThread]: Connection 'master' was properly closed.
[0m13:58:26.454639 [debug] [MainThread]: Connection 'test.analytics.unique_stg_order_items_order_item_id.90e333a108' was left open.
[0m13:58:26.455900 [debug] [MainThread]: On test.analytics.unique_stg_order_items_order_item_id.90e333a108: Close
[0m13:58:26.457601 [debug] [MainThread]: Connection 'test.analytics.unique_stg_orders_order_id.e3b841c71a' was left open.
[0m13:58:26.458607 [debug] [MainThread]: On test.analytics.unique_stg_orders_order_id.e3b841c71a: Close
[0m13:58:26.460158 [debug] [MainThread]: Connection 'test.analytics.unique_stg_customers_customer_id.c7614daada' was left open.
[0m13:58:26.461916 [debug] [MainThread]: On test.analytics.unique_stg_customers_customer_id.c7614daada: Close
[0m13:58:26.463848 [debug] [MainThread]: Connection 'test.analytics.unique_stg_products_product_id.7d950a1467' was left open.
[0m13:58:26.464893 [debug] [MainThread]: On test.analytics.unique_stg_products_product_id.7d950a1467: Close
[0m13:58:26.466247 [info ] [MainThread]: 
[0m13:58:26.467387 [info ] [MainThread]: Finished running 11 data tests in 0 hours 0 minutes and 2.95 seconds (2.95s).
[0m13:58:26.471661 [debug] [MainThread]: Command end result
[0m13:58:26.550915 [debug] [MainThread]: Wrote artifact WritableManifest to /opt/airflow/dbt/target/manifest.json
[0m13:58:26.560784 [debug] [MainThread]: Wrote artifact SemanticManifest to /opt/airflow/dbt/target/semantic_manifest.json
[0m13:58:26.569562 [debug] [MainThread]: Wrote artifact OsiDocument to /opt/airflow/dbt/target/osi_document.json
[0m13:58:26.584512 [debug] [MainThread]: Wrote artifact RunExecutionResult to /opt/airflow/dbt/target/run_results.json
[0m13:58:26.585330 [info ] [MainThread]: 
[0m13:58:26.586848 [info ] [MainThread]: [32mCompleted successfully[0m
[0m13:58:26.588085 [info ] [MainThread]: 
[0m13:58:26.589428 [info ] [MainThread]: Done. PASS=11 WARN=0 ERROR=0 SKIP=0 NO-OP=0 REUSED=0 TOTAL=11
[0m13:58:26.594149 [debug] [MainThread]: Resource report: {"command_name": "test", "command_success": true, "command_wall_clock_time": 5.5511503, "process_in_blocks": "1120", "process_kernel_time": 0.989731, "process_mem_max_rss": "164888", "process_out_blocks": "0", "process_user_time": 6.41155}
[0m13:58:26.595548 [debug] [MainThread]: Command `dbt test` succeeded at 13:58:26.595275 after 5.55 seconds
[0m13:58:26.597435 [debug] [MainThread]: Sending event: {'category': 'dbt', 'action': 'invocation', 'label': 'end', 'context': [<snowplow_tracker.self_describing_json.SelfDescribingJson object at 0x7a8a99979cd0>, <snowplow_tracker.self_describing_json.SelfDescribingJson object at 0x7a8a9c12dbe0>, <snowplow_tracker.self_describing_json.SelfDescribingJson object at 0x7a8a985460f0>]}
[0m13:58:26.599059 [debug] [MainThread]: Flushing usage events
[0m13:58:27.246905 [debug] [MainThread]: An error was encountered while trying to flush usage events
[0m18:01:40.471826 [debug] [MainThread]: Sending event: {'category': 'dbt', 'action': 'invocation', 'label': 'start', 'context': [<snowplow_tracker.self_describing_json.SelfDescribingJson object at 0x7fc5f2047e60>, <snowplow_tracker.self_describing_json.SelfDescribingJson object at 0x7fc5f30de300>, <snowplow_tracker.self_describing_json.SelfDescribingJson object at 0x7fc5f2047b00>]}


============================== 18:01:40.492009 | 91549f0c-0c8c-4df0-8edf-b75c6caa0b7b ==============================
[0m18:01:40.492009 [info ] [MainThread]: Running with dbt=1.12.2
[0m18:01:40.493494 [debug] [MainThread]: running dbt with arguments {'write_json': 'True', 'log_format': 'default', 'indirect_selection': 'eager', 'fail_fast': 'False', 'target_path': 'None', 'no_print': 'None', 'maximum_seed_size_mib': '1', 'send_anonymous_usage_stats': 'True', 'quiet': 'False', 'partial_parse': 'True', 'log_cache_events': 'False', 'cache_selected_only': 'False', 'version_check': 'True', 'introspect': 'True', 'warn_error_options': 'WarnErrorOptionsV2(error=[], warn=[], silence=[])', 'warn_error': 'None', 'invocation_command': 'dbt run --project-dir /opt/airflow/dbt --profiles-dir /opt/airflow/dbt', 'use_colors': 'True', 'hints_enabled': 'True', 'use_experimental_parser': 'False', 'profiles_dir': '/opt/airflow/dbt', 'printer_width': '80', 'debug': 'False', 'log_path': '/opt/airflow/dbt/logs', 'empty': 'False', 'static_parser': 'True'}
[0m18:01:41.061058 [debug] [MainThread]: Sending event: {'category': 'dbt', 'action': 'project_id', 'label': '91549f0c-0c8c-4df0-8edf-b75c6caa0b7b', 'context': [<snowplow_tracker.self_describing_json.SelfDescribingJson object at 0x7fc5f1ce3e60>]}
[0m18:01:41.206654 [debug] [MainThread]: Sending event: {'category': 'dbt', 'action': 'adapter_info', 'label': '91549f0c-0c8c-4df0-8edf-b75c6caa0b7b', 'context': [<snowplow_tracker.self_describing_json.SelfDescribingJson object at 0x7fc5f1ce3e60>]}
[0m18:01:41.209081 [info ] [MainThread]: Registered adapter: clickhouse=1.9.3
[0m18:01:41.422875 [debug] [MainThread]: checksum: adba77356f91f81a11ee2fa729542f151b163d2280a76ec0a147e0b39f20e5da, vars: {}, profile: analytics, target: dev, version: 1.12.2
[0m18:01:42.106550 [debug] [MainThread]: Partial parsing enabled: 0 files deleted, 0 files added, 0 files changed.
[0m18:01:42.108600 [debug] [MainThread]: Nothing changed, skipping partial parsing.
[0m18:01:42.109664 [debug] [MainThread]: Partial parsing enabled, no changes found, skipping parsing
[0m18:01:42.133420 [debug] [MainThread]: Sending event: {'category': 'dbt', 'action': 'load_project', 'label': '91549f0c-0c8c-4df0-8edf-b75c6caa0b7b', 'context': [<snowplow_tracker.self_describing_json.SelfDescribingJson object at 0x7fc5f1b3e7b0>]}
[0m18:01:42.457266 [debug] [MainThread]: Wrote artifact WritableManifest to /opt/airflow/dbt/target/manifest.json
[0m18:01:42.476089 [debug] [MainThread]: Wrote artifact SemanticManifest to /opt/airflow/dbt/target/semantic_manifest.json
[0m18:01:42.533302 [debug] [MainThread]: Wrote artifact OsiDocument to /opt/airflow/dbt/target/osi_document.json
[0m18:01:42.601762 [debug] [MainThread]: Sending event: {'category': 'dbt', 'action': 'resource_counts', 'label': '91549f0c-0c8c-4df0-8edf-b75c6caa0b7b', 'context': [<snowplow_tracker.self_describing_json.SelfDescribingJson object at 0x7fc5f177a3c0>]}
[0m18:01:42.603163 [info ] [MainThread]: Found 7 models, 11 data tests, 4 sources, 521 macros
[0m18:01:42.604308 [debug] [MainThread]: Sending event: {'category': 'dbt', 'action': 'runnable_timing', 'label': '91549f0c-0c8c-4df0-8edf-b75c6caa0b7b', 'context': [<snowplow_tracker.self_describing_json.SelfDescribingJson object at 0x7fc5f1758f50>]}
[0m18:01:42.608572 [info ] [MainThread]: 
[0m18:01:42.609682 [info ] [MainThread]: Concurrency: 4 threads (target='dev')
[0m18:01:42.610728 [info ] [MainThread]: 
[0m18:01:42.611906 [debug] [MainThread]: Acquiring new clickhouse connection 'master'
[0m18:01:42.626132 [debug] [ThreadPool]: Acquiring new clickhouse connection 'list_'
[0m18:01:42.642797 [debug] [ThreadPool]: Opening a new connection, currently in state init
[0m18:01:43.097482 [debug] [ThreadPool]: dbt_clickhouse adapter: On list_: /* {"app": "dbt", "dbt_version": "1.12.2", "profile_name": "analytics", "target_name": "dev", "connection_name": "list_"} */

    select name from system.databases
  ...
[0m18:01:43.102294 [debug] [ThreadPool]: dbt_clickhouse adapter: SQL status: OK in 0.00 seconds
[0m18:01:43.156717 [debug] [ThreadPool]: Re-using an available connection from the pool (formerly list_, now list__raw)
[0m18:01:43.167939 [debug] [ThreadPool]: dbt_clickhouse adapter: On list__raw: /* {"app": "dbt", "dbt_version": "1.12.2", "profile_name": "analytics", "target_name": "dev", "connection_name": "list__raw"} */
select
      t.name as name,
      t.database as schema,
      multiIf(
        engine in ('MaterializedView', 'View'), 'view',
        engine = 'Dictionary', 'dictionary',
        'table'
      ) as type,
      db.engine as db_engine,0 as is_on_cluster
          from system.tables as t join system.databases as db on t.database = db.name
        where schema = 'raw'
      

  ...
[0m18:01:43.196465 [debug] [ThreadPool]: dbt_clickhouse adapter: SQL status: OK in 0.03 seconds
[0m18:01:43.201362 [debug] [MainThread]: Sending event: {'category': 'dbt', 'action': 'runnable_timing', 'label': '91549f0c-0c8c-4df0-8edf-b75c6caa0b7b', 'context': [<snowplow_tracker.self_describing_json.SelfDescribingJson object at 0x7fc5f177bda0>]}
[0m18:01:43.215173 [debug] [Thread-1 (]: Began running node model.analytics.stg_customers
[0m18:01:43.216160 [debug] [Thread-2 (]: Began running node model.analytics.stg_order_items
[0m18:01:43.217055 [debug] [Thread-3 (]: Began running node model.analytics.stg_orders
[0m18:01:43.218206 [debug] [Thread-4 (]: Began running node model.analytics.stg_products
[0m18:01:43.220682 [info ] [Thread-1 (]: 1 of 7 START sql view model `raw`.`stg_customers` .............................. [RUN]
[0m18:01:43.222068 [info ] [Thread-2 (]: 2 of 7 START sql view model `raw`.`stg_order_items` ............................ [RUN]
[0m18:01:43.223353 [info ] [Thread-3 (]: 3 of 7 START sql view model `raw`.`stg_orders` ................................. [RUN]
[0m18:01:43.224735 [info ] [Thread-4 (]: 4 of 7 START sql view model `raw`.`stg_products` ............................... [RUN]
[0m18:01:43.225729 [debug] [Thread-1 (]: Re-using an available connection from the pool (formerly list__raw, now model.analytics.stg_customers)
[0m18:01:43.226771 [debug] [Thread-2 (]: Acquiring new clickhouse connection 'model.analytics.stg_order_items'
[0m18:01:43.228151 [debug] [Thread-3 (]: Acquiring new clickhouse connection 'model.analytics.stg_orders'
[0m18:01:43.229510 [debug] [Thread-4 (]: Acquiring new clickhouse connection 'model.analytics.stg_products'
[0m18:01:43.230595 [debug] [Thread-1 (]: Began compiling node model.analytics.stg_customers
[0m18:01:43.231659 [debug] [Thread-2 (]: Began compiling node model.analytics.stg_order_items
[0m18:01:43.232940 [debug] [Thread-3 (]: Began compiling node model.analytics.stg_orders
[0m18:01:43.234167 [debug] [Thread-4 (]: Began compiling node model.analytics.stg_products
[0m18:01:43.247247 [debug] [Thread-1 (]: Writing injected SQL for node "model.analytics.stg_customers"
[0m18:01:43.256627 [debug] [Thread-2 (]: Writing injected SQL for node "model.analytics.stg_order_items"
[0m18:01:43.261176 [debug] [Thread-3 (]: Writing injected SQL for node "model.analytics.stg_orders"
[0m18:01:43.265656 [debug] [Thread-4 (]: Writing injected SQL for node "model.analytics.stg_products"
[0m18:01:43.288655 [debug] [Thread-4 (]: Began executing node model.analytics.stg_products
[0m18:01:43.323397 [debug] [Thread-4 (]: Relation stg_products already exists, replacing it
[0m18:01:43.336916 [debug] [Thread-2 (]: Began executing node model.analytics.stg_order_items
[0m18:01:43.339444 [debug] [Thread-3 (]: Began executing node model.analytics.stg_orders
[0m18:01:43.360759 [debug] [Thread-2 (]: Relation stg_order_items already exists, replacing it
[0m18:01:43.371061 [debug] [Thread-1 (]: Began executing node model.analytics.stg_customers
[0m18:01:43.379930 [debug] [Thread-4 (]: Opening a new connection, currently in state init
[0m18:01:43.382934 [debug] [Thread-3 (]: Relation stg_orders already exists, replacing it
[0m18:01:43.385621 [debug] [Thread-2 (]: Opening a new connection, currently in state init
[0m18:01:43.505829 [debug] [Thread-1 (]: Relation stg_customers already exists, replacing it
[0m18:01:43.509095 [debug] [Thread-3 (]: Opening a new connection, currently in state init
[0m18:01:43.513565 [debug] [Thread-1 (]: Writing runtime sql for node "model.analytics.stg_customers"
[0m18:01:43.555743 [debug] [Thread-1 (]: dbt_clickhouse adapter: On model.analytics.stg_customers: /* {"app": "dbt", "dbt_version": "1.12.2", "profile_name": "analytics", "target_name": "dev", "node_id": "model.analytics.stg_customers"} */


  create or replace view `raw`.`stg_customers` 
  
    
  
  
    
    
  as (
    SELECT
    customer_id,
    name,
    email,
    city,
    registration_date
FROM `raw`.`customers`
    
  )
      
      
                    -- end_of_sql
                    
                    ...
[0m18:01:43.578681 [debug] [Thread-1 (]: dbt_clickhouse adapter: SQL status: OK in 0.02 seconds
[0m18:01:43.639477 [debug] [Thread-1 (]: Sending event: {'category': 'dbt', 'action': 'run_model', 'label': '91549f0c-0c8c-4df0-8edf-b75c6caa0b7b', 'context': [<snowplow_tracker.self_describing_json.SelfDescribingJson object at 0x7fc5f4c0cd10>]}
[0m18:01:43.647513 [info ] [Thread-1 (]: 1 of 7 OK created sql view model `raw`.`stg_customers` ......................... [[32mOK[0m in 0.41s]
[0m18:01:43.650306 [debug] [Thread-1 (]: Finished running node model.analytics.stg_customers
[0m18:01:43.651479 [debug] [Thread-2 (]: Writing runtime sql for node "model.analytics.stg_order_items"
[0m18:01:43.678489 [debug] [Thread-3 (]: Writing runtime sql for node "model.analytics.stg_orders"
[0m18:01:43.682418 [debug] [Thread-4 (]: Writing runtime sql for node "model.analytics.stg_products"
[0m18:01:43.684938 [debug] [Thread-2 (]: dbt_clickhouse adapter: On model.analytics.stg_order_items: /* {"app": "dbt", "dbt_version": "1.12.2", "profile_name": "analytics", "target_name": "dev", "node_id": "model.analytics.stg_order_items"} */


  create or replace view `raw`.`stg_order_items` 
  
    
  
  
    
    
  as (
    SELECT
    order_item_id,
    order_id,
    product_id,
    quantity,
    price,
    total_amount
FROM `raw`.`order_items`
    
  )
      
      
                    -- end_of_sql
                    
                    ...
[0m18:01:43.690168 [debug] [Thread-3 (]: dbt_clickhouse adapter: On model.analytics.stg_orders: /* {"app": "dbt", "dbt_version": "1.12.2", "profile_name": "analytics", "target_name": "dev", "node_id": "model.analytics.stg_orders"} */


  create or replace view `raw`.`stg_orders` 
  
    
  
  
    
    
  as (
    SELECT
    order_id,
    customer_id,
    order_date,
    status
FROM `raw`.`orders`
    
  )
      
      
                    -- end_of_sql
                    
                    ...
[0m18:01:43.694668 [debug] [Thread-2 (]: dbt_clickhouse adapter: SQL status: OK in 0.01 seconds
[0m18:01:43.705028 [debug] [Thread-2 (]: Sending event: {'category': 'dbt', 'action': 'run_model', 'label': '91549f0c-0c8c-4df0-8edf-b75c6caa0b7b', 'context': [<snowplow_tracker.self_describing_json.SelfDescribingJson object at 0x7fc5eb6aa1e0>]}
[0m18:01:43.706056 [debug] [Thread-3 (]: dbt_clickhouse adapter: SQL status: OK in 0.01 seconds
[0m18:01:43.708914 [info ] [Thread-2 (]: 2 of 7 OK created sql view model `raw`.`stg_order_items` ....................... [[32mOK[0m in 0.48s]
[0m18:01:43.717207 [debug] [Thread-2 (]: Finished running node model.analytics.stg_order_items
[0m18:01:43.718565 [debug] [Thread-3 (]: Sending event: {'category': 'dbt', 'action': 'run_model', 'label': '91549f0c-0c8c-4df0-8edf-b75c6caa0b7b', 'context': [<snowplow_tracker.self_describing_json.SelfDescribingJson object at 0x7fc5eb62a750>]}
[0m18:01:43.719698 [debug] [Thread-4 (]: dbt_clickhouse adapter: On model.analytics.stg_products: /* {"app": "dbt", "dbt_version": "1.12.2", "profile_name": "analytics", "target_name": "dev", "node_id": "model.analytics.stg_products"} */


  create or replace view `raw`.`stg_products` 
  
    
  
  
    
    
  as (
    SELECT
    product_id,
    product_name,
    category,
    price
FROM `raw`.`products`
    
  )
      
      
                    -- end_of_sql
                    
                    ...
[0m18:01:43.721979 [info ] [Thread-3 (]: 3 of 7 OK created sql view model `raw`.`stg_orders` ............................ [[32mOK[0m in 0.49s]
[0m18:01:43.724161 [debug] [Thread-3 (]: Finished running node model.analytics.stg_orders
[0m18:01:43.726187 [debug] [Thread-1 (]: Began running node model.analytics.fct_orders
[0m18:01:43.727967 [info ] [Thread-1 (]: 5 of 7 START sql table model `raw`.`fct_orders` ................................ [RUN]
[0m18:01:43.729329 [debug] [Thread-1 (]: Re-using an available connection from the pool (formerly model.analytics.stg_customers, now model.analytics.fct_orders)
[0m18:01:43.730568 [debug] [Thread-1 (]: Began compiling node model.analytics.fct_orders
[0m18:01:43.731672 [debug] [Thread-4 (]: dbt_clickhouse adapter: SQL status: OK in 0.01 seconds
[0m18:01:43.736288 [debug] [Thread-1 (]: Writing injected SQL for node "model.analytics.fct_orders"
[0m18:01:43.743794 [debug] [Thread-4 (]: Sending event: {'category': 'dbt', 'action': 'run_model', 'label': '91549f0c-0c8c-4df0-8edf-b75c6caa0b7b', 'context': [<snowplow_tracker.self_describing_json.SelfDescribingJson object at 0x7fc5ebee27b0>]}
[0m18:01:43.746719 [info ] [Thread-4 (]: 4 of 7 OK created sql view model `raw`.`stg_products` .......................... [[32mOK[0m in 0.51s]
[0m18:01:43.748625 [debug] [Thread-4 (]: Finished running node model.analytics.stg_products
[0m18:01:43.750920 [debug] [Thread-3 (]: Began running node model.analytics.sales_by_category
[0m18:01:43.752600 [info ] [Thread-3 (]: 6 of 7 START sql table model `raw`.`sales_by_category` ......................... [RUN]
[0m18:01:43.754314 [debug] [Thread-3 (]: Re-using an available connection from the pool (formerly model.analytics.stg_orders, now model.analytics.sales_by_category)
[0m18:01:43.755552 [debug] [Thread-3 (]: Began compiling node model.analytics.sales_by_category
[0m18:01:43.761102 [debug] [Thread-3 (]: Writing injected SQL for node "model.analytics.sales_by_category"
[0m18:01:43.766977 [debug] [Thread-1 (]: Began executing node model.analytics.fct_orders
[0m18:01:43.785623 [debug] [Thread-3 (]: Began executing node model.analytics.sales_by_category
[0m18:01:43.993413 [debug] [Thread-3 (]: dbt_clickhouse adapter: On model.analytics.sales_by_category: /* {"app": "dbt", "dbt_version": "1.12.2", "profile_name": "analytics", "target_name": "dev", "node_id": "model.analytics.sales_by_category"} */

            

    
        create table `raw`.`sales_by_category__dbt_backup`
        
  
        
  engine = MergeTree()
        
      order by (tuple())
        
        
        
        
                    -- end_of_sql
                    SETTINGS replicated_deduplication_window='0'

                    
            empty
          as (
            SELECT
    p.category,
    SUM(oi.total_amount) AS revenue,
    SUM(oi.quantity) AS items_sold,
    COUNT(DISTINCT o.order_id) AS orders_count
FROM `raw`.`stg_order_items` oi
JOIN `raw`.`stg_orders` o
    ON oi.order_id = o.order_id
JOIN `raw`.`stg_products` p
    ON oi.product_id = p.product_id
WHERE o.status = 'completed'
GROUP BY p.category
ORDER BY revenue DESC
          )
        
        ...
[0m18:01:43.988899 [debug] [Thread-1 (]: dbt_clickhouse adapter: On model.analytics.fct_orders: /* {"app": "dbt", "dbt_version": "1.12.2", "profile_name": "analytics", "target_name": "dev", "node_id": "model.analytics.fct_orders"} */

            

    
        create table `raw`.`fct_orders__dbt_backup`
        
  
        
  engine = MergeTree()
        
      order by (tuple())
        
        
        
        
                    -- end_of_sql
                    SETTINGS replicated_deduplication_window='0'

                    
            empty
          as (
            SELECT 
    o.order_id,
    o.customer_id,
    o.order_date,
    o.status,
    SUM(oi.total_amount) AS order_amount,
    SUM(oi.quantity) AS total_items
FROM `raw`.`stg_orders` o
JOIN `raw`.`stg_order_items` oi
ON o.order_id = oi.order_id
GROUP BY
    o.order_id,
    o.customer_id,
    o.order_date,
    o.status
          )
        
        ...
[0m18:01:44.013130 [debug] [Thread-1 (]: dbt_clickhouse adapter: SQL status: OK in 0.02 seconds
[0m18:01:44.031538 [debug] [Thread-3 (]: dbt_clickhouse adapter: SQL status: OK in 0.04 seconds
[0m18:01:44.098936 [debug] [Thread-3 (]: dbt_clickhouse adapter: On model.analytics.sales_by_category: /* {"app": "dbt", "dbt_version": "1.12.2", "profile_name": "analytics", "target_name": "dev", "node_id": "model.analytics.sales_by_category"} */

    select name, type from system.columns where table = 'sales_by_category__dbt_backup'
    
      and database = 'raw'
    
    order by position
  ...
[0m18:01:44.100396 [debug] [Thread-1 (]: dbt_clickhouse adapter: On model.analytics.fct_orders: /* {"app": "dbt", "dbt_version": "1.12.2", "profile_name": "analytics", "target_name": "dev", "node_id": "model.analytics.fct_orders"} */

    select name, type from system.columns where table = 'fct_orders__dbt_backup'
    
      and database = 'raw'
    
    order by position
  ...
[0m18:01:44.108478 [debug] [Thread-3 (]: dbt_clickhouse adapter: SQL status: OK in 0.01 seconds
[0m18:01:44.110087 [debug] [Thread-1 (]: dbt_clickhouse adapter: SQL status: OK in 0.01 seconds
[0m18:01:44.117814 [debug] [Thread-3 (]: Writing runtime sql for node "model.analytics.sales_by_category"
[0m18:01:44.122741 [debug] [Thread-1 (]: Writing runtime sql for node "model.analytics.fct_orders"
[0m18:01:44.150035 [debug] [Thread-3 (]: dbt_clickhouse adapter: On model.analytics.sales_by_category: /* {"app": "dbt", "dbt_version": "1.12.2", "profile_name": "analytics", "target_name": "dev", "node_id": "model.analytics.sales_by_category"} */

  
    
    
    
        
         


        insert into `raw`.`sales_by_category__dbt_backup`
        ("category", "revenue", "items_sold", "orders_count")SELECT
    p.category,
    SUM(oi.total_amount) AS revenue,
    SUM(oi.quantity) AS items_sold,
    COUNT(DISTINCT o.order_id) AS orders_count
FROM `raw`.`stg_order_items` oi
JOIN `raw`.`stg_orders` o
    ON oi.order_id = o.order_id
JOIN `raw`.`stg_products` p
    ON oi.product_id = p.product_id
WHERE o.status = 'completed'
GROUP BY p.category
ORDER BY revenue DESC
  ...
[0m18:01:44.159582 [debug] [Thread-1 (]: dbt_clickhouse adapter: On model.analytics.fct_orders: /* {"app": "dbt", "dbt_version": "1.12.2", "profile_name": "analytics", "target_name": "dev", "node_id": "model.analytics.fct_orders"} */

  
    
    
    
        
         


        insert into `raw`.`fct_orders__dbt_backup`
        ("order_id", "customer_id", "order_date", "status", "order_amount", "total_items")SELECT 
    o.order_id,
    o.customer_id,
    o.order_date,
    o.status,
    SUM(oi.total_amount) AS order_amount,
    SUM(oi.quantity) AS total_items
FROM `raw`.`stg_orders` o
JOIN `raw`.`stg_order_items` oi
ON o.order_id = oi.order_id
GROUP BY
    o.order_id,
    o.customer_id,
    o.order_date,
    o.status
  ...
[0m18:01:50.251723 [debug] [Thread-3 (]: dbt_clickhouse adapter: SQL status: OK in 6.10 seconds
[0m18:01:50.268780 [debug] [Thread-3 (]: dbt_clickhouse adapter: On model.analytics.sales_by_category: /* {"app": "dbt", "dbt_version": "1.12.2", "profile_name": "analytics", "target_name": "dev", "node_id": "model.analytics.sales_by_category"} */
EXCHANGE TABLES `raw`.`sales_by_category__dbt_backup` AND `raw`.`sales_by_category` 
  
  ...
[0m18:01:50.287426 [debug] [Thread-3 (]: dbt_clickhouse adapter: SQL status: OK in 0.01 seconds
[0m18:01:50.312893 [debug] [Thread-3 (]: dbt_clickhouse adapter: On model.analytics.sales_by_category: /* {"app": "dbt", "dbt_version": "1.12.2", "profile_name": "analytics", "target_name": "dev", "node_id": "model.analytics.sales_by_category"} */
drop table if exists `raw`.`sales_by_category__dbt_backup` 
  ...
[0m18:01:50.321064 [debug] [Thread-3 (]: dbt_clickhouse adapter: SQL status: OK in 0.00 seconds
[0m18:01:50.329620 [debug] [Thread-3 (]: Sending event: {'category': 'dbt', 'action': 'run_model', 'label': '91549f0c-0c8c-4df0-8edf-b75c6caa0b7b', 'context': [<snowplow_tracker.self_describing_json.SelfDescribingJson object at 0x7fc5f1dc3350>]}
[0m18:01:50.332601 [info ] [Thread-3 (]: 6 of 7 OK created sql table model `raw`.`sales_by_category` .................... [[32mOK[0m in 6.58s]
[0m18:01:50.343061 [debug] [Thread-3 (]: Finished running node model.analytics.sales_by_category
[0m18:01:50.926518 [debug] [Thread-1 (]: dbt_clickhouse adapter: SQL status: OK in 6.77 seconds
[0m18:01:50.935052 [debug] [Thread-1 (]: dbt_clickhouse adapter: On model.analytics.fct_orders: /* {"app": "dbt", "dbt_version": "1.12.2", "profile_name": "analytics", "target_name": "dev", "node_id": "model.analytics.fct_orders"} */
EXCHANGE TABLES `raw`.`fct_orders__dbt_backup` AND `raw`.`fct_orders` 
  
  ...
[0m18:01:50.945554 [debug] [Thread-1 (]: dbt_clickhouse adapter: SQL status: OK in 0.00 seconds
[0m18:01:50.964916 [debug] [Thread-1 (]: dbt_clickhouse adapter: On model.analytics.fct_orders: /* {"app": "dbt", "dbt_version": "1.12.2", "profile_name": "analytics", "target_name": "dev", "node_id": "model.analytics.fct_orders"} */
drop table if exists `raw`.`fct_orders__dbt_backup` 
  ...
[0m18:01:50.970597 [debug] [Thread-1 (]: dbt_clickhouse adapter: SQL status: OK in 0.00 seconds
[0m18:01:50.975629 [debug] [Thread-1 (]: Sending event: {'category': 'dbt', 'action': 'run_model', 'label': '91549f0c-0c8c-4df0-8edf-b75c6caa0b7b', 'context': [<snowplow_tracker.self_describing_json.SelfDescribingJson object at 0x7fc5f4c906b0>]}
[0m18:01:50.977853 [info ] [Thread-1 (]: 5 of 7 OK created sql table model `raw`.`fct_orders` ........................... [[32mOK[0m in 7.25s]
[0m18:01:50.980658 [debug] [Thread-1 (]: Finished running node model.analytics.fct_orders
[0m18:01:50.986397 [debug] [Thread-4 (]: Began running node model.analytics.sales_daily
[0m18:01:50.990080 [info ] [Thread-4 (]: 7 of 7 START sql table model `raw`.`sales_daily` ............................... [RUN]
[0m18:01:50.993903 [debug] [Thread-4 (]: Re-using an available connection from the pool (formerly model.analytics.stg_products, now model.analytics.sales_daily)
[0m18:01:50.996673 [debug] [Thread-4 (]: Began compiling node model.analytics.sales_daily
[0m18:01:51.022762 [debug] [Thread-4 (]: Writing injected SQL for node "model.analytics.sales_daily"
[0m18:01:51.153809 [debug] [Thread-4 (]: Began executing node model.analytics.sales_daily
[0m18:01:51.164378 [debug] [Thread-4 (]: dbt_clickhouse adapter: On model.analytics.sales_daily: /* {"app": "dbt", "dbt_version": "1.12.2", "profile_name": "analytics", "target_name": "dev", "node_id": "model.analytics.sales_daily"} */

            

    
        create table `raw`.`sales_daily__dbt_backup`
        
  
        
  engine = MergeTree()
        
      order by (tuple())
        
        
        
        
                    -- end_of_sql
                    SETTINGS replicated_deduplication_window='0'

                    
            empty
          as (
            SELECT
    toDate(order_date) AS sale_date,
    COUNT(*) AS orders_count,
    SUM(order_amount) AS revenue,
    SUM(total_items) AS items_sold
FROM `raw`.`fct_orders`
WHERE status = 'completed'
GROUP BY toDate(order_date)
ORDER BY toDate(order_date)
          )
        
        ...
[0m18:01:51.219360 [debug] [Thread-4 (]: dbt_clickhouse adapter: SQL status: OK in 0.05 seconds
[0m18:01:51.226076 [debug] [Thread-4 (]: dbt_clickhouse adapter: On model.analytics.sales_daily: /* {"app": "dbt", "dbt_version": "1.12.2", "profile_name": "analytics", "target_name": "dev", "node_id": "model.analytics.sales_daily"} */

    select name, type from system.columns where table = 'sales_daily__dbt_backup'
    
      and database = 'raw'
    
    order by position
  ...
[0m18:01:51.233808 [debug] [Thread-4 (]: dbt_clickhouse adapter: SQL status: OK in 0.00 seconds
[0m18:01:51.246037 [debug] [Thread-4 (]: Writing runtime sql for node "model.analytics.sales_daily"
[0m18:01:51.347807 [debug] [Thread-4 (]: dbt_clickhouse adapter: On model.analytics.sales_daily: /* {"app": "dbt", "dbt_version": "1.12.2", "profile_name": "analytics", "target_name": "dev", "node_id": "model.analytics.sales_daily"} */

  
    
    
    
        
         


        insert into `raw`.`sales_daily__dbt_backup`
        ("sale_date", "orders_count", "revenue", "items_sold")SELECT
    toDate(order_date) AS sale_date,
    COUNT(*) AS orders_count,
    SUM(order_amount) AS revenue,
    SUM(total_items) AS items_sold
FROM `raw`.`fct_orders`
WHERE status = 'completed'
GROUP BY toDate(order_date)
ORDER BY toDate(order_date)
  ...
[0m18:01:51.453615 [debug] [Thread-4 (]: dbt_clickhouse adapter: SQL status: OK in 0.10 seconds
[0m18:01:51.460472 [debug] [Thread-4 (]: dbt_clickhouse adapter: On model.analytics.sales_daily: /* {"app": "dbt", "dbt_version": "1.12.2", "profile_name": "analytics", "target_name": "dev", "node_id": "model.analytics.sales_daily"} */
EXCHANGE TABLES `raw`.`sales_daily__dbt_backup` AND `raw`.`sales_daily` 
  
  ...
[0m18:01:51.463991 [debug] [Thread-4 (]: dbt_clickhouse adapter: SQL status: OK in 0.00 seconds
[0m18:01:51.490020 [debug] [Thread-4 (]: dbt_clickhouse adapter: On model.analytics.sales_daily: /* {"app": "dbt", "dbt_version": "1.12.2", "profile_name": "analytics", "target_name": "dev", "node_id": "model.analytics.sales_daily"} */
drop table if exists `raw`.`sales_daily__dbt_backup` 
  ...
[0m18:01:51.500918 [debug] [Thread-4 (]: dbt_clickhouse adapter: SQL status: OK in 0.01 seconds
[0m18:01:51.509046 [debug] [Thread-4 (]: Sending event: {'category': 'dbt', 'action': 'run_model', 'label': '91549f0c-0c8c-4df0-8edf-b75c6caa0b7b', 'context': [<snowplow_tracker.self_describing_json.SelfDescribingJson object at 0x7fc5f2a30ce0>]}
[0m18:01:51.512522 [info ] [Thread-4 (]: 7 of 7 OK created sql table model `raw`.`sales_daily` .......................... [[32mOK[0m in 0.52s]
[0m18:01:51.515178 [debug] [Thread-4 (]: Finished running node model.analytics.sales_daily
[0m18:01:51.519391 [debug] [MainThread]: Connection 'master' was properly closed.
[0m18:01:51.521442 [debug] [MainThread]: Connection 'model.analytics.fct_orders' was left open.
[0m18:01:51.523968 [debug] [MainThread]: On model.analytics.fct_orders: Close
[0m18:01:51.526355 [debug] [MainThread]: Connection 'model.analytics.stg_order_items' was left open.
[0m18:01:51.528479 [debug] [MainThread]: On model.analytics.stg_order_items: Close
[0m18:01:51.533439 [debug] [MainThread]: Connection 'model.analytics.sales_by_category' was left open.
[0m18:01:51.534965 [debug] [MainThread]: On model.analytics.sales_by_category: Close
[0m18:01:51.538398 [debug] [MainThread]: Connection 'model.analytics.sales_daily' was left open.
[0m18:01:51.546074 [debug] [MainThread]: On model.analytics.sales_daily: Close
[0m18:01:51.553849 [info ] [MainThread]: 
[0m18:01:51.556283 [info ] [MainThread]: Finished running 3 table models, 4 view models in 0 hours 0 minutes and 8.94 seconds (8.94s).
[0m18:01:51.563751 [debug] [MainThread]: Command end result
[0m18:01:51.892357 [debug] [MainThread]: Wrote artifact WritableManifest to /opt/airflow/dbt/target/manifest.json
[0m18:01:51.932328 [debug] [MainThread]: Wrote artifact SemanticManifest to /opt/airflow/dbt/target/semantic_manifest.json
[0m18:01:51.968367 [debug] [MainThread]: Wrote artifact OsiDocument to /opt/airflow/dbt/target/osi_document.json
[0m18:01:52.027787 [debug] [MainThread]: Wrote artifact RunExecutionResult to /opt/airflow/dbt/target/run_results.json
[0m18:01:52.032191 [info ] [MainThread]: 
[0m18:01:52.038752 [info ] [MainThread]: [32mCompleted successfully[0m
[0m18:01:52.041260 [info ] [MainThread]: 
[0m18:01:52.043174 [info ] [MainThread]: Done. PASS=7 WARN=0 ERROR=0 SKIP=0 NO-OP=0 REUSED=0 TOTAL=7
[0m18:01:52.045852 [debug] [MainThread]: Resource report: {"command_name": "run", "command_success": true, "command_wall_clock_time": 11.8417845, "process_in_blocks": "48360", "process_kernel_time": 1.535984, "process_mem_max_rss": "159572", "process_out_blocks": "0", "process_user_time": 8.965425}
[0m18:01:52.047488 [debug] [MainThread]: Command `dbt run` succeeded at 18:01:52.047243 after 11.84 seconds
[0m18:01:52.050186 [debug] [MainThread]: Sending event: {'category': 'dbt', 'action': 'invocation', 'label': 'end', 'context': [<snowplow_tracker.self_describing_json.SelfDescribingJson object at 0x7fc5f3086a50>, <snowplow_tracker.self_describing_json.SelfDescribingJson object at 0x7fc5f176f5f0>, <snowplow_tracker.self_describing_json.SelfDescribingJson object at 0x7fc5f4c906b0>]}
[0m18:01:52.052888 [debug] [MainThread]: Flushing usage events
[0m18:01:53.144552 [debug] [MainThread]: An error was encountered while trying to flush usage events
[0m18:55:20.761745 [debug] [MainThread]: Sending event: {'category': 'dbt', 'action': 'invocation', 'label': 'start', 'context': [<snowplow_tracker.self_describing_json.SelfDescribingJson object at 0x77ae6d1cbfe0>, <snowplow_tracker.self_describing_json.SelfDescribingJson object at 0x77ae6de2ffe0>, <snowplow_tracker.self_describing_json.SelfDescribingJson object at 0x77ae6d1c9c10>]}


============================== 18:55:20.774408 | 0f6a3ae2-ef91-48c0-b9fc-6dcd0be4c2c2 ==============================
[0m18:55:20.774408 [info ] [MainThread]: Running with dbt=1.12.2
[0m18:55:20.775968 [debug] [MainThread]: running dbt with arguments {'no_print': 'None', 'invocation_command': 'dbt run --project-dir /opt/airflow/dbt --profiles-dir /opt/airflow/dbt', 'log_path': '/opt/airflow/dbt/logs', 'warn_error_options': 'WarnErrorOptionsV2(error=[], warn=[], silence=[])', 'fail_fast': 'False', 'use_colors': 'True', 'cache_selected_only': 'False', 'log_cache_events': 'False', 'send_anonymous_usage_stats': 'True', 'partial_parse': 'True', 'maximum_seed_size_mib': '1', 'log_format': 'default', 'write_json': 'True', 'use_experimental_parser': 'False', 'quiet': 'False', 'empty': 'False', 'version_check': 'True', 'printer_width': '80', 'target_path': 'None', 'profiles_dir': '/opt/airflow/dbt', 'warn_error': 'None', 'static_parser': 'True', 'introspect': 'True', 'indirect_selection': 'eager', 'hints_enabled': 'True', 'debug': 'False'}
[0m18:55:21.188515 [debug] [MainThread]: Sending event: {'category': 'dbt', 'action': 'project_id', 'label': '0f6a3ae2-ef91-48c0-b9fc-6dcd0be4c2c2', 'context': [<snowplow_tracker.self_describing_json.SelfDescribingJson object at 0x77ae6c5bf350>]}
[0m18:55:21.308882 [debug] [MainThread]: Sending event: {'category': 'dbt', 'action': 'adapter_info', 'label': '0f6a3ae2-ef91-48c0-b9fc-6dcd0be4c2c2', 'context': [<snowplow_tracker.self_describing_json.SelfDescribingJson object at 0x77ae6c596990>]}
[0m18:55:21.333928 [info ] [MainThread]: Registered adapter: clickhouse=1.9.3
[0m18:55:21.497161 [debug] [MainThread]: checksum: adba77356f91f81a11ee2fa729542f151b163d2280a76ec0a147e0b39f20e5da, vars: {}, profile: analytics, target: dev, version: 1.12.2
[0m18:55:21.825068 [debug] [MainThread]: Partial parsing enabled: 0 files deleted, 0 files added, 0 files changed.
[0m18:55:21.825768 [debug] [MainThread]: Nothing changed, skipping partial parsing.
[0m18:55:21.826396 [debug] [MainThread]: Partial parsing enabled, no changes found, skipping parsing
[0m18:55:21.841704 [debug] [MainThread]: Sending event: {'category': 'dbt', 'action': 'load_project', 'label': '0f6a3ae2-ef91-48c0-b9fc-6dcd0be4c2c2', 'context': [<snowplow_tracker.self_describing_json.SelfDescribingJson object at 0x77ae6f451310>]}
[0m18:55:22.058063 [debug] [MainThread]: Wrote artifact WritableManifest to /opt/airflow/dbt/target/manifest.json
[0m18:55:22.066984 [debug] [MainThread]: Wrote artifact SemanticManifest to /opt/airflow/dbt/target/semantic_manifest.json
[0m18:55:22.090293 [debug] [MainThread]: Wrote artifact OsiDocument to /opt/airflow/dbt/target/osi_document.json
[0m18:55:22.120147 [debug] [MainThread]: Sending event: {'category': 'dbt', 'action': 'resource_counts', 'label': '0f6a3ae2-ef91-48c0-b9fc-6dcd0be4c2c2', 'context': [<snowplow_tracker.self_describing_json.SelfDescribingJson object at 0x77ae6c0a1280>]}
[0m18:55:22.121502 [info ] [MainThread]: Found 7 models, 11 data tests, 4 sources, 521 macros
[0m18:55:22.122601 [debug] [MainThread]: Sending event: {'category': 'dbt', 'action': 'runnable_timing', 'label': '0f6a3ae2-ef91-48c0-b9fc-6dcd0be4c2c2', 'context': [<snowplow_tracker.self_describing_json.SelfDescribingJson object at 0x77ae6befad20>]}
[0m18:55:22.127461 [info ] [MainThread]: 
[0m18:55:22.128960 [info ] [MainThread]: Concurrency: 4 threads (target='dev')
[0m18:55:22.132324 [info ] [MainThread]: 
[0m18:55:22.134044 [debug] [MainThread]: Acquiring new clickhouse connection 'master'
[0m18:55:22.148939 [debug] [ThreadPool]: Acquiring new clickhouse connection 'list_'
[0m18:55:22.168001 [debug] [ThreadPool]: Opening a new connection, currently in state init
[0m18:55:22.454391 [debug] [ThreadPool]: dbt_clickhouse adapter: On list_: /* {"app": "dbt", "dbt_version": "1.12.2", "profile_name": "analytics", "target_name": "dev", "connection_name": "list_"} */

    select name from system.databases
  ...
[0m18:55:22.457575 [debug] [ThreadPool]: dbt_clickhouse adapter: SQL status: OK in 0.00 seconds
[0m18:55:22.494838 [debug] [ThreadPool]: Re-using an available connection from the pool (formerly list_, now list__raw)
[0m18:55:22.505266 [debug] [ThreadPool]: dbt_clickhouse adapter: On list__raw: /* {"app": "dbt", "dbt_version": "1.12.2", "profile_name": "analytics", "target_name": "dev", "connection_name": "list__raw"} */
select
      t.name as name,
      t.database as schema,
      multiIf(
        engine in ('MaterializedView', 'View'), 'view',
        engine = 'Dictionary', 'dictionary',
        'table'
      ) as type,
      db.engine as db_engine,0 as is_on_cluster
          from system.tables as t join system.databases as db on t.database = db.name
        where schema = 'raw'
      

  ...
[0m18:55:22.521702 [debug] [ThreadPool]: dbt_clickhouse adapter: SQL status: OK in 0.02 seconds
[0m18:55:22.526164 [debug] [MainThread]: Sending event: {'category': 'dbt', 'action': 'runnable_timing', 'label': '0f6a3ae2-ef91-48c0-b9fc-6dcd0be4c2c2', 'context': [<snowplow_tracker.self_describing_json.SelfDescribingJson object at 0x77ae6c4853a0>]}
[0m18:55:22.531608 [debug] [Thread-1 (]: Began running node model.analytics.stg_customers
[0m18:55:22.532147 [debug] [Thread-2 (]: Began running node model.analytics.stg_order_items
[0m18:55:22.532638 [debug] [Thread-3 (]: Began running node model.analytics.stg_orders
[0m18:55:22.533758 [debug] [Thread-4 (]: Began running node model.analytics.stg_products
[0m18:55:22.533321 [info ] [Thread-1 (]: 1 of 7 START sql view model `raw`.`stg_customers` .............................. [RUN]
[0m18:55:22.534910 [info ] [Thread-2 (]: 2 of 7 START sql view model `raw`.`stg_order_items` ............................ [RUN]
[0m18:55:22.536125 [info ] [Thread-3 (]: 3 of 7 START sql view model `raw`.`stg_orders` ................................. [RUN]
[0m18:55:22.537227 [info ] [Thread-4 (]: 4 of 7 START sql view model `raw`.`stg_products` ............................... [RUN]
[0m18:55:22.538253 [debug] [Thread-1 (]: Re-using an available connection from the pool (formerly list__raw, now model.analytics.stg_customers)
[0m18:55:22.539436 [debug] [Thread-2 (]: Acquiring new clickhouse connection 'model.analytics.stg_order_items'
[0m18:55:22.540726 [debug] [Thread-3 (]: Acquiring new clickhouse connection 'model.analytics.stg_orders'
[0m18:55:22.542242 [debug] [Thread-4 (]: Acquiring new clickhouse connection 'model.analytics.stg_products'
[0m18:55:22.543239 [debug] [Thread-1 (]: Began compiling node model.analytics.stg_customers
[0m18:55:22.544174 [debug] [Thread-2 (]: Began compiling node model.analytics.stg_order_items
[0m18:55:22.545013 [debug] [Thread-3 (]: Began compiling node model.analytics.stg_orders
[0m18:55:22.545707 [debug] [Thread-4 (]: Began compiling node model.analytics.stg_products
[0m18:55:22.553972 [debug] [Thread-1 (]: Writing injected SQL for node "model.analytics.stg_customers"
[0m18:55:22.556410 [debug] [Thread-2 (]: Writing injected SQL for node "model.analytics.stg_order_items"
[0m18:55:22.559414 [debug] [Thread-3 (]: Writing injected SQL for node "model.analytics.stg_orders"
[0m18:55:22.561748 [debug] [Thread-4 (]: Writing injected SQL for node "model.analytics.stg_products"
[0m18:55:22.567748 [debug] [Thread-4 (]: Began executing node model.analytics.stg_products
[0m18:55:22.568733 [debug] [Thread-1 (]: Began executing node model.analytics.stg_customers
[0m18:55:22.575186 [debug] [Thread-3 (]: Began executing node model.analytics.stg_orders
[0m18:55:22.589248 [debug] [Thread-4 (]: Relation stg_products already exists, replacing it
[0m18:55:22.589934 [debug] [Thread-1 (]: Relation stg_customers already exists, replacing it
[0m18:55:22.592329 [debug] [Thread-3 (]: Relation stg_orders already exists, replacing it
[0m18:55:22.592998 [debug] [Thread-2 (]: Began executing node model.analytics.stg_order_items
[0m18:55:22.643508 [debug] [Thread-4 (]: Opening a new connection, currently in state init
[0m18:55:22.645733 [debug] [Thread-3 (]: Opening a new connection, currently in state init
[0m18:55:22.650175 [debug] [Thread-1 (]: Writing runtime sql for node "model.analytics.stg_customers"
[0m18:55:22.652619 [debug] [Thread-2 (]: Relation stg_order_items already exists, replacing it
[0m18:55:22.665037 [debug] [Thread-2 (]: Opening a new connection, currently in state init
[0m18:55:22.675946 [debug] [Thread-1 (]: dbt_clickhouse adapter: On model.analytics.stg_customers: /* {"app": "dbt", "dbt_version": "1.12.2", "profile_name": "analytics", "target_name": "dev", "node_id": "model.analytics.stg_customers"} */


  create or replace view `raw`.`stg_customers` 
  
    
  
  
    
    
  as (
    SELECT
    customer_id,
    name,
    email,
    city,
    registration_date
FROM `raw`.`customers`
    
  )
      
      
                    -- end_of_sql
                    
                    ...
[0m18:55:22.685960 [debug] [Thread-1 (]: dbt_clickhouse adapter: SQL status: OK in 0.01 seconds
[0m18:55:22.771953 [debug] [Thread-1 (]: Sending event: {'category': 'dbt', 'action': 'run_model', 'label': '0f6a3ae2-ef91-48c0-b9fc-6dcd0be4c2c2', 'context': [<snowplow_tracker.self_describing_json.SelfDescribingJson object at 0x77ae6f3c8f50>]}
[0m18:55:22.773438 [info ] [Thread-1 (]: 1 of 7 OK created sql view model `raw`.`stg_customers` ......................... [[32mOK[0m in 0.23s]
[0m18:55:22.778588 [debug] [Thread-1 (]: Finished running node model.analytics.stg_customers
[0m18:55:22.804166 [debug] [Thread-4 (]: Writing runtime sql for node "model.analytics.stg_products"
[0m18:55:22.822093 [debug] [Thread-3 (]: Writing runtime sql for node "model.analytics.stg_orders"
[0m18:55:22.823810 [debug] [Thread-4 (]: dbt_clickhouse adapter: On model.analytics.stg_products: /* {"app": "dbt", "dbt_version": "1.12.2", "profile_name": "analytics", "target_name": "dev", "node_id": "model.analytics.stg_products"} */


  create or replace view `raw`.`stg_products` 
  
    
  
  
    
    
  as (
    SELECT
    product_id,
    product_name,
    category,
    price
FROM `raw`.`products`
    
  )
      
      
                    -- end_of_sql
                    
                    ...
[0m18:55:22.834609 [debug] [Thread-4 (]: dbt_clickhouse adapter: SQL status: OK in 0.01 seconds
[0m18:55:22.839752 [debug] [Thread-4 (]: Sending event: {'category': 'dbt', 'action': 'run_model', 'label': '0f6a3ae2-ef91-48c0-b9fc-6dcd0be4c2c2', 'context': [<snowplow_tracker.self_describing_json.SelfDescribingJson object at 0x77ae6f2d68a0>]}
[0m18:55:22.840799 [debug] [Thread-3 (]: dbt_clickhouse adapter: On model.analytics.stg_orders: /* {"app": "dbt", "dbt_version": "1.12.2", "profile_name": "analytics", "target_name": "dev", "node_id": "model.analytics.stg_orders"} */


  create or replace view `raw`.`stg_orders` 
  
    
  
  
    
    
  as (
    SELECT
    order_id,
    customer_id,
    order_date,
    status
FROM `raw`.`orders`
    
  )
      
      
                    -- end_of_sql
                    
                    ...
[0m18:55:22.841735 [debug] [Thread-2 (]: Writing runtime sql for node "model.analytics.stg_order_items"
[0m18:55:22.843057 [info ] [Thread-4 (]: 4 of 7 OK created sql view model `raw`.`stg_products` .......................... [[32mOK[0m in 0.30s]
[0m18:55:22.846532 [debug] [Thread-4 (]: Finished running node model.analytics.stg_products
[0m18:55:22.854227 [debug] [Thread-3 (]: dbt_clickhouse adapter: SQL status: OK in 0.01 seconds
[0m18:55:22.859169 [debug] [Thread-3 (]: Sending event: {'category': 'dbt', 'action': 'run_model', 'label': '0f6a3ae2-ef91-48c0-b9fc-6dcd0be4c2c2', 'context': [<snowplow_tracker.self_describing_json.SelfDescribingJson object at 0x77ae6bf0d3a0>]}
[0m18:55:22.860525 [info ] [Thread-3 (]: 3 of 7 OK created sql view model `raw`.`stg_orders` ............................ [[32mOK[0m in 0.32s]
[0m18:55:22.862059 [debug] [Thread-3 (]: Finished running node model.analytics.stg_orders
[0m18:55:22.864532 [debug] [Thread-2 (]: dbt_clickhouse adapter: On model.analytics.stg_order_items: /* {"app": "dbt", "dbt_version": "1.12.2", "profile_name": "analytics", "target_name": "dev", "node_id": "model.analytics.stg_order_items"} */


  create or replace view `raw`.`stg_order_items` 
  
    
  
  
    
    
  as (
    SELECT
    order_item_id,
    order_id,
    product_id,
    quantity,
    price,
    total_amount
FROM `raw`.`order_items`
    
  )
      
      
                    -- end_of_sql
                    
                    ...
[0m18:55:22.874918 [debug] [Thread-2 (]: dbt_clickhouse adapter: SQL status: OK in 0.01 seconds
[0m18:55:22.879267 [debug] [Thread-2 (]: Sending event: {'category': 'dbt', 'action': 'run_model', 'label': '0f6a3ae2-ef91-48c0-b9fc-6dcd0be4c2c2', 'context': [<snowplow_tracker.self_describing_json.SelfDescribingJson object at 0x77ae69ebb5f0>]}
[0m18:55:22.881464 [info ] [Thread-2 (]: 2 of 7 OK created sql view model `raw`.`stg_order_items` ....................... [[32mOK[0m in 0.34s]
[0m18:55:22.882916 [debug] [Thread-2 (]: Finished running node model.analytics.stg_order_items
[0m18:55:22.885600 [debug] [Thread-1 (]: Began running node model.analytics.fct_orders
[0m18:55:22.886333 [debug] [Thread-4 (]: Began running node model.analytics.sales_by_category
[0m18:55:22.887242 [info ] [Thread-1 (]: 5 of 7 START sql table model `raw`.`fct_orders` ................................ [RUN]
[0m18:55:22.888312 [info ] [Thread-4 (]: 6 of 7 START sql table model `raw`.`sales_by_category` ......................... [RUN]
[0m18:55:22.889654 [debug] [Thread-1 (]: Re-using an available connection from the pool (formerly model.analytics.stg_customers, now model.analytics.fct_orders)
[0m18:55:22.890827 [debug] [Thread-4 (]: Re-using an available connection from the pool (formerly model.analytics.stg_products, now model.analytics.sales_by_category)
[0m18:55:22.891976 [debug] [Thread-1 (]: Began compiling node model.analytics.fct_orders
[0m18:55:22.892999 [debug] [Thread-4 (]: Began compiling node model.analytics.sales_by_category
[0m18:55:22.896121 [debug] [Thread-1 (]: Writing injected SQL for node "model.analytics.fct_orders"
[0m18:55:22.899190 [debug] [Thread-4 (]: Writing injected SQL for node "model.analytics.sales_by_category"
[0m18:55:22.906794 [debug] [Thread-1 (]: Began executing node model.analytics.fct_orders
[0m18:55:22.916446 [debug] [Thread-4 (]: Began executing node model.analytics.sales_by_category
[0m18:55:23.131160 [debug] [Thread-4 (]: dbt_clickhouse adapter: On model.analytics.sales_by_category: /* {"app": "dbt", "dbt_version": "1.12.2", "profile_name": "analytics", "target_name": "dev", "node_id": "model.analytics.sales_by_category"} */

            

    
        create table `raw`.`sales_by_category__dbt_backup`
        
  
        
  engine = MergeTree()
        
      order by (tuple())
        
        
        
        
                    -- end_of_sql
                    SETTINGS replicated_deduplication_window='0'

                    
            empty
          as (
            SELECT
    p.category,
    SUM(oi.total_amount) AS revenue,
    SUM(oi.quantity) AS items_sold,
    COUNT(DISTINCT o.order_id) AS orders_count
FROM `raw`.`stg_order_items` oi
JOIN `raw`.`stg_orders` o
    ON oi.order_id = o.order_id
JOIN `raw`.`stg_products` p
    ON oi.product_id = p.product_id
WHERE o.status = 'completed'
GROUP BY p.category
ORDER BY revenue DESC
          )
        
        ...
[0m18:55:23.133638 [debug] [Thread-1 (]: dbt_clickhouse adapter: On model.analytics.fct_orders: /* {"app": "dbt", "dbt_version": "1.12.2", "profile_name": "analytics", "target_name": "dev", "node_id": "model.analytics.fct_orders"} */

            

    
        create table `raw`.`fct_orders__dbt_backup`
        
  
        
  engine = MergeTree()
        
      order by (tuple())
        
        
        
        
                    -- end_of_sql
                    SETTINGS replicated_deduplication_window='0'

                    
            empty
          as (
            SELECT 
    o.order_id,
    o.customer_id,
    o.order_date,
    o.status,
    SUM(oi.total_amount) AS order_amount,
    SUM(oi.quantity) AS total_items
FROM `raw`.`stg_orders` o
JOIN `raw`.`stg_order_items` oi
ON o.order_id = oi.order_id
GROUP BY
    o.order_id,
    o.customer_id,
    o.order_date,
    o.status
          )
        
        ...
[0m18:55:23.156441 [debug] [Thread-4 (]: dbt_clickhouse adapter: SQL status: OK in 0.02 seconds
[0m18:55:23.167043 [debug] [Thread-1 (]: dbt_clickhouse adapter: SQL status: OK in 0.03 seconds
[0m18:55:23.185758 [debug] [Thread-1 (]: dbt_clickhouse adapter: On model.analytics.fct_orders: /* {"app": "dbt", "dbt_version": "1.12.2", "profile_name": "analytics", "target_name": "dev", "node_id": "model.analytics.fct_orders"} */

    select name, type from system.columns where table = 'fct_orders__dbt_backup'
    
      and database = 'raw'
    
    order by position
  ...
[0m18:55:23.186868 [debug] [Thread-4 (]: dbt_clickhouse adapter: On model.analytics.sales_by_category: /* {"app": "dbt", "dbt_version": "1.12.2", "profile_name": "analytics", "target_name": "dev", "node_id": "model.analytics.sales_by_category"} */

    select name, type from system.columns where table = 'sales_by_category__dbt_backup'
    
      and database = 'raw'
    
    order by position
  ...
[0m18:55:23.192179 [debug] [Thread-1 (]: dbt_clickhouse adapter: SQL status: OK in 0.00 seconds
[0m18:55:23.193615 [debug] [Thread-4 (]: dbt_clickhouse adapter: SQL status: OK in 0.01 seconds
[0m18:55:23.199415 [debug] [Thread-1 (]: Writing runtime sql for node "model.analytics.fct_orders"
[0m18:55:23.202254 [debug] [Thread-4 (]: Writing runtime sql for node "model.analytics.sales_by_category"
[0m18:55:23.208045 [debug] [Thread-1 (]: dbt_clickhouse adapter: On model.analytics.fct_orders: /* {"app": "dbt", "dbt_version": "1.12.2", "profile_name": "analytics", "target_name": "dev", "node_id": "model.analytics.fct_orders"} */

  
    
    
    
        
         


        insert into `raw`.`fct_orders__dbt_backup`
        ("order_id", "customer_id", "order_date", "status", "order_amount", "total_items")SELECT 
    o.order_id,
    o.customer_id,
    o.order_date,
    o.status,
    SUM(oi.total_amount) AS order_amount,
    SUM(oi.quantity) AS total_items
FROM `raw`.`stg_orders` o
JOIN `raw`.`stg_order_items` oi
ON o.order_id = oi.order_id
GROUP BY
    o.order_id,
    o.customer_id,
    o.order_date,
    o.status
  ...
[0m18:55:23.209204 [debug] [Thread-4 (]: dbt_clickhouse adapter: On model.analytics.sales_by_category: /* {"app": "dbt", "dbt_version": "1.12.2", "profile_name": "analytics", "target_name": "dev", "node_id": "model.analytics.sales_by_category"} */

  
    
    
    
        
         


        insert into `raw`.`sales_by_category__dbt_backup`
        ("category", "revenue", "items_sold", "orders_count")SELECT
    p.category,
    SUM(oi.total_amount) AS revenue,
    SUM(oi.quantity) AS items_sold,
    COUNT(DISTINCT o.order_id) AS orders_count
FROM `raw`.`stg_order_items` oi
JOIN `raw`.`stg_orders` o
    ON oi.order_id = o.order_id
JOIN `raw`.`stg_products` p
    ON oi.product_id = p.product_id
WHERE o.status = 'completed'
GROUP BY p.category
ORDER BY revenue DESC
  ...
[0m18:55:25.424446 [debug] [Thread-4 (]: dbt_clickhouse adapter: SQL status: OK in 2.21 seconds
[0m18:55:25.433085 [debug] [Thread-4 (]: dbt_clickhouse adapter: On model.analytics.sales_by_category: /* {"app": "dbt", "dbt_version": "1.12.2", "profile_name": "analytics", "target_name": "dev", "node_id": "model.analytics.sales_by_category"} */
EXCHANGE TABLES `raw`.`sales_by_category__dbt_backup` AND `raw`.`sales_by_category` 
  
  ...
[0m18:55:25.440798 [debug] [Thread-4 (]: dbt_clickhouse adapter: SQL status: OK in 0.00 seconds
[0m18:55:25.452805 [debug] [Thread-4 (]: dbt_clickhouse adapter: On model.analytics.sales_by_category: /* {"app": "dbt", "dbt_version": "1.12.2", "profile_name": "analytics", "target_name": "dev", "node_id": "model.analytics.sales_by_category"} */
drop table if exists `raw`.`sales_by_category__dbt_backup` 
  ...
[0m18:55:25.455710 [debug] [Thread-4 (]: dbt_clickhouse adapter: SQL status: OK in 0.00 seconds
[0m18:55:25.458588 [debug] [Thread-4 (]: Sending event: {'category': 'dbt', 'action': 'run_model', 'label': '0f6a3ae2-ef91-48c0-b9fc-6dcd0be4c2c2', 'context': [<snowplow_tracker.self_describing_json.SelfDescribingJson object at 0x77ae6c5e9670>]}
[0m18:55:25.460174 [info ] [Thread-4 (]: 6 of 7 OK created sql table model `raw`.`sales_by_category` .................... [[32mOK[0m in 2.57s]
[0m18:55:25.461980 [debug] [Thread-4 (]: Finished running node model.analytics.sales_by_category
[0m18:55:25.671352 [debug] [Thread-1 (]: dbt_clickhouse adapter: SQL status: OK in 2.46 seconds
[0m18:55:25.674801 [debug] [Thread-1 (]: dbt_clickhouse adapter: On model.analytics.fct_orders: /* {"app": "dbt", "dbt_version": "1.12.2", "profile_name": "analytics", "target_name": "dev", "node_id": "model.analytics.fct_orders"} */
EXCHANGE TABLES `raw`.`fct_orders__dbt_backup` AND `raw`.`fct_orders` 
  
  ...
[0m18:55:25.678653 [debug] [Thread-1 (]: dbt_clickhouse adapter: SQL status: OK in 0.00 seconds
[0m18:55:25.685618 [debug] [Thread-1 (]: dbt_clickhouse adapter: On model.analytics.fct_orders: /* {"app": "dbt", "dbt_version": "1.12.2", "profile_name": "analytics", "target_name": "dev", "node_id": "model.analytics.fct_orders"} */
drop table if exists `raw`.`fct_orders__dbt_backup` 
  ...
[0m18:55:25.688801 [debug] [Thread-1 (]: dbt_clickhouse adapter: SQL status: OK in 0.00 seconds
[0m18:55:25.692952 [debug] [Thread-1 (]: Sending event: {'category': 'dbt', 'action': 'run_model', 'label': '0f6a3ae2-ef91-48c0-b9fc-6dcd0be4c2c2', 'context': [<snowplow_tracker.self_describing_json.SelfDescribingJson object at 0x77ae69f3da90>]}
[0m18:55:25.695068 [info ] [Thread-1 (]: 5 of 7 OK created sql table model `raw`.`fct_orders` ........................... [[32mOK[0m in 2.80s]
[0m18:55:25.697271 [debug] [Thread-1 (]: Finished running node model.analytics.fct_orders
[0m18:55:25.699494 [debug] [Thread-2 (]: Began running node model.analytics.sales_daily
[0m18:55:25.700662 [info ] [Thread-2 (]: 7 of 7 START sql table model `raw`.`sales_daily` ............................... [RUN]
[0m18:55:25.702072 [debug] [Thread-2 (]: Re-using an available connection from the pool (formerly model.analytics.stg_order_items, now model.analytics.sales_daily)
[0m18:55:25.703304 [debug] [Thread-2 (]: Began compiling node model.analytics.sales_daily
[0m18:55:25.708032 [debug] [Thread-2 (]: Writing injected SQL for node "model.analytics.sales_daily"
[0m18:55:25.722196 [debug] [Thread-2 (]: Began executing node model.analytics.sales_daily
[0m18:55:25.730678 [debug] [Thread-2 (]: dbt_clickhouse adapter: On model.analytics.sales_daily: /* {"app": "dbt", "dbt_version": "1.12.2", "profile_name": "analytics", "target_name": "dev", "node_id": "model.analytics.sales_daily"} */

            

    
        create table `raw`.`sales_daily__dbt_backup`
        
  
        
  engine = MergeTree()
        
      order by (tuple())
        
        
        
        
                    -- end_of_sql
                    SETTINGS replicated_deduplication_window='0'

                    
            empty
          as (
            SELECT
    toDate(order_date) AS sale_date,
    COUNT(*) AS orders_count,
    SUM(order_amount) AS revenue,
    SUM(total_items) AS items_sold
FROM `raw`.`fct_orders`
WHERE status = 'completed'
GROUP BY toDate(order_date)
ORDER BY toDate(order_date)
          )
        
        ...
[0m18:55:25.755360 [debug] [Thread-2 (]: dbt_clickhouse adapter: SQL status: OK in 0.02 seconds
[0m18:55:25.760310 [debug] [Thread-2 (]: dbt_clickhouse adapter: On model.analytics.sales_daily: /* {"app": "dbt", "dbt_version": "1.12.2", "profile_name": "analytics", "target_name": "dev", "node_id": "model.analytics.sales_daily"} */

    select name, type from system.columns where table = 'sales_daily__dbt_backup'
    
      and database = 'raw'
    
    order by position
  ...
[0m18:55:25.766843 [debug] [Thread-2 (]: dbt_clickhouse adapter: SQL status: OK in 0.01 seconds
[0m18:55:25.771304 [debug] [Thread-2 (]: Writing runtime sql for node "model.analytics.sales_daily"
[0m18:55:25.779650 [debug] [Thread-2 (]: dbt_clickhouse adapter: On model.analytics.sales_daily: /* {"app": "dbt", "dbt_version": "1.12.2", "profile_name": "analytics", "target_name": "dev", "node_id": "model.analytics.sales_daily"} */

  
    
    
    
        
         


        insert into `raw`.`sales_daily__dbt_backup`
        ("sale_date", "orders_count", "revenue", "items_sold")SELECT
    toDate(order_date) AS sale_date,
    COUNT(*) AS orders_count,
    SUM(order_amount) AS revenue,
    SUM(total_items) AS items_sold
FROM `raw`.`fct_orders`
WHERE status = 'completed'
GROUP BY toDate(order_date)
ORDER BY toDate(order_date)
  ...
[0m18:55:25.814975 [debug] [Thread-2 (]: dbt_clickhouse adapter: SQL status: OK in 0.03 seconds
[0m18:55:25.816988 [debug] [Thread-2 (]: dbt_clickhouse adapter: On model.analytics.sales_daily: /* {"app": "dbt", "dbt_version": "1.12.2", "profile_name": "analytics", "target_name": "dev", "node_id": "model.analytics.sales_daily"} */
EXCHANGE TABLES `raw`.`sales_daily__dbt_backup` AND `raw`.`sales_daily` 
  
  ...
[0m18:55:25.819629 [debug] [Thread-2 (]: dbt_clickhouse adapter: SQL status: OK in 0.00 seconds
[0m18:55:25.826044 [debug] [Thread-2 (]: dbt_clickhouse adapter: On model.analytics.sales_daily: /* {"app": "dbt", "dbt_version": "1.12.2", "profile_name": "analytics", "target_name": "dev", "node_id": "model.analytics.sales_daily"} */
drop table if exists `raw`.`sales_daily__dbt_backup` 
  ...
[0m18:55:25.828706 [debug] [Thread-2 (]: dbt_clickhouse adapter: SQL status: OK in 0.00 seconds
[0m18:55:25.830712 [debug] [Thread-2 (]: Sending event: {'category': 'dbt', 'action': 'run_model', 'label': '0f6a3ae2-ef91-48c0-b9fc-6dcd0be4c2c2', 'context': [<snowplow_tracker.self_describing_json.SelfDescribingJson object at 0x77ae6bee36e0>]}
[0m18:55:25.831668 [info ] [Thread-2 (]: 7 of 7 OK created sql table model `raw`.`sales_daily` .......................... [[32mOK[0m in 0.13s]
[0m18:55:25.833139 [debug] [Thread-2 (]: Finished running node model.analytics.sales_daily
[0m18:55:25.836097 [debug] [MainThread]: Connection 'master' was properly closed.
[0m18:55:25.836835 [debug] [MainThread]: Connection 'model.analytics.fct_orders' was left open.
[0m18:55:25.837474 [debug] [MainThread]: On model.analytics.fct_orders: Close
[0m18:55:25.838266 [debug] [MainThread]: Connection 'model.analytics.sales_daily' was left open.
[0m18:55:25.838953 [debug] [MainThread]: On model.analytics.sales_daily: Close
[0m18:55:25.839575 [debug] [MainThread]: Connection 'model.analytics.stg_orders' was left open.
[0m18:55:25.840147 [debug] [MainThread]: On model.analytics.stg_orders: Close
[0m18:55:25.840789 [debug] [MainThread]: Connection 'model.analytics.sales_by_category' was left open.
[0m18:55:25.841481 [debug] [MainThread]: On model.analytics.sales_by_category: Close
[0m18:55:25.842622 [info ] [MainThread]: 
[0m18:55:25.843778 [info ] [MainThread]: Finished running 3 table models, 4 view models in 0 hours 0 minutes and 3.71 seconds (3.71s).
[0m18:55:25.847084 [debug] [MainThread]: Command end result
[0m18:55:25.924493 [debug] [MainThread]: Wrote artifact WritableManifest to /opt/airflow/dbt/target/manifest.json
[0m18:55:25.935364 [debug] [MainThread]: Wrote artifact SemanticManifest to /opt/airflow/dbt/target/semantic_manifest.json
[0m18:55:25.943776 [debug] [MainThread]: Wrote artifact OsiDocument to /opt/airflow/dbt/target/osi_document.json
[0m18:55:25.963277 [debug] [MainThread]: Wrote artifact RunExecutionResult to /opt/airflow/dbt/target/run_results.json
[0m18:55:25.964617 [info ] [MainThread]: 
[0m18:55:25.967089 [info ] [MainThread]: [32mCompleted successfully[0m
[0m18:55:25.968482 [info ] [MainThread]: 
[0m18:55:25.972204 [info ] [MainThread]: Done. PASS=7 WARN=0 ERROR=0 SKIP=0 NO-OP=0 REUSED=0 TOTAL=7
[0m18:55:25.976721 [debug] [MainThread]: Resource report: {"command_name": "run", "command_success": true, "command_wall_clock_time": 5.34736, "process_in_blocks": "3632", "process_kernel_time": 0.922513, "process_mem_max_rss": "159596", "process_out_blocks": "2304", "process_user_time": 5.513428}
[0m18:55:25.978298 [debug] [MainThread]: Command `dbt run` succeeded at 18:55:25.977972 after 5.35 seconds
[0m18:55:25.980990 [debug] [MainThread]: Sending event: {'category': 'dbt', 'action': 'invocation', 'label': 'end', 'context': [<snowplow_tracker.self_describing_json.SelfDescribingJson object at 0x77ae6cd7da60>, <snowplow_tracker.self_describing_json.SelfDescribingJson object at 0x77ae6c613680>, <snowplow_tracker.self_describing_json.SelfDescribingJson object at 0x77ae6f0d5190>]}
[0m18:55:25.982097 [debug] [MainThread]: Flushing usage events
[0m18:55:26.932748 [debug] [MainThread]: An error was encountered while trying to flush usage events
[0m18:55:43.422377 [debug] [MainThread]: Sending event: {'category': 'dbt', 'action': 'invocation', 'label': 'start', 'context': [<snowplow_tracker.self_describing_json.SelfDescribingJson object at 0x778287e968a0>, <snowplow_tracker.self_describing_json.SelfDescribingJson object at 0x77828a6199a0>, <snowplow_tracker.self_describing_json.SelfDescribingJson object at 0x778289d51a60>]}


============================== 18:55:43.432164 | 5e27c2a4-2ebf-4059-8043-bba84bb4be80 ==============================
[0m18:55:43.432164 [info ] [MainThread]: Running with dbt=1.12.2
[0m18:55:43.434044 [debug] [MainThread]: running dbt with arguments {'partial_parse': 'True', 'use_experimental_parser': 'False', 'invocation_command': 'dbt test --project-dir /opt/airflow/dbt --profiles-dir /opt/airflow/dbt', 'write_json': 'True', 'static_parser': 'True', 'empty': 'None', 'quiet': 'False', 'log_cache_events': 'False', 'debug': 'False', 'warn_error_options': 'WarnErrorOptionsV2(error=[], warn=[], silence=[])', 'maximum_seed_size_mib': '1', 'log_format': 'default', 'fail_fast': 'False', 'profiles_dir': '/opt/airflow/dbt', 'warn_error': 'None', 'introspect': 'True', 'log_path': '/opt/airflow/dbt/logs', 'hints_enabled': 'True', 'send_anonymous_usage_stats': 'True', 'target_path': 'None', 'no_print': 'None', 'printer_width': '80', 'indirect_selection': 'eager', 'use_colors': 'True', 'version_check': 'True', 'cache_selected_only': 'False'}
[0m18:55:43.727019 [debug] [MainThread]: Sending event: {'category': 'dbt', 'action': 'project_id', 'label': '5e27c2a4-2ebf-4059-8043-bba84bb4be80', 'context': [<snowplow_tracker.self_describing_json.SelfDescribingJson object at 0x778287099940>]}
[0m18:55:43.812512 [debug] [MainThread]: Sending event: {'category': 'dbt', 'action': 'adapter_info', 'label': '5e27c2a4-2ebf-4059-8043-bba84bb4be80', 'context': [<snowplow_tracker.self_describing_json.SelfDescribingJson object at 0x7782880d9670>]}
[0m18:55:43.814185 [info ] [MainThread]: Registered adapter: clickhouse=1.9.3
[0m18:55:43.936775 [debug] [MainThread]: checksum: adba77356f91f81a11ee2fa729542f151b163d2280a76ec0a147e0b39f20e5da, vars: {}, profile: analytics, target: dev, version: 1.12.2
[0m18:55:44.229894 [debug] [MainThread]: Partial parsing enabled: 0 files deleted, 0 files added, 0 files changed.
[0m18:55:44.230587 [debug] [MainThread]: Nothing changed, skipping partial parsing.
[0m18:55:44.231135 [debug] [MainThread]: Partial parsing enabled, no changes found, skipping parsing
[0m18:55:44.244464 [debug] [MainThread]: Sending event: {'category': 'dbt', 'action': 'load_project', 'label': '5e27c2a4-2ebf-4059-8043-bba84bb4be80', 'context': [<snowplow_tracker.self_describing_json.SelfDescribingJson object at 0x7782873031d0>]}
[0m18:55:44.443289 [debug] [MainThread]: Wrote artifact WritableManifest to /opt/airflow/dbt/target/manifest.json
[0m18:55:44.451806 [debug] [MainThread]: Wrote artifact SemanticManifest to /opt/airflow/dbt/target/semantic_manifest.json
[0m18:55:44.479775 [debug] [MainThread]: Wrote artifact OsiDocument to /opt/airflow/dbt/target/osi_document.json
[0m18:55:44.546974 [debug] [MainThread]: Sending event: {'category': 'dbt', 'action': 'resource_counts', 'label': '5e27c2a4-2ebf-4059-8043-bba84bb4be80', 'context': [<snowplow_tracker.self_describing_json.SelfDescribingJson object at 0x778286ab1730>]}
[0m18:55:44.548324 [info ] [MainThread]: Found 7 models, 11 data tests, 4 sources, 521 macros
[0m18:55:44.549605 [debug] [MainThread]: Sending event: {'category': 'dbt', 'action': 'runnable_timing', 'label': '5e27c2a4-2ebf-4059-8043-bba84bb4be80', 'context': [<snowplow_tracker.self_describing_json.SelfDescribingJson object at 0x778286bdcef0>]}
[0m18:55:44.556111 [info ] [MainThread]: 
[0m18:55:44.558148 [info ] [MainThread]: Concurrency: 4 threads (target='dev')
[0m18:55:44.559676 [info ] [MainThread]: 
[0m18:55:44.561754 [debug] [MainThread]: Acquiring new clickhouse connection 'master'
[0m18:55:44.582201 [debug] [ThreadPool]: Acquiring new clickhouse connection 'list__raw'
[0m18:55:44.618597 [debug] [ThreadPool]: Opening a new connection, currently in state init
[0m18:55:44.822405 [debug] [ThreadPool]: dbt_clickhouse adapter: On list__raw: /* {"app": "dbt", "dbt_version": "1.12.2", "profile_name": "analytics", "target_name": "dev", "connection_name": "list__raw"} */
select
      t.name as name,
      t.database as schema,
      multiIf(
        engine in ('MaterializedView', 'View'), 'view',
        engine = 'Dictionary', 'dictionary',
        'table'
      ) as type,
      db.engine as db_engine,0 as is_on_cluster
          from system.tables as t join system.databases as db on t.database = db.name
        where schema = 'raw'
      

  ...
[0m18:55:44.829257 [debug] [ThreadPool]: dbt_clickhouse adapter: SQL status: OK in 0.01 seconds
[0m18:55:44.862890 [debug] [MainThread]: Sending event: {'category': 'dbt', 'action': 'runnable_timing', 'label': '5e27c2a4-2ebf-4059-8043-bba84bb4be80', 'context': [<snowplow_tracker.self_describing_json.SelfDescribingJson object at 0x77828a121250>]}
[0m18:55:44.870494 [debug] [Thread-1 (]: Began running node test.analytics.not_null_stg_customers_customer_id.e2cfb1f9aa
[0m18:55:44.871235 [debug] [Thread-2 (]: Began running node test.analytics.not_null_stg_order_items_order_id.2063801f96
[0m18:55:44.871747 [debug] [Thread-3 (]: Began running node test.analytics.not_null_stg_order_items_order_item_id.26a7e2bc35
[0m18:55:44.872617 [debug] [Thread-4 (]: Began running node test.analytics.not_null_stg_order_items_product_id.5154a8a6f6
[0m18:55:44.872209 [info ] [Thread-1 (]: 1 of 11 START test not_null_stg_customers_customer_id .......................... [RUN]
[0m18:55:44.873977 [info ] [Thread-2 (]: 2 of 11 START test not_null_stg_order_items_order_id ........................... [RUN]
[0m18:55:44.875040 [info ] [Thread-3 (]: 3 of 11 START test not_null_stg_order_items_order_item_id ...................... [RUN]
[0m18:55:44.876264 [info ] [Thread-4 (]: 4 of 11 START test not_null_stg_order_items_product_id ......................... [RUN]
[0m18:55:44.877512 [debug] [Thread-1 (]: Re-using an available connection from the pool (formerly list__raw, now test.analytics.not_null_stg_customers_customer_id.e2cfb1f9aa)
[0m18:55:44.879058 [debug] [Thread-2 (]: Acquiring new clickhouse connection 'test.analytics.not_null_stg_order_items_order_id.2063801f96'
[0m18:55:44.880325 [debug] [Thread-3 (]: Acquiring new clickhouse connection 'test.analytics.not_null_stg_order_items_order_item_id.26a7e2bc35'
[0m18:55:44.881743 [debug] [Thread-4 (]: Acquiring new clickhouse connection 'test.analytics.not_null_stg_order_items_product_id.5154a8a6f6'
[0m18:55:44.882628 [debug] [Thread-1 (]: Began compiling node test.analytics.not_null_stg_customers_customer_id.e2cfb1f9aa
[0m18:55:44.883632 [debug] [Thread-2 (]: Began compiling node test.analytics.not_null_stg_order_items_order_id.2063801f96
[0m18:55:44.884508 [debug] [Thread-3 (]: Began compiling node test.analytics.not_null_stg_order_items_order_item_id.26a7e2bc35
[0m18:55:44.885358 [debug] [Thread-4 (]: Began compiling node test.analytics.not_null_stg_order_items_product_id.5154a8a6f6
[0m18:55:44.989978 [debug] [Thread-1 (]: Writing injected SQL for node "test.analytics.not_null_stg_customers_customer_id.e2cfb1f9aa"
[0m18:55:44.995935 [debug] [Thread-2 (]: Writing injected SQL for node "test.analytics.not_null_stg_order_items_order_id.2063801f96"
[0m18:55:44.999965 [debug] [Thread-3 (]: Writing injected SQL for node "test.analytics.not_null_stg_order_items_order_item_id.26a7e2bc35"
[0m18:55:45.007995 [debug] [Thread-4 (]: Writing injected SQL for node "test.analytics.not_null_stg_order_items_product_id.5154a8a6f6"
[0m18:55:45.015061 [debug] [Thread-4 (]: Began executing node test.analytics.not_null_stg_order_items_product_id.5154a8a6f6
[0m18:55:45.016347 [debug] [Thread-2 (]: Began executing node test.analytics.not_null_stg_order_items_order_id.2063801f96
[0m18:55:45.033035 [debug] [Thread-1 (]: Began executing node test.analytics.not_null_stg_customers_customer_id.e2cfb1f9aa
[0m18:55:45.039210 [debug] [Thread-3 (]: Began executing node test.analytics.not_null_stg_order_items_order_item_id.26a7e2bc35
[0m18:55:45.066458 [debug] [Thread-2 (]: Writing runtime sql for node "test.analytics.not_null_stg_order_items_order_id.2063801f96"
[0m18:55:45.067378 [debug] [Thread-1 (]: Writing runtime sql for node "test.analytics.not_null_stg_customers_customer_id.e2cfb1f9aa"
[0m18:55:45.067815 [debug] [Thread-4 (]: Writing runtime sql for node "test.analytics.not_null_stg_order_items_product_id.5154a8a6f6"
[0m18:55:45.070583 [debug] [Thread-3 (]: Writing runtime sql for node "test.analytics.not_null_stg_order_items_order_item_id.26a7e2bc35"
[0m18:55:45.077431 [debug] [Thread-4 (]: Opening a new connection, currently in state init
[0m18:55:45.081716 [debug] [Thread-3 (]: Opening a new connection, currently in state init
[0m18:55:45.083070 [debug] [Thread-2 (]: Opening a new connection, currently in state init
[0m18:55:45.084041 [debug] [Thread-1 (]: dbt_clickhouse adapter: On test.analytics.not_null_stg_customers_customer_id.e2cfb1f9aa: /* {"app": "dbt", "dbt_version": "1.12.2", "profile_name": "analytics", "target_name": "dev", "node_id": "test.analytics.not_null_stg_customers_customer_id.e2cfb1f9aa"} */

    
    
    select
      count(*) as failures,
      count(*) != 0 as should_warn,
      count(*) != 0 as should_error
    from (
      
    
  
    
    



select customer_id
from `raw`.`stg_customers`
where customer_id is null



  
  
    ) dbt_internal_test...
[0m18:55:45.104360 [debug] [Thread-1 (]: dbt_clickhouse adapter: SQL status: OK in 0.02 seconds
[0m18:55:45.113046 [info ] [Thread-1 (]: 1 of 11 PASS not_null_stg_customers_customer_id ................................ [[32mPASS[0m in 0.24s]
[0m18:55:45.117590 [debug] [Thread-1 (]: Finished running node test.analytics.not_null_stg_customers_customer_id.e2cfb1f9aa
[0m18:55:45.120073 [debug] [Thread-1 (]: Began running node test.analytics.not_null_stg_orders_customer_id.af79d5e4b5
[0m18:55:45.121336 [info ] [Thread-1 (]: 5 of 11 START test not_null_stg_orders_customer_id ............................. [RUN]
[0m18:55:45.123039 [debug] [Thread-1 (]: Re-using an available connection from the pool (formerly test.analytics.not_null_stg_customers_customer_id.e2cfb1f9aa, now test.analytics.not_null_stg_orders_customer_id.af79d5e4b5)
[0m18:55:45.125419 [debug] [Thread-1 (]: Began compiling node test.analytics.not_null_stg_orders_customer_id.af79d5e4b5
[0m18:55:45.141540 [debug] [Thread-1 (]: Writing injected SQL for node "test.analytics.not_null_stg_orders_customer_id.af79d5e4b5"
[0m18:55:45.168416 [debug] [Thread-1 (]: Began executing node test.analytics.not_null_stg_orders_customer_id.af79d5e4b5
[0m18:55:45.172635 [debug] [Thread-1 (]: Writing runtime sql for node "test.analytics.not_null_stg_orders_customer_id.af79d5e4b5"
[0m18:55:45.181308 [debug] [Thread-2 (]: dbt_clickhouse adapter: On test.analytics.not_null_stg_order_items_order_id.2063801f96: /* {"app": "dbt", "dbt_version": "1.12.2", "profile_name": "analytics", "target_name": "dev", "node_id": "test.analytics.not_null_stg_order_items_order_id.2063801f96"} */

    
    
    select
      count(*) as failures,
      count(*) != 0 as should_warn,
      count(*) != 0 as should_error
    from (
      
    
  
    
    



select order_id
from `raw`.`stg_order_items`
where order_id is null



  
  
    ) dbt_internal_test...
[0m18:55:45.185133 [debug] [Thread-3 (]: dbt_clickhouse adapter: On test.analytics.not_null_stg_order_items_order_item_id.26a7e2bc35: /* {"app": "dbt", "dbt_version": "1.12.2", "profile_name": "analytics", "target_name": "dev", "node_id": "test.analytics.not_null_stg_order_items_order_item_id.26a7e2bc35"} */

    
    
    select
      count(*) as failures,
      count(*) != 0 as should_warn,
      count(*) != 0 as should_error
    from (
      
    
  
    
    



select order_item_id
from `raw`.`stg_order_items`
where order_item_id is null



  
  
    ) dbt_internal_test...
[0m18:55:45.189094 [debug] [Thread-4 (]: dbt_clickhouse adapter: On test.analytics.not_null_stg_order_items_product_id.5154a8a6f6: /* {"app": "dbt", "dbt_version": "1.12.2", "profile_name": "analytics", "target_name": "dev", "node_id": "test.analytics.not_null_stg_order_items_product_id.5154a8a6f6"} */

    
    
    select
      count(*) as failures,
      count(*) != 0 as should_warn,
      count(*) != 0 as should_error
    from (
      
    
  
    
    



select product_id
from `raw`.`stg_order_items`
where product_id is null



  
  
    ) dbt_internal_test...
[0m18:55:45.195003 [debug] [Thread-1 (]: dbt_clickhouse adapter: On test.analytics.not_null_stg_orders_customer_id.af79d5e4b5: /* {"app": "dbt", "dbt_version": "1.12.2", "profile_name": "analytics", "target_name": "dev", "node_id": "test.analytics.not_null_stg_orders_customer_id.af79d5e4b5"} */

    
    
    select
      count(*) as failures,
      count(*) != 0 as should_warn,
      count(*) != 0 as should_error
    from (
      
    
  
    
    



select customer_id
from `raw`.`stg_orders`
where customer_id is null



  
  
    ) dbt_internal_test...
[0m18:55:45.196702 [debug] [Thread-2 (]: dbt_clickhouse adapter: SQL status: OK in 0.01 seconds
[0m18:55:45.202920 [debug] [Thread-3 (]: dbt_clickhouse adapter: SQL status: OK in 0.02 seconds
[0m18:55:45.201659 [info ] [Thread-2 (]: 2 of 11 PASS not_null_stg_order_items_order_id ................................. [[32mPASS[0m in 0.32s]
[0m18:55:45.210521 [debug] [Thread-2 (]: Finished running node test.analytics.not_null_stg_order_items_order_id.2063801f96
[0m18:55:45.208599 [info ] [Thread-3 (]: 3 of 11 PASS not_null_stg_order_items_order_item_id ............................ [[32mPASS[0m in 0.33s]
[0m18:55:45.205439 [debug] [Thread-4 (]: dbt_clickhouse adapter: SQL status: OK in 0.01 seconds
[0m18:55:45.211969 [debug] [Thread-2 (]: Began running node test.analytics.not_null_stg_orders_order_id.81cfe2fe64
[0m18:55:45.215991 [debug] [Thread-3 (]: Finished running node test.analytics.not_null_stg_order_items_order_item_id.26a7e2bc35
[0m18:55:45.218663 [debug] [Thread-1 (]: dbt_clickhouse adapter: SQL status: OK in 0.02 seconds
[0m18:55:45.224419 [info ] [Thread-4 (]: 4 of 11 PASS not_null_stg_order_items_product_id ............................... [[32mPASS[0m in 0.34s]
[0m18:55:45.231537 [info ] [Thread-2 (]: 6 of 11 START test not_null_stg_orders_order_id ................................ [RUN]
[0m18:55:45.233388 [debug] [Thread-3 (]: Began running node test.analytics.not_null_stg_products_product_id.6373b0acf3
[0m18:55:45.238905 [info ] [Thread-1 (]: 5 of 11 PASS not_null_stg_orders_customer_id ................................... [[32mPASS[0m in 0.12s]
[0m18:55:45.241144 [debug] [Thread-4 (]: Finished running node test.analytics.not_null_stg_order_items_product_id.5154a8a6f6
[0m18:55:45.242435 [debug] [Thread-2 (]: Re-using an available connection from the pool (formerly test.analytics.not_null_stg_order_items_order_id.2063801f96, now test.analytics.not_null_stg_orders_order_id.81cfe2fe64)
[0m18:55:45.243613 [info ] [Thread-3 (]: 7 of 11 START test not_null_stg_products_product_id ............................ [RUN]
[0m18:55:45.248757 [debug] [Thread-1 (]: Finished running node test.analytics.not_null_stg_orders_customer_id.af79d5e4b5
[0m18:55:45.250021 [debug] [Thread-4 (]: Began running node test.analytics.unique_stg_customers_customer_id.c7614daada
[0m18:55:45.250984 [debug] [Thread-2 (]: Began compiling node test.analytics.not_null_stg_orders_order_id.81cfe2fe64
[0m18:55:45.252225 [debug] [Thread-3 (]: Re-using an available connection from the pool (formerly test.analytics.not_null_stg_order_items_order_item_id.26a7e2bc35, now test.analytics.not_null_stg_products_product_id.6373b0acf3)
[0m18:55:45.253818 [debug] [Thread-1 (]: Began running node test.analytics.unique_stg_order_items_order_item_id.90e333a108
[0m18:55:45.255069 [info ] [Thread-4 (]: 8 of 11 START test unique_stg_customers_customer_id ............................ [RUN]
[0m18:55:45.266809 [debug] [Thread-3 (]: Began compiling node test.analytics.not_null_stg_products_product_id.6373b0acf3
[0m18:55:45.272667 [debug] [Thread-2 (]: Writing injected SQL for node "test.analytics.not_null_stg_orders_order_id.81cfe2fe64"
[0m18:55:45.273890 [info ] [Thread-1 (]: 9 of 11 START test unique_stg_order_items_order_item_id ........................ [RUN]
[0m18:55:45.275275 [debug] [Thread-4 (]: Re-using an available connection from the pool (formerly test.analytics.not_null_stg_order_items_product_id.5154a8a6f6, now test.analytics.unique_stg_customers_customer_id.c7614daada)
[0m18:55:45.290327 [debug] [Thread-3 (]: Writing injected SQL for node "test.analytics.not_null_stg_products_product_id.6373b0acf3"
[0m18:55:45.291753 [debug] [Thread-1 (]: Re-using an available connection from the pool (formerly test.analytics.not_null_stg_orders_customer_id.af79d5e4b5, now test.analytics.unique_stg_order_items_order_item_id.90e333a108)
[0m18:55:45.292938 [debug] [Thread-4 (]: Began compiling node test.analytics.unique_stg_customers_customer_id.c7614daada
[0m18:55:45.294736 [debug] [Thread-1 (]: Began compiling node test.analytics.unique_stg_order_items_order_item_id.90e333a108
[0m18:55:45.322833 [debug] [Thread-1 (]: Writing injected SQL for node "test.analytics.unique_stg_order_items_order_item_id.90e333a108"
[0m18:55:45.323818 [debug] [Thread-4 (]: Writing injected SQL for node "test.analytics.unique_stg_customers_customer_id.c7614daada"
[0m18:55:45.324896 [debug] [Thread-2 (]: Began executing node test.analytics.not_null_stg_orders_order_id.81cfe2fe64
[0m18:55:45.326093 [debug] [Thread-3 (]: Began executing node test.analytics.not_null_stg_products_product_id.6373b0acf3
[0m18:55:45.330499 [debug] [Thread-2 (]: Writing runtime sql for node "test.analytics.not_null_stg_orders_order_id.81cfe2fe64"
[0m18:55:45.335061 [debug] [Thread-3 (]: Writing runtime sql for node "test.analytics.not_null_stg_products_product_id.6373b0acf3"
[0m18:55:45.337181 [debug] [Thread-1 (]: Began executing node test.analytics.unique_stg_order_items_order_item_id.90e333a108
[0m18:55:45.341302 [debug] [Thread-1 (]: Writing runtime sql for node "test.analytics.unique_stg_order_items_order_item_id.90e333a108"
[0m18:55:45.342280 [debug] [Thread-4 (]: Began executing node test.analytics.unique_stg_customers_customer_id.c7614daada
[0m18:55:45.346513 [debug] [Thread-4 (]: Writing runtime sql for node "test.analytics.unique_stg_customers_customer_id.c7614daada"
[0m18:55:45.350989 [debug] [Thread-3 (]: dbt_clickhouse adapter: On test.analytics.not_null_stg_products_product_id.6373b0acf3: /* {"app": "dbt", "dbt_version": "1.12.2", "profile_name": "analytics", "target_name": "dev", "node_id": "test.analytics.not_null_stg_products_product_id.6373b0acf3"} */

    
    
    select
      count(*) as failures,
      count(*) != 0 as should_warn,
      count(*) != 0 as should_error
    from (
      
    
  
    
    



select product_id
from `raw`.`stg_products`
where product_id is null



  
  
    ) dbt_internal_test...
[0m18:55:45.352576 [debug] [Thread-2 (]: dbt_clickhouse adapter: On test.analytics.not_null_stg_orders_order_id.81cfe2fe64: /* {"app": "dbt", "dbt_version": "1.12.2", "profile_name": "analytics", "target_name": "dev", "node_id": "test.analytics.not_null_stg_orders_order_id.81cfe2fe64"} */

    
    
    select
      count(*) as failures,
      count(*) != 0 as should_warn,
      count(*) != 0 as should_error
    from (
      
    
  
    
    



select order_id
from `raw`.`stg_orders`
where order_id is null



  
  
    ) dbt_internal_test...
[0m18:55:45.353695 [debug] [Thread-1 (]: dbt_clickhouse adapter: On test.analytics.unique_stg_order_items_order_item_id.90e333a108: /* {"app": "dbt", "dbt_version": "1.12.2", "profile_name": "analytics", "target_name": "dev", "node_id": "test.analytics.unique_stg_order_items_order_item_id.90e333a108"} */

    
    
    select
      count(*) as failures,
      count(*) != 0 as should_warn,
      count(*) != 0 as should_error
    from (
      
    
  
    
    

select
    order_item_id as unique_field,
    count(*) as n_records

from `raw`.`stg_order_items`
where order_item_id is not null
group by order_item_id
having count(*) > 1



  
  
    ) dbt_internal_test...
[0m18:55:45.362381 [debug] [Thread-3 (]: dbt_clickhouse adapter: SQL status: OK in 0.01 seconds
[0m18:55:45.363973 [debug] [Thread-2 (]: dbt_clickhouse adapter: SQL status: OK in 0.01 seconds
[0m18:55:45.384531 [info ] [Thread-2 (]: 6 of 11 PASS not_null_stg_orders_order_id ...................................... [[32mPASS[0m in 0.14s]
[0m18:55:45.372720 [debug] [Thread-4 (]: dbt_clickhouse adapter: On test.analytics.unique_stg_customers_customer_id.c7614daada: /* {"app": "dbt", "dbt_version": "1.12.2", "profile_name": "analytics", "target_name": "dev", "node_id": "test.analytics.unique_stg_customers_customer_id.c7614daada"} */

    
    
    select
      count(*) as failures,
      count(*) != 0 as should_warn,
      count(*) != 0 as should_error
    from (
      
    
  
    
    

select
    customer_id as unique_field,
    count(*) as n_records

from `raw`.`stg_customers`
where customer_id is not null
group by customer_id
having count(*) > 1



  
  
    ) dbt_internal_test...
[0m18:55:45.367216 [info ] [Thread-3 (]: 7 of 11 PASS not_null_stg_products_product_id .................................. [[32mPASS[0m in 0.12s]
[0m18:55:45.399144 [debug] [Thread-2 (]: Finished running node test.analytics.not_null_stg_orders_order_id.81cfe2fe64
[0m18:55:45.427959 [debug] [Thread-2 (]: Began running node test.analytics.unique_stg_orders_order_id.e3b841c71a
[0m18:55:45.429643 [info ] [Thread-2 (]: 10 of 11 START test unique_stg_orders_order_id ................................. [RUN]
[0m18:55:45.439009 [debug] [Thread-2 (]: Re-using an available connection from the pool (formerly test.analytics.not_null_stg_orders_order_id.81cfe2fe64, now test.analytics.unique_stg_orders_order_id.e3b841c71a)
[0m18:55:45.442788 [debug] [Thread-2 (]: Began compiling node test.analytics.unique_stg_orders_order_id.e3b841c71a
[0m18:55:45.408755 [debug] [Thread-3 (]: Finished running node test.analytics.not_null_stg_products_product_id.6373b0acf3
[0m18:55:45.470249 [debug] [Thread-3 (]: Began running node test.analytics.unique_stg_products_product_id.7d950a1467
[0m18:55:45.468653 [debug] [Thread-2 (]: Writing injected SQL for node "test.analytics.unique_stg_orders_order_id.e3b841c71a"
[0m18:55:45.478010 [info ] [Thread-3 (]: 11 of 11 START test unique_stg_products_product_id ............................. [RUN]
[0m18:55:45.484484 [debug] [Thread-3 (]: Re-using an available connection from the pool (formerly test.analytics.not_null_stg_products_product_id.6373b0acf3, now test.analytics.unique_stg_products_product_id.7d950a1467)
[0m18:55:45.498955 [debug] [Thread-3 (]: Began compiling node test.analytics.unique_stg_products_product_id.7d950a1467
[0m18:55:45.526091 [debug] [Thread-3 (]: Writing injected SQL for node "test.analytics.unique_stg_products_product_id.7d950a1467"
[0m18:55:45.571059 [debug] [Thread-2 (]: Began executing node test.analytics.unique_stg_orders_order_id.e3b841c71a
[0m18:55:45.575127 [debug] [Thread-2 (]: Writing runtime sql for node "test.analytics.unique_stg_orders_order_id.e3b841c71a"
[0m18:55:45.603439 [debug] [Thread-4 (]: dbt_clickhouse adapter: SQL status: OK in 0.20 seconds
[0m18:55:45.605564 [debug] [Thread-3 (]: Began executing node test.analytics.unique_stg_products_product_id.7d950a1467
[0m18:55:45.644937 [debug] [Thread-3 (]: Writing runtime sql for node "test.analytics.unique_stg_products_product_id.7d950a1467"
[0m18:55:45.634310 [info ] [Thread-4 (]: 8 of 11 PASS unique_stg_customers_customer_id .................................. [[32mPASS[0m in 0.36s]
[0m18:55:45.652532 [debug] [Thread-4 (]: Finished running node test.analytics.unique_stg_customers_customer_id.c7614daada
[0m18:55:45.622715 [debug] [Thread-2 (]: dbt_clickhouse adapter: On test.analytics.unique_stg_orders_order_id.e3b841c71a: /* {"app": "dbt", "dbt_version": "1.12.2", "profile_name": "analytics", "target_name": "dev", "node_id": "test.analytics.unique_stg_orders_order_id.e3b841c71a"} */

    
    
    select
      count(*) as failures,
      count(*) != 0 as should_warn,
      count(*) != 0 as should_error
    from (
      
    
  
    
    

select
    order_id as unique_field,
    count(*) as n_records

from `raw`.`stg_orders`
where order_id is not null
group by order_id
having count(*) > 1



  
  
    ) dbt_internal_test...
[0m18:55:45.806717 [debug] [Thread-3 (]: dbt_clickhouse adapter: On test.analytics.unique_stg_products_product_id.7d950a1467: /* {"app": "dbt", "dbt_version": "1.12.2", "profile_name": "analytics", "target_name": "dev", "node_id": "test.analytics.unique_stg_products_product_id.7d950a1467"} */

    
    
    select
      count(*) as failures,
      count(*) != 0 as should_warn,
      count(*) != 0 as should_error
    from (
      
    
  
    
    

select
    product_id as unique_field,
    count(*) as n_records

from `raw`.`stg_products`
where product_id is not null
group by product_id
having count(*) > 1



  
  
    ) dbt_internal_test...
[0m18:55:45.900025 [debug] [Thread-3 (]: dbt_clickhouse adapter: SQL status: OK in 0.08 seconds
[0m18:55:45.930365 [info ] [Thread-3 (]: 11 of 11 PASS unique_stg_products_product_id ................................... [[32mPASS[0m in 0.45s]
[0m18:55:45.946145 [debug] [Thread-3 (]: Finished running node test.analytics.unique_stg_products_product_id.7d950a1467
[0m18:55:46.345499 [debug] [Thread-2 (]: dbt_clickhouse adapter: SQL status: OK in 0.69 seconds
[0m18:55:46.363457 [info ] [Thread-2 (]: 10 of 11 PASS unique_stg_orders_order_id ....................................... [[32mPASS[0m in 0.92s]
[0m18:55:46.380883 [debug] [Thread-2 (]: Finished running node test.analytics.unique_stg_orders_order_id.e3b841c71a
[0m18:55:46.434151 [debug] [Thread-1 (]: dbt_clickhouse adapter: SQL status: OK in 1.08 seconds
[0m18:55:46.454586 [info ] [Thread-1 (]: 9 of 11 PASS unique_stg_order_items_order_item_id .............................. [[32mPASS[0m in 1.16s]
[0m18:55:46.462591 [debug] [Thread-1 (]: Finished running node test.analytics.unique_stg_order_items_order_item_id.90e333a108
[0m18:55:46.466442 [debug] [MainThread]: Connection 'master' was properly closed.
[0m18:55:46.476350 [debug] [MainThread]: Connection 'test.analytics.unique_stg_order_items_order_item_id.90e333a108' was left open.
[0m18:55:46.477501 [debug] [MainThread]: On test.analytics.unique_stg_order_items_order_item_id.90e333a108: Close
[0m18:55:46.478748 [debug] [MainThread]: Connection 'test.analytics.unique_stg_orders_order_id.e3b841c71a' was left open.
[0m18:55:46.479904 [debug] [MainThread]: On test.analytics.unique_stg_orders_order_id.e3b841c71a: Close
[0m18:55:46.481224 [debug] [MainThread]: Connection 'test.analytics.unique_stg_products_product_id.7d950a1467' was left open.
[0m18:55:46.482354 [debug] [MainThread]: On test.analytics.unique_stg_products_product_id.7d950a1467: Close
[0m18:55:46.483479 [debug] [MainThread]: Connection 'test.analytics.unique_stg_customers_customer_id.c7614daada' was left open.
[0m18:55:46.484447 [debug] [MainThread]: On test.analytics.unique_stg_customers_customer_id.c7614daada: Close
[0m18:55:46.485903 [info ] [MainThread]: 
[0m18:55:46.494173 [info ] [MainThread]: Finished running 11 data tests in 0 hours 0 minutes and 1.92 seconds (1.92s).
[0m18:55:46.498168 [debug] [MainThread]: Command end result
[0m18:55:46.600312 [debug] [MainThread]: Wrote artifact WritableManifest to /opt/airflow/dbt/target/manifest.json
[0m18:55:46.610223 [debug] [MainThread]: Wrote artifact SemanticManifest to /opt/airflow/dbt/target/semantic_manifest.json
[0m18:55:46.620931 [debug] [MainThread]: Wrote artifact OsiDocument to /opt/airflow/dbt/target/osi_document.json
[0m18:55:46.636070 [debug] [MainThread]: Wrote artifact RunExecutionResult to /opt/airflow/dbt/target/run_results.json
[0m18:55:46.637154 [info ] [MainThread]: 
[0m18:55:46.638469 [info ] [MainThread]: [32mCompleted successfully[0m
[0m18:55:46.639764 [info ] [MainThread]: 
[0m18:55:46.640848 [info ] [MainThread]: Done. PASS=11 WARN=0 ERROR=0 SKIP=0 NO-OP=0 REUSED=0 TOTAL=11
[0m18:55:46.643003 [debug] [MainThread]: Resource report: {"command_name": "test", "command_success": true, "command_wall_clock_time": 3.3640275, "process_in_blocks": "6056", "process_kernel_time": 0.615613, "process_mem_max_rss": "161296", "process_out_blocks": "0", "process_user_time": 5.092799}
[0m18:55:46.644287 [debug] [MainThread]: Command `dbt test` succeeded at 18:55:46.644026 after 3.37 seconds
[0m18:55:46.645258 [debug] [MainThread]: Sending event: {'category': 'dbt', 'action': 'invocation', 'label': 'end', 'context': [<snowplow_tracker.self_describing_json.SelfDescribingJson object at 0x778288002ae0>, <snowplow_tracker.self_describing_json.SelfDescribingJson object at 0x778286ba3740>, <snowplow_tracker.self_describing_json.SelfDescribingJson object at 0x77828bf1b170>]}
[0m18:55:46.646331 [debug] [MainThread]: Flushing usage events
[0m18:55:47.263659 [debug] [MainThread]: An error was encountered while trying to flush usage events
[0m18:56:34.238285 [debug] [MainThread]: Sending event: {'category': 'dbt', 'action': 'invocation', 'label': 'start', 'context': [<snowplow_tracker.self_describing_json.SelfDescribingJson object at 0x7e453c1927b0>, <snowplow_tracker.self_describing_json.SelfDescribingJson object at 0x7e453c3a9370>, <snowplow_tracker.self_describing_json.SelfDescribingJson object at 0x7e453c192840>]}


============================== 18:56:34.249124 | f512f291-7c99-413a-8346-029a3b8f30ff ==============================
[0m18:56:34.249124 [info ] [MainThread]: Running with dbt=1.12.2
[0m18:56:34.251014 [debug] [MainThread]: running dbt with arguments {'indirect_selection': 'eager', 'target_path': 'None', 'cache_selected_only': 'False', 'introspect': 'True', 'log_cache_events': 'False', 'warn_error_options': 'WarnErrorOptionsV2(error=[], warn=[], silence=[])', 'use_experimental_parser': 'False', 'invocation_command': 'dbt run --project-dir /opt/airflow/dbt --profiles-dir /opt/airflow/dbt', 'use_colors': 'True', 'debug': 'False', 'empty': 'False', 'static_parser': 'True', 'write_json': 'True', 'partial_parse': 'True', 'version_check': 'True', 'no_print': 'None', 'profiles_dir': '/opt/airflow/dbt', 'maximum_seed_size_mib': '1', 'send_anonymous_usage_stats': 'True', 'printer_width': '80', 'log_format': 'default', 'hints_enabled': 'True', 'log_path': '/opt/airflow/dbt/logs', 'warn_error': 'None', 'fail_fast': 'False', 'quiet': 'False'}
[0m18:56:34.604001 [debug] [MainThread]: Sending event: {'category': 'dbt', 'action': 'project_id', 'label': 'f512f291-7c99-413a-8346-029a3b8f30ff', 'context': [<snowplow_tracker.self_describing_json.SelfDescribingJson object at 0x7e453b5b9bb0>]}
[0m18:56:34.718632 [debug] [MainThread]: Sending event: {'category': 'dbt', 'action': 'adapter_info', 'label': 'f512f291-7c99-413a-8346-029a3b8f30ff', 'context': [<snowplow_tracker.self_describing_json.SelfDescribingJson object at 0x7e453c192840>]}
[0m18:56:34.720550 [info ] [MainThread]: Registered adapter: clickhouse=1.9.3
[0m18:56:34.855330 [debug] [MainThread]: checksum: adba77356f91f81a11ee2fa729542f151b163d2280a76ec0a147e0b39f20e5da, vars: {}, profile: analytics, target: dev, version: 1.12.2
[0m18:56:35.188981 [debug] [MainThread]: Partial parsing enabled: 0 files deleted, 0 files added, 0 files changed.
[0m18:56:35.190405 [debug] [MainThread]: Nothing changed, skipping partial parsing.
[0m18:56:35.192877 [debug] [MainThread]: Partial parsing enabled, no changes found, skipping parsing
[0m18:56:35.222913 [debug] [MainThread]: Sending event: {'category': 'dbt', 'action': 'load_project', 'label': 'f512f291-7c99-413a-8346-029a3b8f30ff', 'context': [<snowplow_tracker.self_describing_json.SelfDescribingJson object at 0x7e453b2ba8d0>]}
[0m18:56:35.534530 [debug] [MainThread]: Wrote artifact WritableManifest to /opt/airflow/dbt/target/manifest.json
[0m18:56:35.547947 [debug] [MainThread]: Wrote artifact SemanticManifest to /opt/airflow/dbt/target/semantic_manifest.json
[0m18:56:35.574438 [debug] [MainThread]: Wrote artifact OsiDocument to /opt/airflow/dbt/target/osi_document.json
[0m18:56:35.603674 [debug] [MainThread]: Sending event: {'category': 'dbt', 'action': 'resource_counts', 'label': 'f512f291-7c99-413a-8346-029a3b8f30ff', 'context': [<snowplow_tracker.self_describing_json.SelfDescribingJson object at 0x7e453aeeb8c0>]}
[0m18:56:35.605457 [info ] [MainThread]: Found 7 models, 11 data tests, 4 sources, 521 macros
[0m18:56:35.606752 [debug] [MainThread]: Sending event: {'category': 'dbt', 'action': 'runnable_timing', 'label': 'f512f291-7c99-413a-8346-029a3b8f30ff', 'context': [<snowplow_tracker.self_describing_json.SelfDescribingJson object at 0x7e453aeeff80>]}
[0m18:56:35.612130 [info ] [MainThread]: 
[0m18:56:35.614523 [info ] [MainThread]: Concurrency: 4 threads (target='dev')
[0m18:56:35.615693 [info ] [MainThread]: 
[0m18:56:35.617331 [debug] [MainThread]: Acquiring new clickhouse connection 'master'
[0m18:56:35.628181 [debug] [ThreadPool]: Acquiring new clickhouse connection 'list_'
[0m18:56:35.649235 [debug] [ThreadPool]: Opening a new connection, currently in state init
[0m18:56:35.929258 [debug] [ThreadPool]: dbt_clickhouse adapter: On list_: /* {"app": "dbt", "dbt_version": "1.12.2", "profile_name": "analytics", "target_name": "dev", "connection_name": "list_"} */

    select name from system.databases
  ...
[0m18:56:35.933835 [debug] [ThreadPool]: dbt_clickhouse adapter: SQL status: OK in 0.00 seconds
[0m18:56:35.978259 [debug] [ThreadPool]: Re-using an available connection from the pool (formerly list_, now list__raw)
[0m18:56:35.987610 [debug] [ThreadPool]: dbt_clickhouse adapter: On list__raw: /* {"app": "dbt", "dbt_version": "1.12.2", "profile_name": "analytics", "target_name": "dev", "connection_name": "list__raw"} */
select
      t.name as name,
      t.database as schema,
      multiIf(
        engine in ('MaterializedView', 'View'), 'view',
        engine = 'Dictionary', 'dictionary',
        'table'
      ) as type,
      db.engine as db_engine,0 as is_on_cluster
          from system.tables as t join system.databases as db on t.database = db.name
        where schema = 'raw'
      

  ...
[0m18:56:35.994744 [debug] [ThreadPool]: dbt_clickhouse adapter: SQL status: OK in 0.01 seconds
[0m18:56:36.002246 [debug] [MainThread]: Sending event: {'category': 'dbt', 'action': 'runnable_timing', 'label': 'f512f291-7c99-413a-8346-029a3b8f30ff', 'context': [<snowplow_tracker.self_describing_json.SelfDescribingJson object at 0x7e453c8a5130>]}
[0m18:56:36.013723 [debug] [Thread-1 (]: Began running node model.analytics.stg_customers
[0m18:56:36.015003 [debug] [Thread-2 (]: Began running node model.analytics.stg_order_items
[0m18:56:36.015796 [debug] [Thread-3 (]: Began running node model.analytics.stg_orders
[0m18:56:36.017420 [debug] [Thread-4 (]: Began running node model.analytics.stg_products
[0m18:56:36.016668 [info ] [Thread-1 (]: 1 of 7 START sql view model `raw`.`stg_customers` .............................. [RUN]
[0m18:56:36.018916 [info ] [Thread-2 (]: 2 of 7 START sql view model `raw`.`stg_order_items` ............................ [RUN]
[0m18:56:36.020186 [info ] [Thread-3 (]: 3 of 7 START sql view model `raw`.`stg_orders` ................................. [RUN]
[0m18:56:36.021952 [info ] [Thread-4 (]: 4 of 7 START sql view model `raw`.`stg_products` ............................... [RUN]
[0m18:56:36.023324 [debug] [Thread-1 (]: Re-using an available connection from the pool (formerly list__raw, now model.analytics.stg_customers)
[0m18:56:36.024711 [debug] [Thread-2 (]: Acquiring new clickhouse connection 'model.analytics.stg_order_items'
[0m18:56:36.027122 [debug] [Thread-3 (]: Acquiring new clickhouse connection 'model.analytics.stg_orders'
[0m18:56:36.028548 [debug] [Thread-4 (]: Acquiring new clickhouse connection 'model.analytics.stg_products'
[0m18:56:36.029695 [debug] [Thread-1 (]: Began compiling node model.analytics.stg_customers
[0m18:56:36.030798 [debug] [Thread-2 (]: Began compiling node model.analytics.stg_order_items
[0m18:56:36.031996 [debug] [Thread-3 (]: Began compiling node model.analytics.stg_orders
[0m18:56:36.033092 [debug] [Thread-4 (]: Began compiling node model.analytics.stg_products
[0m18:56:36.047473 [debug] [Thread-2 (]: Writing injected SQL for node "model.analytics.stg_order_items"
[0m18:56:36.048435 [debug] [Thread-1 (]: Writing injected SQL for node "model.analytics.stg_customers"
[0m18:56:36.052784 [debug] [Thread-3 (]: Writing injected SQL for node "model.analytics.stg_orders"
[0m18:56:36.057149 [debug] [Thread-4 (]: Writing injected SQL for node "model.analytics.stg_products"
[0m18:56:36.066003 [debug] [Thread-4 (]: Began executing node model.analytics.stg_products
[0m18:56:36.067198 [debug] [Thread-1 (]: Began executing node model.analytics.stg_customers
[0m18:56:36.093098 [debug] [Thread-4 (]: Relation stg_products already exists, replacing it
[0m18:56:36.094315 [debug] [Thread-3 (]: Began executing node model.analytics.stg_orders
[0m18:56:36.097912 [debug] [Thread-1 (]: Relation stg_customers already exists, replacing it
[0m18:56:36.104008 [debug] [Thread-2 (]: Began executing node model.analytics.stg_order_items
[0m18:56:36.112812 [debug] [Thread-3 (]: Relation stg_orders already exists, replacing it
[0m18:56:36.250112 [debug] [Thread-4 (]: Opening a new connection, currently in state init
[0m18:56:36.252833 [debug] [Thread-1 (]: Writing runtime sql for node "model.analytics.stg_customers"
[0m18:56:36.255569 [debug] [Thread-2 (]: Relation stg_order_items already exists, replacing it
[0m18:56:36.258237 [debug] [Thread-3 (]: Opening a new connection, currently in state init
[0m18:56:36.261941 [debug] [Thread-2 (]: Opening a new connection, currently in state init
[0m18:56:36.292905 [debug] [Thread-1 (]: dbt_clickhouse adapter: On model.analytics.stg_customers: /* {"app": "dbt", "dbt_version": "1.12.2", "profile_name": "analytics", "target_name": "dev", "node_id": "model.analytics.stg_customers"} */


  create or replace view `raw`.`stg_customers` 
  
    
  
  
    
    
  as (
    SELECT
    customer_id,
    name,
    email,
    city,
    registration_date
FROM `raw`.`customers`
    
  )
      
      
                    -- end_of_sql
                    
                    ...
[0m18:56:36.305573 [debug] [Thread-1 (]: dbt_clickhouse adapter: SQL status: OK in 0.01 seconds
[0m18:56:36.357371 [debug] [Thread-1 (]: Sending event: {'category': 'dbt', 'action': 'run_model', 'label': 'f512f291-7c99-413a-8346-029a3b8f30ff', 'context': [<snowplow_tracker.self_describing_json.SelfDescribingJson object at 0x7e4538edcbf0>]}
[0m18:56:36.359286 [info ] [Thread-1 (]: 1 of 7 OK created sql view model `raw`.`stg_customers` ......................... [[32mOK[0m in 0.33s]
[0m18:56:36.362062 [debug] [Thread-1 (]: Finished running node model.analytics.stg_customers
[0m18:56:36.368205 [debug] [Thread-4 (]: Writing runtime sql for node "model.analytics.stg_products"
[0m18:56:36.384184 [debug] [Thread-4 (]: dbt_clickhouse adapter: On model.analytics.stg_products: /* {"app": "dbt", "dbt_version": "1.12.2", "profile_name": "analytics", "target_name": "dev", "node_id": "model.analytics.stg_products"} */


  create or replace view `raw`.`stg_products` 
  
    
  
  
    
    
  as (
    SELECT
    product_id,
    product_name,
    category,
    price
FROM `raw`.`products`
    
  )
      
      
                    -- end_of_sql
                    
                    ...
[0m18:56:36.393414 [debug] [Thread-4 (]: dbt_clickhouse adapter: SQL status: OK in 0.01 seconds
[0m18:56:36.397421 [debug] [Thread-4 (]: Sending event: {'category': 'dbt', 'action': 'run_model', 'label': 'f512f291-7c99-413a-8346-029a3b8f30ff', 'context': [<snowplow_tracker.self_describing_json.SelfDescribingJson object at 0x7e45396f9a30>]}
[0m18:56:36.398805 [info ] [Thread-4 (]: 4 of 7 OK created sql view model `raw`.`stg_products` .......................... [[32mOK[0m in 0.37s]
[0m18:56:36.401044 [debug] [Thread-4 (]: Finished running node model.analytics.stg_products
[0m18:56:36.404898 [debug] [Thread-2 (]: Writing runtime sql for node "model.analytics.stg_order_items"
[0m18:56:36.408209 [debug] [Thread-3 (]: Writing runtime sql for node "model.analytics.stg_orders"
[0m18:56:36.414977 [debug] [Thread-2 (]: dbt_clickhouse adapter: On model.analytics.stg_order_items: /* {"app": "dbt", "dbt_version": "1.12.2", "profile_name": "analytics", "target_name": "dev", "node_id": "model.analytics.stg_order_items"} */


  create or replace view `raw`.`stg_order_items` 
  
    
  
  
    
    
  as (
    SELECT
    order_item_id,
    order_id,
    product_id,
    quantity,
    price,
    total_amount
FROM `raw`.`order_items`
    
  )
      
      
                    -- end_of_sql
                    
                    ...
[0m18:56:36.416963 [debug] [Thread-3 (]: dbt_clickhouse adapter: On model.analytics.stg_orders: /* {"app": "dbt", "dbt_version": "1.12.2", "profile_name": "analytics", "target_name": "dev", "node_id": "model.analytics.stg_orders"} */


  create or replace view `raw`.`stg_orders` 
  
    
  
  
    
    
  as (
    SELECT
    order_id,
    customer_id,
    order_date,
    status
FROM `raw`.`orders`
    
  )
      
      
                    -- end_of_sql
                    
                    ...
[0m18:56:36.425428 [debug] [Thread-2 (]: dbt_clickhouse adapter: SQL status: OK in 0.01 seconds
[0m18:56:36.426370 [debug] [Thread-3 (]: dbt_clickhouse adapter: SQL status: OK in 0.01 seconds
[0m18:56:36.430508 [debug] [Thread-2 (]: Sending event: {'category': 'dbt', 'action': 'run_model', 'label': 'f512f291-7c99-413a-8346-029a3b8f30ff', 'context': [<snowplow_tracker.self_describing_json.SelfDescribingJson object at 0x7e453b5eb200>]}
[0m18:56:36.434871 [debug] [Thread-3 (]: Sending event: {'category': 'dbt', 'action': 'run_model', 'label': 'f512f291-7c99-413a-8346-029a3b8f30ff', 'context': [<snowplow_tracker.self_describing_json.SelfDescribingJson object at 0x7e453b2b9730>]}
[0m18:56:36.436765 [info ] [Thread-2 (]: 2 of 7 OK created sql view model `raw`.`stg_order_items` ....................... [[32mOK[0m in 0.41s]
[0m18:56:36.438296 [info ] [Thread-3 (]: 3 of 7 OK created sql view model `raw`.`stg_orders` ............................ [[32mOK[0m in 0.41s]
[0m18:56:36.439472 [debug] [Thread-2 (]: Finished running node model.analytics.stg_order_items
[0m18:56:36.440546 [debug] [Thread-3 (]: Finished running node model.analytics.stg_orders
[0m18:56:36.442987 [debug] [Thread-1 (]: Began running node model.analytics.fct_orders
[0m18:56:36.443778 [debug] [Thread-4 (]: Began running node model.analytics.sales_by_category
[0m18:56:36.444439 [info ] [Thread-1 (]: 5 of 7 START sql table model `raw`.`fct_orders` ................................ [RUN]
[0m18:56:36.445607 [info ] [Thread-4 (]: 6 of 7 START sql table model `raw`.`sales_by_category` ......................... [RUN]
[0m18:56:36.446856 [debug] [Thread-1 (]: Re-using an available connection from the pool (formerly model.analytics.stg_customers, now model.analytics.fct_orders)
[0m18:56:36.447970 [debug] [Thread-4 (]: Re-using an available connection from the pool (formerly model.analytics.stg_products, now model.analytics.sales_by_category)
[0m18:56:36.448948 [debug] [Thread-1 (]: Began compiling node model.analytics.fct_orders
[0m18:56:36.450362 [debug] [Thread-4 (]: Began compiling node model.analytics.sales_by_category
[0m18:56:36.453278 [debug] [Thread-1 (]: Writing injected SQL for node "model.analytics.fct_orders"
[0m18:56:36.456924 [debug] [Thread-4 (]: Writing injected SQL for node "model.analytics.sales_by_category"
[0m18:56:36.463600 [debug] [Thread-1 (]: Began executing node model.analytics.fct_orders
[0m18:56:36.471805 [debug] [Thread-4 (]: Began executing node model.analytics.sales_by_category
[0m18:56:36.614644 [debug] [Thread-4 (]: dbt_clickhouse adapter: On model.analytics.sales_by_category: /* {"app": "dbt", "dbt_version": "1.12.2", "profile_name": "analytics", "target_name": "dev", "node_id": "model.analytics.sales_by_category"} */

            

    
        create table `raw`.`sales_by_category__dbt_backup`
        
  
        
  engine = MergeTree()
        
      order by (tuple())
        
        
        
        
                    -- end_of_sql
                    SETTINGS replicated_deduplication_window='0'

                    
            empty
          as (
            SELECT
    p.category,
    SUM(oi.total_amount) AS revenue,
    SUM(oi.quantity) AS items_sold,
    COUNT(DISTINCT o.order_id) AS orders_count
FROM `raw`.`stg_order_items` oi
JOIN `raw`.`stg_orders` o
    ON oi.order_id = o.order_id
JOIN `raw`.`stg_products` p
    ON oi.product_id = p.product_id
WHERE o.status = 'completed'
GROUP BY p.category
ORDER BY revenue DESC
          )
        
        ...
[0m18:56:36.615961 [debug] [Thread-1 (]: dbt_clickhouse adapter: On model.analytics.fct_orders: /* {"app": "dbt", "dbt_version": "1.12.2", "profile_name": "analytics", "target_name": "dev", "node_id": "model.analytics.fct_orders"} */

            

    
        create table `raw`.`fct_orders__dbt_backup`
        
  
        
  engine = MergeTree()
        
      order by (tuple())
        
        
        
        
                    -- end_of_sql
                    SETTINGS replicated_deduplication_window='0'

                    
            empty
          as (
            SELECT 
    o.order_id,
    o.customer_id,
    o.order_date,
    o.status,
    SUM(oi.total_amount) AS order_amount,
    SUM(oi.quantity) AS total_items
FROM `raw`.`stg_orders` o
JOIN `raw`.`stg_order_items` oi
ON o.order_id = oi.order_id
GROUP BY
    o.order_id,
    o.customer_id,
    o.order_date,
    o.status
          )
        
        ...
[0m18:56:36.629433 [debug] [Thread-1 (]: dbt_clickhouse adapter: SQL status: OK in 0.01 seconds
[0m18:56:36.630554 [debug] [Thread-4 (]: dbt_clickhouse adapter: SQL status: OK in 0.01 seconds
[0m18:56:36.691897 [debug] [Thread-1 (]: dbt_clickhouse adapter: On model.analytics.fct_orders: /* {"app": "dbt", "dbt_version": "1.12.2", "profile_name": "analytics", "target_name": "dev", "node_id": "model.analytics.fct_orders"} */

    select name, type from system.columns where table = 'fct_orders__dbt_backup'
    
      and database = 'raw'
    
    order by position
  ...
[0m18:56:36.689405 [debug] [Thread-4 (]: dbt_clickhouse adapter: On model.analytics.sales_by_category: /* {"app": "dbt", "dbt_version": "1.12.2", "profile_name": "analytics", "target_name": "dev", "node_id": "model.analytics.sales_by_category"} */

    select name, type from system.columns where table = 'sales_by_category__dbt_backup'
    
      and database = 'raw'
    
    order by position
  ...
[0m18:56:36.699468 [debug] [Thread-1 (]: dbt_clickhouse adapter: SQL status: OK in 0.01 seconds
[0m18:56:36.701223 [debug] [Thread-4 (]: dbt_clickhouse adapter: SQL status: OK in 0.01 seconds
[0m18:56:36.709009 [debug] [Thread-1 (]: Writing runtime sql for node "model.analytics.fct_orders"
[0m18:56:36.712529 [debug] [Thread-4 (]: Writing runtime sql for node "model.analytics.sales_by_category"
[0m18:56:36.726672 [debug] [Thread-1 (]: dbt_clickhouse adapter: On model.analytics.fct_orders: /* {"app": "dbt", "dbt_version": "1.12.2", "profile_name": "analytics", "target_name": "dev", "node_id": "model.analytics.fct_orders"} */

  
    
    
    
        
         


        insert into `raw`.`fct_orders__dbt_backup`
        ("order_id", "customer_id", "order_date", "status", "order_amount", "total_items")SELECT 
    o.order_id,
    o.customer_id,
    o.order_date,
    o.status,
    SUM(oi.total_amount) AS order_amount,
    SUM(oi.quantity) AS total_items
FROM `raw`.`stg_orders` o
JOIN `raw`.`stg_order_items` oi
ON o.order_id = oi.order_id
GROUP BY
    o.order_id,
    o.customer_id,
    o.order_date,
    o.status
  ...
[0m18:56:36.733344 [debug] [Thread-4 (]: dbt_clickhouse adapter: On model.analytics.sales_by_category: /* {"app": "dbt", "dbt_version": "1.12.2", "profile_name": "analytics", "target_name": "dev", "node_id": "model.analytics.sales_by_category"} */

  
    
    
    
        
         


        insert into `raw`.`sales_by_category__dbt_backup`
        ("category", "revenue", "items_sold", "orders_count")SELECT
    p.category,
    SUM(oi.total_amount) AS revenue,
    SUM(oi.quantity) AS items_sold,
    COUNT(DISTINCT o.order_id) AS orders_count
FROM `raw`.`stg_order_items` oi
JOIN `raw`.`stg_orders` o
    ON oi.order_id = o.order_id
JOIN `raw`.`stg_products` p
    ON oi.product_id = p.product_id
WHERE o.status = 'completed'
GROUP BY p.category
ORDER BY revenue DESC
  ...
[0m18:56:41.101828 [debug] [Thread-4 (]: dbt_clickhouse adapter: SQL status: OK in 4.36 seconds
[0m18:56:41.116270 [debug] [Thread-4 (]: dbt_clickhouse adapter: On model.analytics.sales_by_category: /* {"app": "dbt", "dbt_version": "1.12.2", "profile_name": "analytics", "target_name": "dev", "node_id": "model.analytics.sales_by_category"} */
EXCHANGE TABLES `raw`.`sales_by_category__dbt_backup` AND `raw`.`sales_by_category` 
  
  ...
[0m18:56:41.121699 [debug] [Thread-4 (]: dbt_clickhouse adapter: SQL status: OK in 0.00 seconds
[0m18:56:41.140911 [debug] [Thread-4 (]: dbt_clickhouse adapter: On model.analytics.sales_by_category: /* {"app": "dbt", "dbt_version": "1.12.2", "profile_name": "analytics", "target_name": "dev", "node_id": "model.analytics.sales_by_category"} */
drop table if exists `raw`.`sales_by_category__dbt_backup` 
  ...
[0m18:56:41.163301 [debug] [Thread-4 (]: dbt_clickhouse adapter: SQL status: OK in 0.00 seconds
[0m18:56:41.175938 [debug] [Thread-4 (]: Sending event: {'category': 'dbt', 'action': 'run_model', 'label': 'f512f291-7c99-413a-8346-029a3b8f30ff', 'context': [<snowplow_tracker.self_describing_json.SelfDescribingJson object at 0x7e453b281e80>]}
[0m18:56:41.199770 [info ] [Thread-4 (]: 6 of 7 OK created sql table model `raw`.`sales_by_category` .................... [[32mOK[0m in 4.73s]
[0m18:56:41.210103 [debug] [Thread-4 (]: Finished running node model.analytics.sales_by_category
[0m18:56:41.261771 [debug] [Thread-1 (]: dbt_clickhouse adapter: SQL status: OK in 4.53 seconds
[0m18:56:41.266679 [debug] [Thread-1 (]: dbt_clickhouse adapter: On model.analytics.fct_orders: /* {"app": "dbt", "dbt_version": "1.12.2", "profile_name": "analytics", "target_name": "dev", "node_id": "model.analytics.fct_orders"} */
EXCHANGE TABLES `raw`.`fct_orders__dbt_backup` AND `raw`.`fct_orders` 
  
  ...
[0m18:56:41.270481 [debug] [Thread-1 (]: dbt_clickhouse adapter: SQL status: OK in 0.00 seconds
[0m18:56:41.288278 [debug] [Thread-1 (]: dbt_clickhouse adapter: On model.analytics.fct_orders: /* {"app": "dbt", "dbt_version": "1.12.2", "profile_name": "analytics", "target_name": "dev", "node_id": "model.analytics.fct_orders"} */
drop table if exists `raw`.`fct_orders__dbt_backup` 
  ...
[0m18:56:41.292277 [debug] [Thread-1 (]: dbt_clickhouse adapter: SQL status: OK in 0.00 seconds
[0m18:56:41.306117 [debug] [Thread-1 (]: Sending event: {'category': 'dbt', 'action': 'run_model', 'label': 'f512f291-7c99-413a-8346-029a3b8f30ff', 'context': [<snowplow_tracker.self_describing_json.SelfDescribingJson object at 0x7e453b36afc0>]}
[0m18:56:41.313370 [info ] [Thread-1 (]: 5 of 7 OK created sql table model `raw`.`fct_orders` ........................... [[32mOK[0m in 4.86s]
[0m18:56:41.317611 [debug] [Thread-1 (]: Finished running node model.analytics.fct_orders
[0m18:56:41.320072 [debug] [Thread-3 (]: Began running node model.analytics.sales_daily
[0m18:56:41.321535 [info ] [Thread-3 (]: 7 of 7 START sql table model `raw`.`sales_daily` ............................... [RUN]
[0m18:56:41.323566 [debug] [Thread-3 (]: Re-using an available connection from the pool (formerly model.analytics.stg_orders, now model.analytics.sales_daily)
[0m18:56:41.329421 [debug] [Thread-3 (]: Began compiling node model.analytics.sales_daily
[0m18:56:41.334480 [debug] [Thread-3 (]: Writing injected SQL for node "model.analytics.sales_daily"
[0m18:56:41.389141 [debug] [Thread-3 (]: Began executing node model.analytics.sales_daily
[0m18:56:41.399565 [debug] [Thread-3 (]: dbt_clickhouse adapter: On model.analytics.sales_daily: /* {"app": "dbt", "dbt_version": "1.12.2", "profile_name": "analytics", "target_name": "dev", "node_id": "model.analytics.sales_daily"} */

            

    
        create table `raw`.`sales_daily__dbt_backup`
        
  
        
  engine = MergeTree()
        
      order by (tuple())
        
        
        
        
                    -- end_of_sql
                    SETTINGS replicated_deduplication_window='0'

                    
            empty
          as (
            SELECT
    toDate(order_date) AS sale_date,
    COUNT(*) AS orders_count,
    SUM(order_amount) AS revenue,
    SUM(total_items) AS items_sold
FROM `raw`.`fct_orders`
WHERE status = 'completed'
GROUP BY toDate(order_date)
ORDER BY toDate(order_date)
          )
        
        ...
[0m18:56:41.413211 [debug] [Thread-3 (]: dbt_clickhouse adapter: SQL status: OK in 0.01 seconds
[0m18:56:41.416928 [debug] [Thread-3 (]: dbt_clickhouse adapter: On model.analytics.sales_daily: /* {"app": "dbt", "dbt_version": "1.12.2", "profile_name": "analytics", "target_name": "dev", "node_id": "model.analytics.sales_daily"} */

    select name, type from system.columns where table = 'sales_daily__dbt_backup'
    
      and database = 'raw'
    
    order by position
  ...
[0m18:56:41.422234 [debug] [Thread-3 (]: dbt_clickhouse adapter: SQL status: OK in 0.00 seconds
[0m18:56:41.426799 [debug] [Thread-3 (]: Writing runtime sql for node "model.analytics.sales_daily"
[0m18:56:41.441488 [debug] [Thread-3 (]: dbt_clickhouse adapter: On model.analytics.sales_daily: /* {"app": "dbt", "dbt_version": "1.12.2", "profile_name": "analytics", "target_name": "dev", "node_id": "model.analytics.sales_daily"} */

  
    
    
    
        
         


        insert into `raw`.`sales_daily__dbt_backup`
        ("sale_date", "orders_count", "revenue", "items_sold")SELECT
    toDate(order_date) AS sale_date,
    COUNT(*) AS orders_count,
    SUM(order_amount) AS revenue,
    SUM(total_items) AS items_sold
FROM `raw`.`fct_orders`
WHERE status = 'completed'
GROUP BY toDate(order_date)
ORDER BY toDate(order_date)
  ...
[0m18:56:41.510330 [debug] [Thread-3 (]: dbt_clickhouse adapter: SQL status: OK in 0.06 seconds
[0m18:56:41.513973 [debug] [Thread-3 (]: dbt_clickhouse adapter: On model.analytics.sales_daily: /* {"app": "dbt", "dbt_version": "1.12.2", "profile_name": "analytics", "target_name": "dev", "node_id": "model.analytics.sales_daily"} */
EXCHANGE TABLES `raw`.`sales_daily__dbt_backup` AND `raw`.`sales_daily` 
  
  ...
[0m18:56:41.517491 [debug] [Thread-3 (]: dbt_clickhouse adapter: SQL status: OK in 0.00 seconds
[0m18:56:41.525307 [debug] [Thread-3 (]: dbt_clickhouse adapter: On model.analytics.sales_daily: /* {"app": "dbt", "dbt_version": "1.12.2", "profile_name": "analytics", "target_name": "dev", "node_id": "model.analytics.sales_daily"} */
drop table if exists `raw`.`sales_daily__dbt_backup` 
  ...
[0m18:56:41.528533 [debug] [Thread-3 (]: dbt_clickhouse adapter: SQL status: OK in 0.00 seconds
[0m18:56:41.531839 [debug] [Thread-3 (]: Sending event: {'category': 'dbt', 'action': 'run_model', 'label': 'f512f291-7c99-413a-8346-029a3b8f30ff', 'context': [<snowplow_tracker.self_describing_json.SelfDescribingJson object at 0x7e453b4b01d0>]}
[0m18:56:41.533463 [info ] [Thread-3 (]: 7 of 7 OK created sql table model `raw`.`sales_daily` .......................... [[32mOK[0m in 0.21s]
[0m18:56:41.536056 [debug] [Thread-3 (]: Finished running node model.analytics.sales_daily
[0m18:56:41.540959 [debug] [MainThread]: Connection 'master' was properly closed.
[0m18:56:41.542010 [debug] [MainThread]: Connection 'model.analytics.fct_orders' was left open.
[0m18:56:41.542999 [debug] [MainThread]: On model.analytics.fct_orders: Close
[0m18:56:41.544140 [debug] [MainThread]: Connection 'model.analytics.stg_order_items' was left open.
[0m18:56:41.545254 [debug] [MainThread]: On model.analytics.stg_order_items: Close
[0m18:56:41.546285 [debug] [MainThread]: Connection 'model.analytics.sales_daily' was left open.
[0m18:56:41.547390 [debug] [MainThread]: On model.analytics.sales_daily: Close
[0m18:56:41.549488 [debug] [MainThread]: Connection 'model.analytics.sales_by_category' was left open.
[0m18:56:41.550714 [debug] [MainThread]: On model.analytics.sales_by_category: Close
[0m18:56:41.551804 [info ] [MainThread]: 
[0m18:56:41.552906 [info ] [MainThread]: Finished running 3 table models, 4 view models in 0 hours 0 minutes and 5.93 seconds (5.93s).
[0m18:56:41.555873 [debug] [MainThread]: Command end result
[0m18:56:41.646597 [debug] [MainThread]: Wrote artifact WritableManifest to /opt/airflow/dbt/target/manifest.json
[0m18:56:41.668110 [debug] [MainThread]: Wrote artifact SemanticManifest to /opt/airflow/dbt/target/semantic_manifest.json
[0m18:56:41.680014 [debug] [MainThread]: Wrote artifact OsiDocument to /opt/airflow/dbt/target/osi_document.json
[0m18:56:41.718097 [debug] [MainThread]: Wrote artifact RunExecutionResult to /opt/airflow/dbt/target/run_results.json
[0m18:56:41.719802 [info ] [MainThread]: 
[0m18:56:41.721703 [info ] [MainThread]: [32mCompleted successfully[0m
[0m18:56:41.724128 [info ] [MainThread]: 
[0m18:56:41.728723 [info ] [MainThread]: Done. PASS=7 WARN=0 ERROR=0 SKIP=0 NO-OP=0 REUSED=0 TOTAL=7
[0m18:56:41.733788 [debug] [MainThread]: Resource report: {"command_name": "run", "command_success": true, "command_wall_clock_time": 5.793127, "process_in_blocks": "0", "process_kernel_time": 0.559097, "process_mem_max_rss": "159656", "process_out_blocks": "0", "process_user_time": 5.48085}
[0m18:56:41.736410 [debug] [MainThread]: Command `dbt run` succeeded at 18:56:41.735033 after 5.79 seconds
[0m18:56:41.737933 [debug] [MainThread]: Sending event: {'category': 'dbt', 'action': 'invocation', 'label': 'end', 'context': [<snowplow_tracker.self_describing_json.SelfDescribingJson object at 0x7e453b6011f0>, <snowplow_tracker.self_describing_json.SelfDescribingJson object at 0x7e453c7c01d0>, <snowplow_tracker.self_describing_json.SelfDescribingJson object at 0x7e453d2c0530>]}
[0m18:56:41.739337 [debug] [MainThread]: Flushing usage events
[0m18:56:42.591371 [debug] [MainThread]: An error was encountered while trying to flush usage events
[0m18:56:47.780884 [debug] [MainThread]: Sending event: {'category': 'dbt', 'action': 'invocation', 'label': 'start', 'context': [<snowplow_tracker.self_describing_json.SelfDescribingJson object at 0x79f31a76b9e0>, <snowplow_tracker.self_describing_json.SelfDescribingJson object at 0x79f317fd4950>, <snowplow_tracker.self_describing_json.SelfDescribingJson object at 0x79f318b0dd90>]}


============================== 18:56:47.794733 | 2d34bece-5864-415e-8419-50b75d462291 ==============================
[0m18:56:47.794733 [info ] [MainThread]: Running with dbt=1.12.2
[0m18:56:47.797202 [debug] [MainThread]: running dbt with arguments {'write_json': 'True', 'warn_error_options': 'WarnErrorOptionsV2(error=[], warn=[], silence=[])', 'profiles_dir': '/opt/airflow/dbt', 'debug': 'False', 'introspect': 'True', 'cache_selected_only': 'False', 'use_colors': 'True', 'no_print': 'None', 'printer_width': '80', 'static_parser': 'True', 'maximum_seed_size_mib': '1', 'send_anonymous_usage_stats': 'True', 'log_cache_events': 'False', 'indirect_selection': 'eager', 'invocation_command': 'dbt test --project-dir /opt/airflow/dbt --profiles-dir /opt/airflow/dbt', 'quiet': 'False', 'hints_enabled': 'True', 'warn_error': 'None', 'empty': 'None', 'target_path': 'None', 'version_check': 'True', 'use_experimental_parser': 'False', 'fail_fast': 'False', 'partial_parse': 'True', 'log_format': 'default', 'log_path': '/opt/airflow/dbt/logs'}
[0m18:56:48.226266 [debug] [MainThread]: Sending event: {'category': 'dbt', 'action': 'project_id', 'label': '2d34bece-5864-415e-8419-50b75d462291', 'context': [<snowplow_tracker.self_describing_json.SelfDescribingJson object at 0x79f31765e540>]}
[0m18:56:48.366276 [debug] [MainThread]: Sending event: {'category': 'dbt', 'action': 'adapter_info', 'label': '2d34bece-5864-415e-8419-50b75d462291', 'context': [<snowplow_tracker.self_describing_json.SelfDescribingJson object at 0x79f3189e16a0>]}
[0m18:56:48.368627 [info ] [MainThread]: Registered adapter: clickhouse=1.9.3
[0m18:56:48.511001 [debug] [MainThread]: checksum: adba77356f91f81a11ee2fa729542f151b163d2280a76ec0a147e0b39f20e5da, vars: {}, profile: analytics, target: dev, version: 1.12.2
[0m18:56:48.792184 [debug] [MainThread]: Partial parsing enabled: 0 files deleted, 0 files added, 0 files changed.
[0m18:56:48.793271 [debug] [MainThread]: Nothing changed, skipping partial parsing.
[0m18:56:48.794272 [debug] [MainThread]: Partial parsing enabled, no changes found, skipping parsing
[0m18:56:48.810848 [debug] [MainThread]: Sending event: {'category': 'dbt', 'action': 'load_project', 'label': '2d34bece-5864-415e-8419-50b75d462291', 'context': [<snowplow_tracker.self_describing_json.SelfDescribingJson object at 0x79f317562690>]}
[0m18:56:49.049252 [debug] [MainThread]: Wrote artifact WritableManifest to /opt/airflow/dbt/target/manifest.json
[0m18:56:49.056153 [debug] [MainThread]: Wrote artifact SemanticManifest to /opt/airflow/dbt/target/semantic_manifest.json
[0m18:56:49.080540 [debug] [MainThread]: Wrote artifact OsiDocument to /opt/airflow/dbt/target/osi_document.json
[0m18:56:49.120718 [debug] [MainThread]: Sending event: {'category': 'dbt', 'action': 'resource_counts', 'label': '2d34bece-5864-415e-8419-50b75d462291', 'context': [<snowplow_tracker.self_describing_json.SelfDescribingJson object at 0x79f317051580>]}
[0m18:56:49.121936 [info ] [MainThread]: Found 7 models, 11 data tests, 4 sources, 521 macros
[0m18:56:49.123085 [debug] [MainThread]: Sending event: {'category': 'dbt', 'action': 'runnable_timing', 'label': '2d34bece-5864-415e-8419-50b75d462291', 'context': [<snowplow_tracker.self_describing_json.SelfDescribingJson object at 0x79f317143710>]}
[0m18:56:49.127595 [info ] [MainThread]: 
[0m18:56:49.129000 [info ] [MainThread]: Concurrency: 4 threads (target='dev')
[0m18:56:49.130518 [info ] [MainThread]: 
[0m18:56:49.132802 [debug] [MainThread]: Acquiring new clickhouse connection 'master'
[0m18:56:49.146066 [debug] [ThreadPool]: Acquiring new clickhouse connection 'list__raw'
[0m18:56:49.166228 [debug] [ThreadPool]: Opening a new connection, currently in state init
[0m18:56:49.401583 [debug] [ThreadPool]: dbt_clickhouse adapter: On list__raw: /* {"app": "dbt", "dbt_version": "1.12.2", "profile_name": "analytics", "target_name": "dev", "connection_name": "list__raw"} */
select
      t.name as name,
      t.database as schema,
      multiIf(
        engine in ('MaterializedView', 'View'), 'view',
        engine = 'Dictionary', 'dictionary',
        'table'
      ) as type,
      db.engine as db_engine,0 as is_on_cluster
          from system.tables as t join system.databases as db on t.database = db.name
        where schema = 'raw'
      

  ...
[0m18:56:49.407280 [debug] [ThreadPool]: dbt_clickhouse adapter: SQL status: OK in 0.00 seconds
[0m18:56:49.435877 [debug] [MainThread]: Sending event: {'category': 'dbt', 'action': 'runnable_timing', 'label': '2d34bece-5864-415e-8419-50b75d462291', 'context': [<snowplow_tracker.self_describing_json.SelfDescribingJson object at 0x79f317525fa0>]}
[0m18:56:49.443996 [debug] [Thread-1 (]: Began running node test.analytics.not_null_stg_customers_customer_id.e2cfb1f9aa
[0m18:56:49.444757 [debug] [Thread-2 (]: Began running node test.analytics.not_null_stg_order_items_order_id.2063801f96
[0m18:56:49.445556 [debug] [Thread-3 (]: Began running node test.analytics.not_null_stg_order_items_order_item_id.26a7e2bc35
[0m18:56:49.446888 [debug] [Thread-4 (]: Began running node test.analytics.not_null_stg_order_items_product_id.5154a8a6f6
[0m18:56:49.446342 [info ] [Thread-1 (]: 1 of 11 START test not_null_stg_customers_customer_id .......................... [RUN]
[0m18:56:49.447888 [info ] [Thread-2 (]: 2 of 11 START test not_null_stg_order_items_order_id ........................... [RUN]
[0m18:56:49.449069 [info ] [Thread-3 (]: 3 of 11 START test not_null_stg_order_items_order_item_id ...................... [RUN]
[0m18:56:49.450058 [info ] [Thread-4 (]: 4 of 11 START test not_null_stg_order_items_product_id ......................... [RUN]
[0m18:56:49.451131 [debug] [Thread-1 (]: Re-using an available connection from the pool (formerly list__raw, now test.analytics.not_null_stg_customers_customer_id.e2cfb1f9aa)
[0m18:56:49.452339 [debug] [Thread-2 (]: Acquiring new clickhouse connection 'test.analytics.not_null_stg_order_items_order_id.2063801f96'
[0m18:56:49.453628 [debug] [Thread-3 (]: Acquiring new clickhouse connection 'test.analytics.not_null_stg_order_items_order_item_id.26a7e2bc35'
[0m18:56:49.454613 [debug] [Thread-4 (]: Acquiring new clickhouse connection 'test.analytics.not_null_stg_order_items_product_id.5154a8a6f6'
[0m18:56:49.455525 [debug] [Thread-1 (]: Began compiling node test.analytics.not_null_stg_customers_customer_id.e2cfb1f9aa
[0m18:56:49.456549 [debug] [Thread-2 (]: Began compiling node test.analytics.not_null_stg_order_items_order_id.2063801f96
[0m18:56:49.457614 [debug] [Thread-3 (]: Began compiling node test.analytics.not_null_stg_order_items_order_item_id.26a7e2bc35
[0m18:56:49.458550 [debug] [Thread-4 (]: Began compiling node test.analytics.not_null_stg_order_items_product_id.5154a8a6f6
[0m18:56:49.608816 [debug] [Thread-2 (]: Writing injected SQL for node "test.analytics.not_null_stg_order_items_order_id.2063801f96"
[0m18:56:49.621949 [debug] [Thread-3 (]: Writing injected SQL for node "test.analytics.not_null_stg_order_items_order_item_id.26a7e2bc35"
[0m18:56:49.632192 [debug] [Thread-1 (]: Writing injected SQL for node "test.analytics.not_null_stg_customers_customer_id.e2cfb1f9aa"
[0m18:56:49.633699 [debug] [Thread-4 (]: Writing injected SQL for node "test.analytics.not_null_stg_order_items_product_id.5154a8a6f6"
[0m18:56:49.655558 [debug] [Thread-3 (]: Began executing node test.analytics.not_null_stg_order_items_order_item_id.26a7e2bc35
[0m18:56:49.686057 [debug] [Thread-2 (]: Began executing node test.analytics.not_null_stg_order_items_order_id.2063801f96
[0m18:56:49.692835 [debug] [Thread-4 (]: Began executing node test.analytics.not_null_stg_order_items_product_id.5154a8a6f6
[0m18:56:49.693884 [debug] [Thread-1 (]: Began executing node test.analytics.not_null_stg_customers_customer_id.e2cfb1f9aa
[0m18:56:49.704143 [debug] [Thread-3 (]: Writing runtime sql for node "test.analytics.not_null_stg_order_items_order_item_id.26a7e2bc35"
[0m18:56:49.707218 [debug] [Thread-2 (]: Writing runtime sql for node "test.analytics.not_null_stg_order_items_order_id.2063801f96"
[0m18:56:49.710799 [debug] [Thread-4 (]: Writing runtime sql for node "test.analytics.not_null_stg_order_items_product_id.5154a8a6f6"
[0m18:56:49.714933 [debug] [Thread-1 (]: Writing runtime sql for node "test.analytics.not_null_stg_customers_customer_id.e2cfb1f9aa"
[0m18:56:49.731419 [debug] [Thread-1 (]: dbt_clickhouse adapter: On test.analytics.not_null_stg_customers_customer_id.e2cfb1f9aa: /* {"app": "dbt", "dbt_version": "1.12.2", "profile_name": "analytics", "target_name": "dev", "node_id": "test.analytics.not_null_stg_customers_customer_id.e2cfb1f9aa"} */

    
    
    select
      count(*) as failures,
      count(*) != 0 as should_warn,
      count(*) != 0 as should_error
    from (
      
    
  
    
    



select customer_id
from `raw`.`stg_customers`
where customer_id is null



  
  
    ) dbt_internal_test...
[0m18:56:49.735989 [debug] [Thread-2 (]: Opening a new connection, currently in state init
[0m18:56:49.747602 [debug] [Thread-3 (]: Opening a new connection, currently in state init
[0m18:56:49.775048 [debug] [Thread-1 (]: dbt_clickhouse adapter: SQL status: OK in 0.03 seconds
[0m18:56:49.775852 [debug] [Thread-4 (]: Opening a new connection, currently in state init
[0m18:56:49.783579 [info ] [Thread-1 (]: 1 of 11 PASS not_null_stg_customers_customer_id ................................ [[32mPASS[0m in 0.33s]
[0m18:56:49.795451 [debug] [Thread-1 (]: Finished running node test.analytics.not_null_stg_customers_customer_id.e2cfb1f9aa
[0m18:56:49.797134 [debug] [Thread-1 (]: Began running node test.analytics.not_null_stg_orders_customer_id.af79d5e4b5
[0m18:56:49.799165 [info ] [Thread-1 (]: 5 of 11 START test not_null_stg_orders_customer_id ............................. [RUN]
[0m18:56:49.800777 [debug] [Thread-1 (]: Re-using an available connection from the pool (formerly test.analytics.not_null_stg_customers_customer_id.e2cfb1f9aa, now test.analytics.not_null_stg_orders_customer_id.af79d5e4b5)
[0m18:56:49.803234 [debug] [Thread-1 (]: Began compiling node test.analytics.not_null_stg_orders_customer_id.af79d5e4b5
[0m18:56:49.815590 [debug] [Thread-1 (]: Writing injected SQL for node "test.analytics.not_null_stg_orders_customer_id.af79d5e4b5"
[0m18:56:49.839713 [debug] [Thread-1 (]: Began executing node test.analytics.not_null_stg_orders_customer_id.af79d5e4b5
[0m18:56:49.844122 [debug] [Thread-1 (]: Writing runtime sql for node "test.analytics.not_null_stg_orders_customer_id.af79d5e4b5"
[0m18:56:49.850806 [debug] [Thread-2 (]: dbt_clickhouse adapter: On test.analytics.not_null_stg_order_items_order_id.2063801f96: /* {"app": "dbt", "dbt_version": "1.12.2", "profile_name": "analytics", "target_name": "dev", "node_id": "test.analytics.not_null_stg_order_items_order_id.2063801f96"} */

    
    
    select
      count(*) as failures,
      count(*) != 0 as should_warn,
      count(*) != 0 as should_error
    from (
      
    
  
    
    



select order_id
from `raw`.`stg_order_items`
where order_id is null



  
  
    ) dbt_internal_test...
[0m18:56:49.854908 [debug] [Thread-3 (]: dbt_clickhouse adapter: On test.analytics.not_null_stg_order_items_order_item_id.26a7e2bc35: /* {"app": "dbt", "dbt_version": "1.12.2", "profile_name": "analytics", "target_name": "dev", "node_id": "test.analytics.not_null_stg_order_items_order_item_id.26a7e2bc35"} */

    
    
    select
      count(*) as failures,
      count(*) != 0 as should_warn,
      count(*) != 0 as should_error
    from (
      
    
  
    
    



select order_item_id
from `raw`.`stg_order_items`
where order_item_id is null



  
  
    ) dbt_internal_test...
[0m18:56:49.859849 [debug] [Thread-2 (]: dbt_clickhouse adapter: SQL status: OK in 0.01 seconds
[0m18:56:49.864583 [info ] [Thread-2 (]: 2 of 11 PASS not_null_stg_order_items_order_id ................................. [[32mPASS[0m in 0.41s]
[0m18:56:49.867960 [debug] [Thread-2 (]: Finished running node test.analytics.not_null_stg_order_items_order_id.2063801f96
[0m18:56:49.869033 [debug] [Thread-3 (]: dbt_clickhouse adapter: SQL status: OK in 0.01 seconds
[0m18:56:49.870356 [debug] [Thread-2 (]: Began running node test.analytics.not_null_stg_orders_order_id.81cfe2fe64
[0m18:56:49.874687 [info ] [Thread-3 (]: 3 of 11 PASS not_null_stg_order_items_order_item_id ............................ [[32mPASS[0m in 0.42s]
[0m18:56:49.878049 [debug] [Thread-1 (]: dbt_clickhouse adapter: On test.analytics.not_null_stg_orders_customer_id.af79d5e4b5: /* {"app": "dbt", "dbt_version": "1.12.2", "profile_name": "analytics", "target_name": "dev", "node_id": "test.analytics.not_null_stg_orders_customer_id.af79d5e4b5"} */

    
    
    select
      count(*) as failures,
      count(*) != 0 as should_warn,
      count(*) != 0 as should_error
    from (
      
    
  
    
    



select customer_id
from `raw`.`stg_orders`
where customer_id is null



  
  
    ) dbt_internal_test...
[0m18:56:49.878932 [info ] [Thread-2 (]: 6 of 11 START test not_null_stg_orders_order_id ................................ [RUN]
[0m18:56:49.881407 [debug] [Thread-3 (]: Finished running node test.analytics.not_null_stg_order_items_order_item_id.26a7e2bc35
[0m18:56:49.883398 [debug] [Thread-2 (]: Re-using an available connection from the pool (formerly test.analytics.not_null_stg_order_items_order_id.2063801f96, now test.analytics.not_null_stg_orders_order_id.81cfe2fe64)
[0m18:56:49.885061 [debug] [Thread-3 (]: Began running node test.analytics.not_null_stg_products_product_id.6373b0acf3
[0m18:56:49.886966 [debug] [Thread-2 (]: Began compiling node test.analytics.not_null_stg_orders_order_id.81cfe2fe64
[0m18:56:49.889268 [info ] [Thread-3 (]: 7 of 11 START test not_null_stg_products_product_id ............................ [RUN]
[0m18:56:49.892439 [debug] [Thread-1 (]: dbt_clickhouse adapter: SQL status: OK in 0.01 seconds
[0m18:56:49.893790 [debug] [Thread-4 (]: dbt_clickhouse adapter: On test.analytics.not_null_stg_order_items_product_id.5154a8a6f6: /* {"app": "dbt", "dbt_version": "1.12.2", "profile_name": "analytics", "target_name": "dev", "node_id": "test.analytics.not_null_stg_order_items_product_id.5154a8a6f6"} */

    
    
    select
      count(*) as failures,
      count(*) != 0 as should_warn,
      count(*) != 0 as should_error
    from (
      
    
  
    
    



select product_id
from `raw`.`stg_order_items`
where product_id is null



  
  
    ) dbt_internal_test...
[0m18:56:49.905894 [debug] [Thread-3 (]: Re-using an available connection from the pool (formerly test.analytics.not_null_stg_order_items_order_item_id.26a7e2bc35, now test.analytics.not_null_stg_products_product_id.6373b0acf3)
[0m18:56:49.911525 [debug] [Thread-2 (]: Writing injected SQL for node "test.analytics.not_null_stg_orders_order_id.81cfe2fe64"
[0m18:56:49.915301 [info ] [Thread-1 (]: 5 of 11 PASS not_null_stg_orders_customer_id ................................... [[32mPASS[0m in 0.11s]
[0m18:56:49.917731 [debug] [Thread-3 (]: Began compiling node test.analytics.not_null_stg_products_product_id.6373b0acf3
[0m18:56:49.922404 [debug] [Thread-1 (]: Finished running node test.analytics.not_null_stg_orders_customer_id.af79d5e4b5
[0m18:56:49.925533 [debug] [Thread-4 (]: dbt_clickhouse adapter: SQL status: OK in 0.01 seconds
[0m18:56:49.943461 [debug] [Thread-1 (]: Began running node test.analytics.unique_stg_customers_customer_id.c7614daada
[0m18:56:49.949732 [debug] [Thread-3 (]: Writing injected SQL for node "test.analytics.not_null_stg_products_product_id.6373b0acf3"
[0m18:56:49.953885 [info ] [Thread-4 (]: 4 of 11 PASS not_null_stg_order_items_product_id ............................... [[32mPASS[0m in 0.50s]
[0m18:56:49.955534 [info ] [Thread-1 (]: 8 of 11 START test unique_stg_customers_customer_id ............................ [RUN]
[0m18:56:49.957750 [debug] [Thread-2 (]: Began executing node test.analytics.not_null_stg_orders_order_id.81cfe2fe64
[0m18:56:49.959993 [debug] [Thread-4 (]: Finished running node test.analytics.not_null_stg_order_items_product_id.5154a8a6f6
[0m18:56:49.961999 [debug] [Thread-1 (]: Re-using an available connection from the pool (formerly test.analytics.not_null_stg_orders_customer_id.af79d5e4b5, now test.analytics.unique_stg_customers_customer_id.c7614daada)
[0m18:56:49.966694 [debug] [Thread-2 (]: Writing runtime sql for node "test.analytics.not_null_stg_orders_order_id.81cfe2fe64"
[0m18:56:49.967912 [debug] [Thread-4 (]: Began running node test.analytics.unique_stg_order_items_order_item_id.90e333a108
[0m18:56:49.969353 [debug] [Thread-1 (]: Began compiling node test.analytics.unique_stg_customers_customer_id.c7614daada
[0m18:56:49.971055 [debug] [Thread-3 (]: Began executing node test.analytics.not_null_stg_products_product_id.6373b0acf3
[0m18:56:49.971926 [info ] [Thread-4 (]: 9 of 11 START test unique_stg_order_items_order_item_id ........................ [RUN]
[0m18:56:49.988713 [debug] [Thread-3 (]: Writing runtime sql for node "test.analytics.not_null_stg_products_product_id.6373b0acf3"
[0m18:56:50.009191 [debug] [Thread-1 (]: Writing injected SQL for node "test.analytics.unique_stg_customers_customer_id.c7614daada"
[0m18:56:50.019189 [debug] [Thread-4 (]: Re-using an available connection from the pool (formerly test.analytics.not_null_stg_order_items_product_id.5154a8a6f6, now test.analytics.unique_stg_order_items_order_item_id.90e333a108)
[0m18:56:50.027437 [debug] [Thread-4 (]: Began compiling node test.analytics.unique_stg_order_items_order_item_id.90e333a108
[0m18:56:50.052956 [debug] [Thread-2 (]: dbt_clickhouse adapter: On test.analytics.not_null_stg_orders_order_id.81cfe2fe64: /* {"app": "dbt", "dbt_version": "1.12.2", "profile_name": "analytics", "target_name": "dev", "node_id": "test.analytics.not_null_stg_orders_order_id.81cfe2fe64"} */

    
    
    select
      count(*) as failures,
      count(*) != 0 as should_warn,
      count(*) != 0 as should_error
    from (
      
    
  
    
    



select order_id
from `raw`.`stg_orders`
where order_id is null



  
  
    ) dbt_internal_test...
[0m18:56:50.056758 [debug] [Thread-4 (]: Writing injected SQL for node "test.analytics.unique_stg_order_items_order_item_id.90e333a108"
[0m18:56:50.059716 [debug] [Thread-3 (]: dbt_clickhouse adapter: On test.analytics.not_null_stg_products_product_id.6373b0acf3: /* {"app": "dbt", "dbt_version": "1.12.2", "profile_name": "analytics", "target_name": "dev", "node_id": "test.analytics.not_null_stg_products_product_id.6373b0acf3"} */

    
    
    select
      count(*) as failures,
      count(*) != 0 as should_warn,
      count(*) != 0 as should_error
    from (
      
    
  
    
    



select product_id
from `raw`.`stg_products`
where product_id is null



  
  
    ) dbt_internal_test...
[0m18:56:50.068512 [debug] [Thread-2 (]: dbt_clickhouse adapter: SQL status: OK in 0.01 seconds
[0m18:56:50.079789 [debug] [Thread-1 (]: Began executing node test.analytics.unique_stg_customers_customer_id.c7614daada
[0m18:56:50.083297 [info ] [Thread-2 (]: 6 of 11 PASS not_null_stg_orders_order_id ...................................... [[32mPASS[0m in 0.20s]
[0m18:56:50.085017 [debug] [Thread-3 (]: dbt_clickhouse adapter: SQL status: OK in 0.01 seconds
[0m18:56:50.090407 [debug] [Thread-1 (]: Writing runtime sql for node "test.analytics.unique_stg_customers_customer_id.c7614daada"
[0m18:56:50.095105 [debug] [Thread-2 (]: Finished running node test.analytics.not_null_stg_orders_order_id.81cfe2fe64
[0m18:56:50.098832 [info ] [Thread-3 (]: 7 of 11 PASS not_null_stg_products_product_id .................................. [[32mPASS[0m in 0.19s]
[0m18:56:50.099885 [debug] [Thread-4 (]: Began executing node test.analytics.unique_stg_order_items_order_item_id.90e333a108
[0m18:56:50.112222 [debug] [Thread-2 (]: Began running node test.analytics.unique_stg_orders_order_id.e3b841c71a
[0m18:56:50.119462 [debug] [Thread-3 (]: Finished running node test.analytics.not_null_stg_products_product_id.6373b0acf3
[0m18:56:50.125523 [debug] [Thread-4 (]: Writing runtime sql for node "test.analytics.unique_stg_order_items_order_item_id.90e333a108"
[0m18:56:50.127694 [info ] [Thread-2 (]: 10 of 11 START test unique_stg_orders_order_id ................................. [RUN]
[0m18:56:50.133934 [debug] [Thread-3 (]: Began running node test.analytics.unique_stg_products_product_id.7d950a1467
[0m18:56:50.153362 [debug] [Thread-2 (]: Re-using an available connection from the pool (formerly test.analytics.not_null_stg_orders_order_id.81cfe2fe64, now test.analytics.unique_stg_orders_order_id.e3b841c71a)
[0m18:56:50.175571 [info ] [Thread-3 (]: 11 of 11 START test unique_stg_products_product_id ............................. [RUN]
[0m18:56:50.187203 [debug] [Thread-3 (]: Re-using an available connection from the pool (formerly test.analytics.not_null_stg_products_product_id.6373b0acf3, now test.analytics.unique_stg_products_product_id.7d950a1467)
[0m18:56:50.191841 [debug] [Thread-3 (]: Began compiling node test.analytics.unique_stg_products_product_id.7d950a1467
[0m18:56:50.184791 [debug] [Thread-2 (]: Began compiling node test.analytics.unique_stg_orders_order_id.e3b841c71a
[0m18:56:50.231445 [debug] [Thread-4 (]: dbt_clickhouse adapter: On test.analytics.unique_stg_order_items_order_item_id.90e333a108: /* {"app": "dbt", "dbt_version": "1.12.2", "profile_name": "analytics", "target_name": "dev", "node_id": "test.analytics.unique_stg_order_items_order_item_id.90e333a108"} */

    
    
    select
      count(*) as failures,
      count(*) != 0 as should_warn,
      count(*) != 0 as should_error
    from (
      
    
  
    
    

select
    order_item_id as unique_field,
    count(*) as n_records

from `raw`.`stg_order_items`
where order_item_id is not null
group by order_item_id
having count(*) > 1



  
  
    ) dbt_internal_test...
[0m18:56:50.249056 [debug] [Thread-3 (]: Writing injected SQL for node "test.analytics.unique_stg_products_product_id.7d950a1467"
[0m18:56:50.267978 [debug] [Thread-2 (]: Writing injected SQL for node "test.analytics.unique_stg_orders_order_id.e3b841c71a"
[0m18:56:50.295967 [debug] [Thread-1 (]: dbt_clickhouse adapter: On test.analytics.unique_stg_customers_customer_id.c7614daada: /* {"app": "dbt", "dbt_version": "1.12.2", "profile_name": "analytics", "target_name": "dev", "node_id": "test.analytics.unique_stg_customers_customer_id.c7614daada"} */

    
    
    select
      count(*) as failures,
      count(*) != 0 as should_warn,
      count(*) != 0 as should_error
    from (
      
    
  
    
    

select
    customer_id as unique_field,
    count(*) as n_records

from `raw`.`stg_customers`
where customer_id is not null
group by customer_id
having count(*) > 1



  
  
    ) dbt_internal_test...
[0m18:56:50.336868 [debug] [Thread-2 (]: Began executing node test.analytics.unique_stg_orders_order_id.e3b841c71a
[0m18:56:50.352735 [debug] [Thread-2 (]: Writing runtime sql for node "test.analytics.unique_stg_orders_order_id.e3b841c71a"
[0m18:56:50.378169 [debug] [Thread-3 (]: Began executing node test.analytics.unique_stg_products_product_id.7d950a1467
[0m18:56:50.387166 [debug] [Thread-3 (]: Writing runtime sql for node "test.analytics.unique_stg_products_product_id.7d950a1467"
[0m18:56:50.408340 [debug] [Thread-2 (]: dbt_clickhouse adapter: On test.analytics.unique_stg_orders_order_id.e3b841c71a: /* {"app": "dbt", "dbt_version": "1.12.2", "profile_name": "analytics", "target_name": "dev", "node_id": "test.analytics.unique_stg_orders_order_id.e3b841c71a"} */

    
    
    select
      count(*) as failures,
      count(*) != 0 as should_warn,
      count(*) != 0 as should_error
    from (
      
    
  
    
    

select
    order_id as unique_field,
    count(*) as n_records

from `raw`.`stg_orders`
where order_id is not null
group by order_id
having count(*) > 1



  
  
    ) dbt_internal_test...
[0m18:56:50.421402 [debug] [Thread-3 (]: dbt_clickhouse adapter: On test.analytics.unique_stg_products_product_id.7d950a1467: /* {"app": "dbt", "dbt_version": "1.12.2", "profile_name": "analytics", "target_name": "dev", "node_id": "test.analytics.unique_stg_products_product_id.7d950a1467"} */

    
    
    select
      count(*) as failures,
      count(*) != 0 as should_warn,
      count(*) != 0 as should_error
    from (
      
    
  
    
    

select
    product_id as unique_field,
    count(*) as n_records

from `raw`.`stg_products`
where product_id is not null
group by product_id
having count(*) > 1



  
  
    ) dbt_internal_test...
[0m18:56:50.450919 [debug] [Thread-1 (]: dbt_clickhouse adapter: SQL status: OK in 0.15 seconds
[0m18:56:50.462235 [info ] [Thread-1 (]: 8 of 11 PASS unique_stg_customers_customer_id .................................. [[32mPASS[0m in 0.50s]
[0m18:56:50.464720 [debug] [Thread-1 (]: Finished running node test.analytics.unique_stg_customers_customer_id.c7614daada
[0m18:56:50.505063 [debug] [Thread-3 (]: dbt_clickhouse adapter: SQL status: OK in 0.07 seconds
[0m18:56:50.521321 [info ] [Thread-3 (]: 11 of 11 PASS unique_stg_products_product_id ................................... [[32mPASS[0m in 0.33s]
[0m18:56:50.532668 [debug] [Thread-3 (]: Finished running node test.analytics.unique_stg_products_product_id.7d950a1467
[0m18:56:51.210033 [debug] [Thread-2 (]: dbt_clickhouse adapter: SQL status: OK in 0.79 seconds
[0m18:56:51.232584 [info ] [Thread-2 (]: 10 of 11 PASS unique_stg_orders_order_id ....................................... [[32mPASS[0m in 1.08s]
[0m18:56:51.236334 [debug] [Thread-2 (]: Finished running node test.analytics.unique_stg_orders_order_id.e3b841c71a
[0m18:56:51.628957 [debug] [Thread-4 (]: dbt_clickhouse adapter: SQL status: OK in 1.38 seconds
[0m18:56:51.632495 [info ] [Thread-4 (]: 9 of 11 PASS unique_stg_order_items_order_item_id .............................. [[32mPASS[0m in 1.61s]
[0m18:56:51.634282 [debug] [Thread-4 (]: Finished running node test.analytics.unique_stg_order_items_order_item_id.90e333a108
[0m18:56:51.638559 [debug] [MainThread]: Connection 'master' was properly closed.
[0m18:56:51.640099 [debug] [MainThread]: Connection 'test.analytics.unique_stg_customers_customer_id.c7614daada' was left open.
[0m18:56:51.641357 [debug] [MainThread]: On test.analytics.unique_stg_customers_customer_id.c7614daada: Close
[0m18:56:51.642597 [debug] [MainThread]: Connection 'test.analytics.unique_stg_orders_order_id.e3b841c71a' was left open.
[0m18:56:51.643668 [debug] [MainThread]: On test.analytics.unique_stg_orders_order_id.e3b841c71a: Close
[0m18:56:51.645856 [debug] [MainThread]: Connection 'test.analytics.unique_stg_products_product_id.7d950a1467' was left open.
[0m18:56:51.648851 [debug] [MainThread]: On test.analytics.unique_stg_products_product_id.7d950a1467: Close
[0m18:56:51.650131 [debug] [MainThread]: Connection 'test.analytics.unique_stg_order_items_order_item_id.90e333a108' was left open.
[0m18:56:51.656889 [debug] [MainThread]: On test.analytics.unique_stg_order_items_order_item_id.90e333a108: Close
[0m18:56:51.658716 [info ] [MainThread]: 
[0m18:56:51.661470 [info ] [MainThread]: Finished running 11 data tests in 0 hours 0 minutes and 2.53 seconds (2.53s).
[0m18:56:51.667460 [debug] [MainThread]: Command end result
[0m18:56:51.827644 [debug] [MainThread]: Wrote artifact WritableManifest to /opt/airflow/dbt/target/manifest.json
[0m18:56:51.846009 [debug] [MainThread]: Wrote artifact SemanticManifest to /opt/airflow/dbt/target/semantic_manifest.json
[0m18:56:51.858109 [debug] [MainThread]: Wrote artifact OsiDocument to /opt/airflow/dbt/target/osi_document.json
[0m18:56:51.889871 [debug] [MainThread]: Wrote artifact RunExecutionResult to /opt/airflow/dbt/target/run_results.json
[0m18:56:51.894118 [info ] [MainThread]: 
[0m18:56:51.896400 [info ] [MainThread]: [32mCompleted successfully[0m
[0m18:56:51.900120 [info ] [MainThread]: 
[0m18:56:51.901885 [info ] [MainThread]: Done. PASS=11 WARN=0 ERROR=0 SKIP=0 NO-OP=0 REUSED=0 TOTAL=11
[0m18:56:51.903911 [debug] [MainThread]: Resource report: {"command_name": "test", "command_success": true, "command_wall_clock_time": 4.2970104, "process_in_blocks": "704", "process_kernel_time": 0.608332, "process_mem_max_rss": "160456", "process_out_blocks": "0", "process_user_time": 5.252218}
[0m18:56:51.908775 [debug] [MainThread]: Command `dbt test` succeeded at 18:56:51.908525 after 4.30 seconds
[0m18:56:51.910954 [debug] [MainThread]: Sending event: {'category': 'dbt', 'action': 'invocation', 'label': 'end', 'context': [<snowplow_tracker.self_describing_json.SelfDescribingJson object at 0x79f31717deb0>, <snowplow_tracker.self_describing_json.SelfDescribingJson object at 0x79f318453e90>, <snowplow_tracker.self_describing_json.SelfDescribingJson object at 0x79f318b48590>]}
[0m18:56:51.914825 [debug] [MainThread]: Flushing usage events
[0m18:56:52.534133 [debug] [MainThread]: An error was encountered while trying to flush usage events
[0m18:59:00.709431 [debug] [MainThread]: Sending event: {'category': 'dbt', 'action': 'invocation', 'label': 'start', 'context': [<snowplow_tracker.self_describing_json.SelfDescribingJson object at 0x7128c00ba8d0>, <snowplow_tracker.self_describing_json.SelfDescribingJson object at 0x7128be5d3fe0>, <snowplow_tracker.self_describing_json.SelfDescribingJson object at 0x7128be5d3a40>]}


============================== 18:59:00.716655 | 7c057bca-c75f-401b-ad35-0306f12f8013 ==============================
[0m18:59:00.716655 [info ] [MainThread]: Running with dbt=1.12.2
[0m18:59:00.717505 [debug] [MainThread]: running dbt with arguments {'hints_enabled': 'True', 'warn_error': 'None', 'fail_fast': 'False', 'quiet': 'False', 'cache_selected_only': 'False', 'version_check': 'True', 'printer_width': '80', 'send_anonymous_usage_stats': 'True', 'log_path': '/opt/airflow/dbt/logs', 'use_experimental_parser': 'False', 'warn_error_options': 'WarnErrorOptionsV2(error=[], warn=[], silence=[])', 'profiles_dir': '/opt/airflow/dbt', 'no_print': 'None', 'target_path': 'None', 'partial_parse': 'True', 'maximum_seed_size_mib': '1', 'empty': 'False', 'static_parser': 'True', 'indirect_selection': 'eager', 'use_colors': 'True', 'log_format': 'default', 'invocation_command': 'dbt run --project-dir /opt/airflow/dbt --profiles-dir /opt/airflow/dbt', 'log_cache_events': 'False', 'write_json': 'True', 'introspect': 'True', 'debug': 'False'}
[0m18:59:00.977849 [debug] [MainThread]: Sending event: {'category': 'dbt', 'action': 'project_id', 'label': '7c057bca-c75f-401b-ad35-0306f12f8013', 'context': [<snowplow_tracker.self_describing_json.SelfDescribingJson object at 0x7128c00408c0>]}
[0m18:59:01.134536 [debug] [MainThread]: Sending event: {'category': 'dbt', 'action': 'adapter_info', 'label': '7c057bca-c75f-401b-ad35-0306f12f8013', 'context': [<snowplow_tracker.self_describing_json.SelfDescribingJson object at 0x7128bcf49400>]}
[0m18:59:01.136470 [info ] [MainThread]: Registered adapter: clickhouse=1.9.3
[0m18:59:01.280177 [debug] [MainThread]: checksum: adba77356f91f81a11ee2fa729542f151b163d2280a76ec0a147e0b39f20e5da, vars: {}, profile: analytics, target: dev, version: 1.12.2
[0m18:59:01.512731 [debug] [MainThread]: Partial parsing enabled: 0 files deleted, 0 files added, 0 files changed.
[0m18:59:01.513985 [debug] [MainThread]: Nothing changed, skipping partial parsing.
[0m18:59:01.514854 [debug] [MainThread]: Partial parsing enabled, no changes found, skipping parsing
[0m18:59:01.526879 [debug] [MainThread]: Sending event: {'category': 'dbt', 'action': 'load_project', 'label': '7c057bca-c75f-401b-ad35-0306f12f8013', 'context': [<snowplow_tracker.self_describing_json.SelfDescribingJson object at 0x7128bce406e0>]}
[0m18:59:01.706498 [debug] [MainThread]: Wrote artifact WritableManifest to /opt/airflow/dbt/target/manifest.json
[0m18:59:01.713295 [debug] [MainThread]: Wrote artifact SemanticManifest to /opt/airflow/dbt/target/semantic_manifest.json
[0m18:59:01.730820 [debug] [MainThread]: Wrote artifact OsiDocument to /opt/airflow/dbt/target/osi_document.json
[0m18:59:01.752601 [debug] [MainThread]: Sending event: {'category': 'dbt', 'action': 'resource_counts', 'label': '7c057bca-c75f-401b-ad35-0306f12f8013', 'context': [<snowplow_tracker.self_describing_json.SelfDescribingJson object at 0x7128bccaa9f0>]}
[0m18:59:01.753591 [info ] [MainThread]: Found 7 models, 11 data tests, 4 sources, 521 macros
[0m18:59:01.754681 [debug] [MainThread]: Sending event: {'category': 'dbt', 'action': 'runnable_timing', 'label': '7c057bca-c75f-401b-ad35-0306f12f8013', 'context': [<snowplow_tracker.self_describing_json.SelfDescribingJson object at 0x7128bd0b41d0>]}
[0m18:59:01.758381 [info ] [MainThread]: 
[0m18:59:01.759331 [info ] [MainThread]: Concurrency: 4 threads (target='dev')
[0m18:59:01.760153 [info ] [MainThread]: 
[0m18:59:01.761378 [debug] [MainThread]: Acquiring new clickhouse connection 'master'
[0m18:59:01.768835 [debug] [ThreadPool]: Acquiring new clickhouse connection 'list_'
[0m18:59:01.781240 [debug] [ThreadPool]: Opening a new connection, currently in state init
[0m18:59:01.949029 [debug] [ThreadPool]: dbt_clickhouse adapter: On list_: /* {"app": "dbt", "dbt_version": "1.12.2", "profile_name": "analytics", "target_name": "dev", "connection_name": "list_"} */

    select name from system.databases
  ...
[0m18:59:01.952221 [debug] [ThreadPool]: dbt_clickhouse adapter: SQL status: OK in 0.00 seconds
[0m18:59:01.980788 [debug] [ThreadPool]: Re-using an available connection from the pool (formerly list_, now list__raw)
[0m18:59:01.986631 [debug] [ThreadPool]: dbt_clickhouse adapter: On list__raw: /* {"app": "dbt", "dbt_version": "1.12.2", "profile_name": "analytics", "target_name": "dev", "connection_name": "list__raw"} */
select
      t.name as name,
      t.database as schema,
      multiIf(
        engine in ('MaterializedView', 'View'), 'view',
        engine = 'Dictionary', 'dictionary',
        'table'
      ) as type,
      db.engine as db_engine,0 as is_on_cluster
          from system.tables as t join system.databases as db on t.database = db.name
        where schema = 'raw'
      

  ...
[0m18:59:01.991854 [debug] [ThreadPool]: dbt_clickhouse adapter: SQL status: OK in 0.00 seconds
[0m18:59:01.997020 [debug] [MainThread]: Sending event: {'category': 'dbt', 'action': 'runnable_timing', 'label': '7c057bca-c75f-401b-ad35-0306f12f8013', 'context': [<snowplow_tracker.self_describing_json.SelfDescribingJson object at 0x7128bcec0680>]}
[0m18:59:02.002894 [debug] [Thread-1 (]: Began running node model.analytics.stg_customers
[0m18:59:02.003680 [debug] [Thread-2 (]: Began running node model.analytics.stg_order_items
[0m18:59:02.004299 [debug] [Thread-3 (]: Began running node model.analytics.stg_orders
[0m18:59:02.005383 [debug] [Thread-4 (]: Began running node model.analytics.stg_products
[0m18:59:02.004941 [info ] [Thread-1 (]: 1 of 7 START sql view model `raw`.`stg_customers` .............................. [RUN]
[0m18:59:02.006351 [info ] [Thread-2 (]: 2 of 7 START sql view model `raw`.`stg_order_items` ............................ [RUN]
[0m18:59:02.007273 [info ] [Thread-3 (]: 3 of 7 START sql view model `raw`.`stg_orders` ................................. [RUN]
[0m18:59:02.008284 [info ] [Thread-4 (]: 4 of 7 START sql view model `raw`.`stg_products` ............................... [RUN]
[0m18:59:02.009115 [debug] [Thread-1 (]: Re-using an available connection from the pool (formerly list__raw, now model.analytics.stg_customers)
[0m18:59:02.010159 [debug] [Thread-2 (]: Acquiring new clickhouse connection 'model.analytics.stg_order_items'
[0m18:59:02.011118 [debug] [Thread-3 (]: Acquiring new clickhouse connection 'model.analytics.stg_orders'
[0m18:59:02.011923 [debug] [Thread-4 (]: Acquiring new clickhouse connection 'model.analytics.stg_products'
[0m18:59:02.012577 [debug] [Thread-1 (]: Began compiling node model.analytics.stg_customers
[0m18:59:02.013251 [debug] [Thread-2 (]: Began compiling node model.analytics.stg_order_items
[0m18:59:02.014032 [debug] [Thread-3 (]: Began compiling node model.analytics.stg_orders
[0m18:59:02.014782 [debug] [Thread-4 (]: Began compiling node model.analytics.stg_products
[0m18:59:02.022151 [debug] [Thread-1 (]: Writing injected SQL for node "model.analytics.stg_customers"
[0m18:59:02.024135 [debug] [Thread-2 (]: Writing injected SQL for node "model.analytics.stg_order_items"
[0m18:59:02.026916 [debug] [Thread-3 (]: Writing injected SQL for node "model.analytics.stg_orders"
[0m18:59:02.029576 [debug] [Thread-4 (]: Writing injected SQL for node "model.analytics.stg_products"
[0m18:59:02.036648 [debug] [Thread-4 (]: Began executing node model.analytics.stg_products
[0m18:59:02.037615 [debug] [Thread-1 (]: Began executing node model.analytics.stg_customers
[0m18:59:02.043784 [debug] [Thread-2 (]: Began executing node model.analytics.stg_order_items
[0m18:59:02.063507 [debug] [Thread-4 (]: Relation stg_products already exists, replacing it
[0m18:59:02.067741 [debug] [Thread-1 (]: Relation stg_customers already exists, replacing it
[0m18:59:02.069317 [debug] [Thread-2 (]: Relation stg_order_items already exists, replacing it
[0m18:59:02.069894 [debug] [Thread-3 (]: Began executing node model.analytics.stg_orders
[0m18:59:02.145522 [debug] [Thread-4 (]: Opening a new connection, currently in state init
[0m18:59:02.147438 [debug] [Thread-1 (]: Writing runtime sql for node "model.analytics.stg_customers"
[0m18:59:02.148715 [debug] [Thread-2 (]: Opening a new connection, currently in state init
[0m18:59:02.151195 [debug] [Thread-3 (]: Relation stg_orders already exists, replacing it
[0m18:59:02.159574 [debug] [Thread-3 (]: Opening a new connection, currently in state init
[0m18:59:02.176329 [debug] [Thread-1 (]: dbt_clickhouse adapter: On model.analytics.stg_customers: /* {"app": "dbt", "dbt_version": "1.12.2", "profile_name": "analytics", "target_name": "dev", "node_id": "model.analytics.stg_customers"} */


  create or replace view `raw`.`stg_customers` 
  
    
  
  
    
    
  as (
    SELECT
    customer_id,
    name,
    email,
    city,
    registration_date
FROM `raw`.`customers`
    
  )
      
      
                    -- end_of_sql
                    
                    ...
[0m18:59:02.187306 [debug] [Thread-1 (]: dbt_clickhouse adapter: SQL status: OK in 0.01 seconds
[0m18:59:02.219530 [debug] [Thread-1 (]: Sending event: {'category': 'dbt', 'action': 'run_model', 'label': '7c057bca-c75f-401b-ad35-0306f12f8013', 'context': [<snowplow_tracker.self_describing_json.SelfDescribingJson object at 0x7128bff90c20>]}
[0m18:59:02.221262 [info ] [Thread-1 (]: 1 of 7 OK created sql view model `raw`.`stg_customers` ......................... [[32mOK[0m in 0.21s]
[0m18:59:02.223058 [debug] [Thread-1 (]: Finished running node model.analytics.stg_customers
[0m18:59:02.235583 [debug] [Thread-4 (]: Writing runtime sql for node "model.analytics.stg_products"
[0m18:59:02.239949 [debug] [Thread-2 (]: Writing runtime sql for node "model.analytics.stg_order_items"
[0m18:59:02.244235 [debug] [Thread-3 (]: Writing runtime sql for node "model.analytics.stg_orders"
[0m18:59:02.245837 [debug] [Thread-4 (]: dbt_clickhouse adapter: On model.analytics.stg_products: /* {"app": "dbt", "dbt_version": "1.12.2", "profile_name": "analytics", "target_name": "dev", "node_id": "model.analytics.stg_products"} */


  create or replace view `raw`.`stg_products` 
  
    
  
  
    
    
  as (
    SELECT
    product_id,
    product_name,
    category,
    price
FROM `raw`.`products`
    
  )
      
      
                    -- end_of_sql
                    
                    ...
[0m18:59:02.246820 [debug] [Thread-2 (]: dbt_clickhouse adapter: On model.analytics.stg_order_items: /* {"app": "dbt", "dbt_version": "1.12.2", "profile_name": "analytics", "target_name": "dev", "node_id": "model.analytics.stg_order_items"} */


  create or replace view `raw`.`stg_order_items` 
  
    
  
  
    
    
  as (
    SELECT
    order_item_id,
    order_id,
    product_id,
    quantity,
    price,
    total_amount
FROM `raw`.`order_items`
    
  )
      
      
                    -- end_of_sql
                    
                    ...
[0m18:59:02.250273 [debug] [Thread-3 (]: dbt_clickhouse adapter: On model.analytics.stg_orders: /* {"app": "dbt", "dbt_version": "1.12.2", "profile_name": "analytics", "target_name": "dev", "node_id": "model.analytics.stg_orders"} */


  create or replace view `raw`.`stg_orders` 
  
    
  
  
    
    
  as (
    SELECT
    order_id,
    customer_id,
    order_date,
    status
FROM `raw`.`orders`
    
  )
      
      
                    -- end_of_sql
                    
                    ...
[0m18:59:02.253326 [debug] [Thread-4 (]: dbt_clickhouse adapter: SQL status: OK in 0.01 seconds
[0m18:59:02.254268 [debug] [Thread-2 (]: dbt_clickhouse adapter: SQL status: OK in 0.01 seconds
[0m18:59:02.257328 [debug] [Thread-4 (]: Sending event: {'category': 'dbt', 'action': 'run_model', 'label': '7c057bca-c75f-401b-ad35-0306f12f8013', 'context': [<snowplow_tracker.self_describing_json.SelfDescribingJson object at 0x7128b6afce90>]}
[0m18:59:02.257900 [debug] [Thread-3 (]: dbt_clickhouse adapter: SQL status: OK in 0.01 seconds
[0m18:59:02.260909 [debug] [Thread-2 (]: Sending event: {'category': 'dbt', 'action': 'run_model', 'label': '7c057bca-c75f-401b-ad35-0306f12f8013', 'context': [<snowplow_tracker.self_describing_json.SelfDescribingJson object at 0x7128b7326ba0>]}
[0m18:59:02.261856 [info ] [Thread-4 (]: 4 of 7 OK created sql view model `raw`.`stg_products` .......................... [[32mOK[0m in 0.25s]
[0m18:59:02.265144 [debug] [Thread-3 (]: Sending event: {'category': 'dbt', 'action': 'run_model', 'label': '7c057bca-c75f-401b-ad35-0306f12f8013', 'context': [<snowplow_tracker.self_describing_json.SelfDescribingJson object at 0x7128bcec1340>]}
[0m18:59:02.266108 [info ] [Thread-2 (]: 2 of 7 OK created sql view model `raw`.`stg_order_items` ....................... [[32mOK[0m in 0.25s]
[0m18:59:02.267203 [debug] [Thread-4 (]: Finished running node model.analytics.stg_products
[0m18:59:02.268118 [info ] [Thread-3 (]: 3 of 7 OK created sql view model `raw`.`stg_orders` ............................ [[32mOK[0m in 0.25s]
[0m18:59:02.269180 [debug] [Thread-2 (]: Finished running node model.analytics.stg_order_items
[0m18:59:02.270384 [debug] [Thread-3 (]: Finished running node model.analytics.stg_orders
[0m18:59:02.272021 [debug] [Thread-1 (]: Began running node model.analytics.fct_orders
[0m18:59:02.272509 [debug] [Thread-4 (]: Began running node model.analytics.sales_by_category
[0m18:59:02.273150 [info ] [Thread-1 (]: 5 of 7 START sql table model `raw`.`fct_orders` ................................ [RUN]
[0m18:59:02.274114 [info ] [Thread-4 (]: 6 of 7 START sql table model `raw`.`sales_by_category` ......................... [RUN]
[0m18:59:02.275062 [debug] [Thread-1 (]: Re-using an available connection from the pool (formerly model.analytics.stg_customers, now model.analytics.fct_orders)
[0m18:59:02.275768 [debug] [Thread-4 (]: Re-using an available connection from the pool (formerly model.analytics.stg_products, now model.analytics.sales_by_category)
[0m18:59:02.276390 [debug] [Thread-1 (]: Began compiling node model.analytics.fct_orders
[0m18:59:02.276975 [debug] [Thread-4 (]: Began compiling node model.analytics.sales_by_category
[0m18:59:02.279604 [debug] [Thread-1 (]: Writing injected SQL for node "model.analytics.fct_orders"
[0m18:59:02.282167 [debug] [Thread-4 (]: Writing injected SQL for node "model.analytics.sales_by_category"
[0m18:59:02.287855 [debug] [Thread-1 (]: Began executing node model.analytics.fct_orders
[0m18:59:02.288852 [debug] [Thread-4 (]: Began executing node model.analytics.sales_by_category
[0m18:59:02.404147 [debug] [Thread-4 (]: dbt_clickhouse adapter: On model.analytics.sales_by_category: /* {"app": "dbt", "dbt_version": "1.12.2", "profile_name": "analytics", "target_name": "dev", "node_id": "model.analytics.sales_by_category"} */

            

    
        create table `raw`.`sales_by_category__dbt_backup`
        
  
        
  engine = MergeTree()
        
      order by (tuple())
        
        
        
        
                    -- end_of_sql
                    SETTINGS replicated_deduplication_window='0'

                    
            empty
          as (
            SELECT
    p.category,
    SUM(oi.total_amount) AS revenue,
    SUM(oi.quantity) AS items_sold,
    COUNT(DISTINCT o.order_id) AS orders_count
FROM `raw`.`stg_order_items` oi
JOIN `raw`.`stg_orders` o
    ON oi.order_id = o.order_id
JOIN `raw`.`stg_products` p
    ON oi.product_id = p.product_id
WHERE o.status = 'completed'
GROUP BY p.category
ORDER BY revenue DESC
          )
        
        ...
[0m18:59:02.406496 [debug] [Thread-1 (]: dbt_clickhouse adapter: On model.analytics.fct_orders: /* {"app": "dbt", "dbt_version": "1.12.2", "profile_name": "analytics", "target_name": "dev", "node_id": "model.analytics.fct_orders"} */

            

    
        create table `raw`.`fct_orders__dbt_backup`
        
  
        
  engine = MergeTree()
        
      order by (tuple())
        
        
        
        
                    -- end_of_sql
                    SETTINGS replicated_deduplication_window='0'

                    
            empty
          as (
            SELECT 
    o.order_id,
    o.customer_id,
    o.order_date,
    o.status,
    SUM(oi.total_amount) AS order_amount,
    SUM(oi.quantity) AS total_items
FROM `raw`.`stg_orders` o
JOIN `raw`.`stg_order_items` oi
ON o.order_id = oi.order_id
GROUP BY
    o.order_id,
    o.customer_id,
    o.order_date,
    o.status
          )
        
        ...
[0m18:59:02.417021 [debug] [Thread-4 (]: dbt_clickhouse adapter: SQL status: OK in 0.01 seconds
[0m18:59:02.429768 [debug] [Thread-1 (]: dbt_clickhouse adapter: SQL status: OK in 0.02 seconds
[0m18:59:02.445012 [debug] [Thread-4 (]: dbt_clickhouse adapter: On model.analytics.sales_by_category: /* {"app": "dbt", "dbt_version": "1.12.2", "profile_name": "analytics", "target_name": "dev", "node_id": "model.analytics.sales_by_category"} */

    select name, type from system.columns where table = 'sales_by_category__dbt_backup'
    
      and database = 'raw'
    
    order by position
  ...
[0m18:59:02.445837 [debug] [Thread-1 (]: dbt_clickhouse adapter: On model.analytics.fct_orders: /* {"app": "dbt", "dbt_version": "1.12.2", "profile_name": "analytics", "target_name": "dev", "node_id": "model.analytics.fct_orders"} */

    select name, type from system.columns where table = 'fct_orders__dbt_backup'
    
      and database = 'raw'
    
    order by position
  ...
[0m18:59:02.450243 [debug] [Thread-1 (]: dbt_clickhouse adapter: SQL status: OK in 0.00 seconds
[0m18:59:02.451262 [debug] [Thread-4 (]: dbt_clickhouse adapter: SQL status: OK in 0.00 seconds
[0m18:59:02.455523 [debug] [Thread-1 (]: Writing runtime sql for node "model.analytics.fct_orders"
[0m18:59:02.458056 [debug] [Thread-4 (]: Writing runtime sql for node "model.analytics.sales_by_category"
[0m18:59:02.463581 [debug] [Thread-1 (]: dbt_clickhouse adapter: On model.analytics.fct_orders: /* {"app": "dbt", "dbt_version": "1.12.2", "profile_name": "analytics", "target_name": "dev", "node_id": "model.analytics.fct_orders"} */

  
    
    
    
        
         


        insert into `raw`.`fct_orders__dbt_backup`
        ("order_id", "customer_id", "order_date", "status", "order_amount", "total_items")SELECT 
    o.order_id,
    o.customer_id,
    o.order_date,
    o.status,
    SUM(oi.total_amount) AS order_amount,
    SUM(oi.quantity) AS total_items
FROM `raw`.`stg_orders` o
JOIN `raw`.`stg_order_items` oi
ON o.order_id = oi.order_id
GROUP BY
    o.order_id,
    o.customer_id,
    o.order_date,
    o.status
  ...
[0m18:59:02.464442 [debug] [Thread-4 (]: dbt_clickhouse adapter: On model.analytics.sales_by_category: /* {"app": "dbt", "dbt_version": "1.12.2", "profile_name": "analytics", "target_name": "dev", "node_id": "model.analytics.sales_by_category"} */

  
    
    
    
        
         


        insert into `raw`.`sales_by_category__dbt_backup`
        ("category", "revenue", "items_sold", "orders_count")SELECT
    p.category,
    SUM(oi.total_amount) AS revenue,
    SUM(oi.quantity) AS items_sold,
    COUNT(DISTINCT o.order_id) AS orders_count
FROM `raw`.`stg_order_items` oi
JOIN `raw`.`stg_orders` o
    ON oi.order_id = o.order_id
JOIN `raw`.`stg_products` p
    ON oi.product_id = p.product_id
WHERE o.status = 'completed'
GROUP BY p.category
ORDER BY revenue DESC
  ...
[0m18:59:04.668324 [debug] [Thread-4 (]: dbt_clickhouse adapter: SQL status: OK in 2.20 seconds
[0m18:59:04.677722 [debug] [Thread-4 (]: dbt_clickhouse adapter: On model.analytics.sales_by_category: /* {"app": "dbt", "dbt_version": "1.12.2", "profile_name": "analytics", "target_name": "dev", "node_id": "model.analytics.sales_by_category"} */
EXCHANGE TABLES `raw`.`sales_by_category__dbt_backup` AND `raw`.`sales_by_category` 
  
  ...
[0m18:59:04.681558 [debug] [Thread-4 (]: dbt_clickhouse adapter: SQL status: OK in 0.00 seconds
[0m18:59:04.692815 [debug] [Thread-4 (]: dbt_clickhouse adapter: On model.analytics.sales_by_category: /* {"app": "dbt", "dbt_version": "1.12.2", "profile_name": "analytics", "target_name": "dev", "node_id": "model.analytics.sales_by_category"} */
drop table if exists `raw`.`sales_by_category__dbt_backup` 
  ...
[0m18:59:04.695796 [debug] [Thread-4 (]: dbt_clickhouse adapter: SQL status: OK in 0.00 seconds
[0m18:59:04.705273 [debug] [Thread-4 (]: Sending event: {'category': 'dbt', 'action': 'run_model', 'label': '7c057bca-c75f-401b-ad35-0306f12f8013', 'context': [<snowplow_tracker.self_describing_json.SelfDescribingJson object at 0x7128be437980>]}
[0m18:59:04.707177 [info ] [Thread-4 (]: 6 of 7 OK created sql table model `raw`.`sales_by_category` .................... [[32mOK[0m in 2.43s]
[0m18:59:04.708856 [debug] [Thread-4 (]: Finished running node model.analytics.sales_by_category
[0m18:59:05.245968 [debug] [Thread-1 (]: dbt_clickhouse adapter: SQL status: OK in 2.78 seconds
[0m18:59:05.248668 [debug] [Thread-1 (]: dbt_clickhouse adapter: On model.analytics.fct_orders: /* {"app": "dbt", "dbt_version": "1.12.2", "profile_name": "analytics", "target_name": "dev", "node_id": "model.analytics.fct_orders"} */
EXCHANGE TABLES `raw`.`fct_orders__dbt_backup` AND `raw`.`fct_orders` 
  
  ...
[0m18:59:05.251543 [debug] [Thread-1 (]: dbt_clickhouse adapter: SQL status: OK in 0.00 seconds
[0m18:59:05.256206 [debug] [Thread-1 (]: dbt_clickhouse adapter: On model.analytics.fct_orders: /* {"app": "dbt", "dbt_version": "1.12.2", "profile_name": "analytics", "target_name": "dev", "node_id": "model.analytics.fct_orders"} */
drop table if exists `raw`.`fct_orders__dbt_backup` 
  ...
[0m18:59:05.258585 [debug] [Thread-1 (]: dbt_clickhouse adapter: SQL status: OK in 0.00 seconds
[0m18:59:05.260601 [debug] [Thread-1 (]: Sending event: {'category': 'dbt', 'action': 'run_model', 'label': '7c057bca-c75f-401b-ad35-0306f12f8013', 'context': [<snowplow_tracker.self_describing_json.SelfDescribingJson object at 0x7128bcfbe0f0>]}
[0m18:59:05.261929 [info ] [Thread-1 (]: 5 of 7 OK created sql table model `raw`.`fct_orders` ........................... [[32mOK[0m in 2.99s]
[0m18:59:05.263540 [debug] [Thread-1 (]: Finished running node model.analytics.fct_orders
[0m18:59:05.265625 [debug] [Thread-3 (]: Began running node model.analytics.sales_daily
[0m18:59:05.266627 [info ] [Thread-3 (]: 7 of 7 START sql table model `raw`.`sales_daily` ............................... [RUN]
[0m18:59:05.267620 [debug] [Thread-3 (]: Re-using an available connection from the pool (formerly model.analytics.stg_orders, now model.analytics.sales_daily)
[0m18:59:05.268304 [debug] [Thread-3 (]: Began compiling node model.analytics.sales_daily
[0m18:59:05.272980 [debug] [Thread-3 (]: Writing injected SQL for node "model.analytics.sales_daily"
[0m18:59:05.280722 [debug] [Thread-3 (]: Began executing node model.analytics.sales_daily
[0m18:59:05.284893 [debug] [Thread-3 (]: dbt_clickhouse adapter: On model.analytics.sales_daily: /* {"app": "dbt", "dbt_version": "1.12.2", "profile_name": "analytics", "target_name": "dev", "node_id": "model.analytics.sales_daily"} */

            

    
        create table `raw`.`sales_daily__dbt_backup`
        
  
        
  engine = MergeTree()
        
      order by (tuple())
        
        
        
        
                    -- end_of_sql
                    SETTINGS replicated_deduplication_window='0'

                    
            empty
          as (
            SELECT
    toDate(order_date) AS sale_date,
    COUNT(*) AS orders_count,
    SUM(order_amount) AS revenue,
    SUM(total_items) AS items_sold
FROM `raw`.`fct_orders`
WHERE status = 'completed'
GROUP BY toDate(order_date)
ORDER BY toDate(order_date)
          )
        
        ...
[0m18:59:05.295510 [debug] [Thread-3 (]: dbt_clickhouse adapter: SQL status: OK in 0.01 seconds
[0m18:59:05.298662 [debug] [Thread-3 (]: dbt_clickhouse adapter: On model.analytics.sales_daily: /* {"app": "dbt", "dbt_version": "1.12.2", "profile_name": "analytics", "target_name": "dev", "node_id": "model.analytics.sales_daily"} */

    select name, type from system.columns where table = 'sales_daily__dbt_backup'
    
      and database = 'raw'
    
    order by position
  ...
[0m18:59:05.302954 [debug] [Thread-3 (]: dbt_clickhouse adapter: SQL status: OK in 0.00 seconds
[0m18:59:05.305545 [debug] [Thread-3 (]: Writing runtime sql for node "model.analytics.sales_daily"
[0m18:59:05.314189 [debug] [Thread-3 (]: dbt_clickhouse adapter: On model.analytics.sales_daily: /* {"app": "dbt", "dbt_version": "1.12.2", "profile_name": "analytics", "target_name": "dev", "node_id": "model.analytics.sales_daily"} */

  
    
    
    
        
         


        insert into `raw`.`sales_daily__dbt_backup`
        ("sale_date", "orders_count", "revenue", "items_sold")SELECT
    toDate(order_date) AS sale_date,
    COUNT(*) AS orders_count,
    SUM(order_amount) AS revenue,
    SUM(total_items) AS items_sold
FROM `raw`.`fct_orders`
WHERE status = 'completed'
GROUP BY toDate(order_date)
ORDER BY toDate(order_date)
  ...
[0m18:59:05.342464 [debug] [Thread-3 (]: dbt_clickhouse adapter: SQL status: OK in 0.03 seconds
[0m18:59:05.344297 [debug] [Thread-3 (]: dbt_clickhouse adapter: On model.analytics.sales_daily: /* {"app": "dbt", "dbt_version": "1.12.2", "profile_name": "analytics", "target_name": "dev", "node_id": "model.analytics.sales_daily"} */
EXCHANGE TABLES `raw`.`sales_daily__dbt_backup` AND `raw`.`sales_daily` 
  
  ...
[0m18:59:05.346531 [debug] [Thread-3 (]: dbt_clickhouse adapter: SQL status: OK in 0.00 seconds
[0m18:59:05.351101 [debug] [Thread-3 (]: dbt_clickhouse adapter: On model.analytics.sales_daily: /* {"app": "dbt", "dbt_version": "1.12.2", "profile_name": "analytics", "target_name": "dev", "node_id": "model.analytics.sales_daily"} */
drop table if exists `raw`.`sales_daily__dbt_backup` 
  ...
[0m18:59:05.353683 [debug] [Thread-3 (]: dbt_clickhouse adapter: SQL status: OK in 0.00 seconds
[0m18:59:05.356345 [debug] [Thread-3 (]: Sending event: {'category': 'dbt', 'action': 'run_model', 'label': '7c057bca-c75f-401b-ad35-0306f12f8013', 'context': [<snowplow_tracker.self_describing_json.SelfDescribingJson object at 0x7128bcfbdbb0>]}
[0m18:59:05.357594 [info ] [Thread-3 (]: 7 of 7 OK created sql table model `raw`.`sales_daily` .......................... [[32mOK[0m in 0.09s]
[0m18:59:05.358694 [debug] [Thread-3 (]: Finished running node model.analytics.sales_daily
[0m18:59:05.361783 [debug] [MainThread]: Connection 'master' was properly closed.
[0m18:59:05.362859 [debug] [MainThread]: Connection 'model.analytics.fct_orders' was left open.
[0m18:59:05.364245 [debug] [MainThread]: On model.analytics.fct_orders: Close
[0m18:59:05.365446 [debug] [MainThread]: Connection 'model.analytics.stg_order_items' was left open.
[0m18:59:05.366633 [debug] [MainThread]: On model.analytics.stg_order_items: Close
[0m18:59:05.367459 [debug] [MainThread]: Connection 'model.analytics.sales_daily' was left open.
[0m18:59:05.368137 [debug] [MainThread]: On model.analytics.sales_daily: Close
[0m18:59:05.368841 [debug] [MainThread]: Connection 'model.analytics.sales_by_category' was left open.
[0m18:59:05.369425 [debug] [MainThread]: On model.analytics.sales_by_category: Close
[0m18:59:05.370351 [info ] [MainThread]: 
[0m18:59:05.371140 [info ] [MainThread]: Finished running 3 table models, 4 view models in 0 hours 0 minutes and 3.61 seconds (3.61s).
[0m18:59:05.372968 [debug] [MainThread]: Command end result
[0m18:59:05.427368 [debug] [MainThread]: Wrote artifact WritableManifest to /opt/airflow/dbt/target/manifest.json
[0m18:59:05.436057 [debug] [MainThread]: Wrote artifact SemanticManifest to /opt/airflow/dbt/target/semantic_manifest.json
[0m18:59:05.442166 [debug] [MainThread]: Wrote artifact OsiDocument to /opt/airflow/dbt/target/osi_document.json
[0m18:59:05.453851 [debug] [MainThread]: Wrote artifact RunExecutionResult to /opt/airflow/dbt/target/run_results.json
[0m18:59:05.454539 [info ] [MainThread]: 
[0m18:59:05.455183 [info ] [MainThread]: [32mCompleted successfully[0m
[0m18:59:05.455771 [info ] [MainThread]: 
[0m18:59:05.456598 [info ] [MainThread]: Done. PASS=7 WARN=0 ERROR=0 SKIP=0 NO-OP=0 REUSED=0 TOTAL=7
[0m18:59:05.461448 [debug] [MainThread]: Resource report: {"command_name": "run", "command_success": true, "command_wall_clock_time": 4.8648186, "process_in_blocks": "208", "process_kernel_time": 0.484924, "process_mem_max_rss": "159180", "process_out_blocks": "0", "process_user_time": 4.299946}
[0m18:59:05.464573 [debug] [MainThread]: Command `dbt run` succeeded at 18:59:05.462869 after 4.87 seconds
[0m18:59:05.465972 [debug] [MainThread]: Sending event: {'category': 'dbt', 'action': 'invocation', 'label': 'end', 'context': [<snowplow_tracker.self_describing_json.SelfDescribingJson object at 0x7128c00ba8d0>, <snowplow_tracker.self_describing_json.SelfDescribingJson object at 0x7128b6b0c4a0>, <snowplow_tracker.self_describing_json.SelfDescribingJson object at 0x7128b73263f0>]}
[0m18:59:05.466977 [debug] [MainThread]: Flushing usage events
[0m18:59:06.195552 [debug] [MainThread]: An error was encountered while trying to flush usage events
[0m18:59:10.081535 [debug] [MainThread]: Sending event: {'category': 'dbt', 'action': 'invocation', 'label': 'start', 'context': [<snowplow_tracker.self_describing_json.SelfDescribingJson object at 0x71f51fddbd40>, <snowplow_tracker.self_describing_json.SelfDescribingJson object at 0x71f51e55ecf0>, <snowplow_tracker.self_describing_json.SelfDescribingJson object at 0x71f51dc93530>]}


============================== 18:59:10.089208 | 91e7290a-925c-41cd-8343-6ed946fad9aa ==============================
[0m18:59:10.089208 [info ] [MainThread]: Running with dbt=1.12.2
[0m18:59:10.090586 [debug] [MainThread]: running dbt with arguments {'log_format': 'default', 'version_check': 'True', 'partial_parse': 'True', 'warn_error': 'None', 'indirect_selection': 'eager', 'maximum_seed_size_mib': '1', 'send_anonymous_usage_stats': 'True', 'log_cache_events': 'False', 'static_parser': 'True', 'use_experimental_parser': 'False', 'printer_width': '80', 'quiet': 'False', 'introspect': 'True', 'target_path': 'None', 'no_print': 'None', 'use_colors': 'True', 'fail_fast': 'False', 'debug': 'False', 'cache_selected_only': 'False', 'invocation_command': 'dbt test --project-dir /opt/airflow/dbt --profiles-dir /opt/airflow/dbt', 'hints_enabled': 'True', 'write_json': 'True', 'warn_error_options': 'WarnErrorOptionsV2(error=[], warn=[], silence=[])', 'profiles_dir': '/opt/airflow/dbt', 'log_path': '/opt/airflow/dbt/logs', 'empty': 'None'}
[0m18:59:10.354469 [debug] [MainThread]: Sending event: {'category': 'dbt', 'action': 'project_id', 'label': '91e7290a-925c-41cd-8343-6ed946fad9aa', 'context': [<snowplow_tracker.self_describing_json.SelfDescribingJson object at 0x71f51cba5520>]}
[0m18:59:10.441421 [debug] [MainThread]: Sending event: {'category': 'dbt', 'action': 'adapter_info', 'label': '91e7290a-925c-41cd-8343-6ed946fad9aa', 'context': [<snowplow_tracker.self_describing_json.SelfDescribingJson object at 0x71f51e088e00>]}
[0m18:59:10.443246 [info ] [MainThread]: Registered adapter: clickhouse=1.9.3
[0m18:59:10.573608 [debug] [MainThread]: checksum: adba77356f91f81a11ee2fa729542f151b163d2280a76ec0a147e0b39f20e5da, vars: {}, profile: analytics, target: dev, version: 1.12.2
[0m18:59:10.895075 [debug] [MainThread]: Partial parsing enabled: 0 files deleted, 0 files added, 0 files changed.
[0m18:59:10.895900 [debug] [MainThread]: Nothing changed, skipping partial parsing.
[0m18:59:10.896857 [debug] [MainThread]: Partial parsing enabled, no changes found, skipping parsing
[0m18:59:10.912811 [debug] [MainThread]: Sending event: {'category': 'dbt', 'action': 'load_project', 'label': '91e7290a-925c-41cd-8343-6ed946fad9aa', 'context': [<snowplow_tracker.self_describing_json.SelfDescribingJson object at 0x71f51cb1fe30>]}
[0m18:59:11.184930 [debug] [MainThread]: Wrote artifact WritableManifest to /opt/airflow/dbt/target/manifest.json
[0m18:59:11.195411 [debug] [MainThread]: Wrote artifact SemanticManifest to /opt/airflow/dbt/target/semantic_manifest.json
[0m18:59:11.275330 [debug] [MainThread]: Wrote artifact OsiDocument to /opt/airflow/dbt/target/osi_document.json
[0m18:59:11.366957 [debug] [MainThread]: Sending event: {'category': 'dbt', 'action': 'resource_counts', 'label': '91e7290a-925c-41cd-8343-6ed946fad9aa', 'context': [<snowplow_tracker.self_describing_json.SelfDescribingJson object at 0x71f51e114c20>]}
[0m18:59:11.368360 [info ] [MainThread]: Found 7 models, 11 data tests, 4 sources, 521 macros
[0m18:59:11.370000 [debug] [MainThread]: Sending event: {'category': 'dbt', 'action': 'runnable_timing', 'label': '91e7290a-925c-41cd-8343-6ed946fad9aa', 'context': [<snowplow_tracker.self_describing_json.SelfDescribingJson object at 0x71f51c73d5b0>]}
[0m18:59:11.374856 [info ] [MainThread]: 
[0m18:59:11.376705 [info ] [MainThread]: Concurrency: 4 threads (target='dev')
[0m18:59:11.380012 [info ] [MainThread]: 
[0m18:59:11.382992 [debug] [MainThread]: Acquiring new clickhouse connection 'master'
[0m18:59:11.397737 [debug] [ThreadPool]: Acquiring new clickhouse connection 'list__raw'
[0m18:59:11.424438 [debug] [ThreadPool]: Opening a new connection, currently in state init
[0m18:59:11.708746 [debug] [ThreadPool]: dbt_clickhouse adapter: On list__raw: /* {"app": "dbt", "dbt_version": "1.12.2", "profile_name": "analytics", "target_name": "dev", "connection_name": "list__raw"} */
select
      t.name as name,
      t.database as schema,
      multiIf(
        engine in ('MaterializedView', 'View'), 'view',
        engine = 'Dictionary', 'dictionary',
        'table'
      ) as type,
      db.engine as db_engine,0 as is_on_cluster
          from system.tables as t join system.databases as db on t.database = db.name
        where schema = 'raw'
      

  ...
[0m18:59:11.714410 [debug] [ThreadPool]: dbt_clickhouse adapter: SQL status: OK in 0.00 seconds
[0m18:59:11.750064 [debug] [MainThread]: Sending event: {'category': 'dbt', 'action': 'runnable_timing', 'label': '91e7290a-925c-41cd-8343-6ed946fad9aa', 'context': [<snowplow_tracker.self_describing_json.SelfDescribingJson object at 0x71f51c92c710>]}
[0m18:59:11.758219 [debug] [Thread-1 (]: Began running node test.analytics.not_null_stg_customers_customer_id.e2cfb1f9aa
[0m18:59:11.759071 [debug] [Thread-2 (]: Began running node test.analytics.not_null_stg_order_items_order_id.2063801f96
[0m18:59:11.759674 [debug] [Thread-3 (]: Began running node test.analytics.not_null_stg_order_items_order_item_id.26a7e2bc35
[0m18:59:11.760819 [debug] [Thread-4 (]: Began running node test.analytics.not_null_stg_order_items_product_id.5154a8a6f6
[0m18:59:11.760323 [info ] [Thread-1 (]: 1 of 11 START test not_null_stg_customers_customer_id .......................... [RUN]
[0m18:59:11.761864 [info ] [Thread-2 (]: 2 of 11 START test not_null_stg_order_items_order_id ........................... [RUN]
[0m18:59:11.762793 [info ] [Thread-3 (]: 3 of 11 START test not_null_stg_order_items_order_item_id ...................... [RUN]
[0m18:59:11.764070 [info ] [Thread-4 (]: 4 of 11 START test not_null_stg_order_items_product_id ......................... [RUN]
[0m18:59:11.765130 [debug] [Thread-1 (]: Re-using an available connection from the pool (formerly list__raw, now test.analytics.not_null_stg_customers_customer_id.e2cfb1f9aa)
[0m18:59:11.766455 [debug] [Thread-2 (]: Acquiring new clickhouse connection 'test.analytics.not_null_stg_order_items_order_id.2063801f96'
[0m18:59:11.767868 [debug] [Thread-3 (]: Acquiring new clickhouse connection 'test.analytics.not_null_stg_order_items_order_item_id.26a7e2bc35'
[0m18:59:11.769036 [debug] [Thread-4 (]: Acquiring new clickhouse connection 'test.analytics.not_null_stg_order_items_product_id.5154a8a6f6'
[0m18:59:11.770127 [debug] [Thread-1 (]: Began compiling node test.analytics.not_null_stg_customers_customer_id.e2cfb1f9aa
[0m18:59:11.771082 [debug] [Thread-2 (]: Began compiling node test.analytics.not_null_stg_order_items_order_id.2063801f96
[0m18:59:11.772112 [debug] [Thread-3 (]: Began compiling node test.analytics.not_null_stg_order_items_order_item_id.26a7e2bc35
[0m18:59:11.772968 [debug] [Thread-4 (]: Began compiling node test.analytics.not_null_stg_order_items_product_id.5154a8a6f6
[0m18:59:11.916608 [debug] [Thread-1 (]: Writing injected SQL for node "test.analytics.not_null_stg_customers_customer_id.e2cfb1f9aa"
[0m18:59:11.918878 [debug] [Thread-3 (]: Writing injected SQL for node "test.analytics.not_null_stg_order_items_order_item_id.26a7e2bc35"
[0m18:59:11.921713 [debug] [Thread-2 (]: Writing injected SQL for node "test.analytics.not_null_stg_order_items_order_id.2063801f96"
[0m18:59:11.930059 [debug] [Thread-4 (]: Writing injected SQL for node "test.analytics.not_null_stg_order_items_product_id.5154a8a6f6"
[0m18:59:11.940560 [debug] [Thread-3 (]: Began executing node test.analytics.not_null_stg_order_items_order_item_id.26a7e2bc35
[0m18:59:11.941680 [debug] [Thread-4 (]: Began executing node test.analytics.not_null_stg_order_items_product_id.5154a8a6f6
[0m18:59:11.972563 [debug] [Thread-2 (]: Began executing node test.analytics.not_null_stg_order_items_order_id.2063801f96
[0m18:59:11.999517 [debug] [Thread-1 (]: Began executing node test.analytics.not_null_stg_customers_customer_id.e2cfb1f9aa
[0m18:59:12.013101 [debug] [Thread-3 (]: Writing runtime sql for node "test.analytics.not_null_stg_order_items_order_item_id.26a7e2bc35"
[0m18:59:12.016873 [debug] [Thread-1 (]: Writing runtime sql for node "test.analytics.not_null_stg_customers_customer_id.e2cfb1f9aa"
[0m18:59:12.010521 [debug] [Thread-4 (]: Writing runtime sql for node "test.analytics.not_null_stg_order_items_product_id.5154a8a6f6"
[0m18:59:12.044866 [debug] [Thread-2 (]: Writing runtime sql for node "test.analytics.not_null_stg_order_items_order_id.2063801f96"
[0m18:59:12.052871 [debug] [Thread-3 (]: Opening a new connection, currently in state init
[0m18:59:12.057792 [debug] [Thread-4 (]: Opening a new connection, currently in state init
[0m18:59:12.059210 [debug] [Thread-1 (]: dbt_clickhouse adapter: On test.analytics.not_null_stg_customers_customer_id.e2cfb1f9aa: /* {"app": "dbt", "dbt_version": "1.12.2", "profile_name": "analytics", "target_name": "dev", "node_id": "test.analytics.not_null_stg_customers_customer_id.e2cfb1f9aa"} */

    
    
    select
      count(*) as failures,
      count(*) != 0 as should_warn,
      count(*) != 0 as should_error
    from (
      
    
  
    
    



select customer_id
from `raw`.`stg_customers`
where customer_id is null



  
  
    ) dbt_internal_test...
[0m18:59:12.067943 [debug] [Thread-2 (]: Opening a new connection, currently in state init
[0m18:59:12.070936 [debug] [Thread-1 (]: dbt_clickhouse adapter: SQL status: OK in 0.01 seconds
[0m18:59:12.083905 [info ] [Thread-1 (]: 1 of 11 PASS not_null_stg_customers_customer_id ................................ [[32mPASS[0m in 0.32s]
[0m18:59:12.088612 [debug] [Thread-1 (]: Finished running node test.analytics.not_null_stg_customers_customer_id.e2cfb1f9aa
[0m18:59:12.092817 [debug] [Thread-1 (]: Began running node test.analytics.not_null_stg_orders_customer_id.af79d5e4b5
[0m18:59:12.099242 [info ] [Thread-1 (]: 5 of 11 START test not_null_stg_orders_customer_id ............................. [RUN]
[0m18:59:12.102908 [debug] [Thread-1 (]: Re-using an available connection from the pool (formerly test.analytics.not_null_stg_customers_customer_id.e2cfb1f9aa, now test.analytics.not_null_stg_orders_customer_id.af79d5e4b5)
[0m18:59:12.106183 [debug] [Thread-1 (]: Began compiling node test.analytics.not_null_stg_orders_customer_id.af79d5e4b5
[0m18:59:12.123804 [debug] [Thread-1 (]: Writing injected SQL for node "test.analytics.not_null_stg_orders_customer_id.af79d5e4b5"
[0m18:59:12.155008 [debug] [Thread-1 (]: Began executing node test.analytics.not_null_stg_orders_customer_id.af79d5e4b5
[0m18:59:12.162823 [debug] [Thread-1 (]: Writing runtime sql for node "test.analytics.not_null_stg_orders_customer_id.af79d5e4b5"
[0m18:59:12.190566 [debug] [Thread-4 (]: dbt_clickhouse adapter: On test.analytics.not_null_stg_order_items_product_id.5154a8a6f6: /* {"app": "dbt", "dbt_version": "1.12.2", "profile_name": "analytics", "target_name": "dev", "node_id": "test.analytics.not_null_stg_order_items_product_id.5154a8a6f6"} */

    
    
    select
      count(*) as failures,
      count(*) != 0 as should_warn,
      count(*) != 0 as should_error
    from (
      
    
  
    
    



select product_id
from `raw`.`stg_order_items`
where product_id is null



  
  
    ) dbt_internal_test...
[0m18:59:12.213707 [debug] [Thread-3 (]: dbt_clickhouse adapter: On test.analytics.not_null_stg_order_items_order_item_id.26a7e2bc35: /* {"app": "dbt", "dbt_version": "1.12.2", "profile_name": "analytics", "target_name": "dev", "node_id": "test.analytics.not_null_stg_order_items_order_item_id.26a7e2bc35"} */

    
    
    select
      count(*) as failures,
      count(*) != 0 as should_warn,
      count(*) != 0 as should_error
    from (
      
    
  
    
    



select order_item_id
from `raw`.`stg_order_items`
where order_item_id is null



  
  
    ) dbt_internal_test...
[0m18:59:12.219304 [debug] [Thread-4 (]: dbt_clickhouse adapter: SQL status: OK in 0.02 seconds
[0m18:59:12.225360 [info ] [Thread-4 (]: 4 of 11 PASS not_null_stg_order_items_product_id ............................... [[32mPASS[0m in 0.46s]
[0m18:59:12.241014 [debug] [Thread-4 (]: Finished running node test.analytics.not_null_stg_order_items_product_id.5154a8a6f6
[0m18:59:12.242862 [debug] [Thread-4 (]: Began running node test.analytics.not_null_stg_orders_order_id.81cfe2fe64
[0m18:59:12.246334 [debug] [Thread-1 (]: dbt_clickhouse adapter: On test.analytics.not_null_stg_orders_customer_id.af79d5e4b5: /* {"app": "dbt", "dbt_version": "1.12.2", "profile_name": "analytics", "target_name": "dev", "node_id": "test.analytics.not_null_stg_orders_customer_id.af79d5e4b5"} */

    
    
    select
      count(*) as failures,
      count(*) != 0 as should_warn,
      count(*) != 0 as should_error
    from (
      
    
  
    
    



select customer_id
from `raw`.`stg_orders`
where customer_id is null



  
  
    ) dbt_internal_test...
[0m18:59:12.245239 [info ] [Thread-4 (]: 6 of 11 START test not_null_stg_orders_order_id ................................ [RUN]
[0m18:59:12.255331 [debug] [Thread-3 (]: dbt_clickhouse adapter: SQL status: OK in 0.04 seconds
[0m18:59:12.256949 [debug] [Thread-4 (]: Re-using an available connection from the pool (formerly test.analytics.not_null_stg_order_items_product_id.5154a8a6f6, now test.analytics.not_null_stg_orders_order_id.81cfe2fe64)
[0m18:59:12.249517 [debug] [Thread-2 (]: dbt_clickhouse adapter: On test.analytics.not_null_stg_order_items_order_id.2063801f96: /* {"app": "dbt", "dbt_version": "1.12.2", "profile_name": "analytics", "target_name": "dev", "node_id": "test.analytics.not_null_stg_order_items_order_id.2063801f96"} */

    
    
    select
      count(*) as failures,
      count(*) != 0 as should_warn,
      count(*) != 0 as should_error
    from (
      
    
  
    
    



select order_id
from `raw`.`stg_order_items`
where order_id is null



  
  
    ) dbt_internal_test...
[0m18:59:12.265644 [info ] [Thread-3 (]: 3 of 11 PASS not_null_stg_order_items_order_item_id ............................ [[32mPASS[0m in 0.50s]
[0m18:59:12.267793 [debug] [Thread-4 (]: Began compiling node test.analytics.not_null_stg_orders_order_id.81cfe2fe64
[0m18:59:12.272600 [debug] [Thread-3 (]: Finished running node test.analytics.not_null_stg_order_items_order_item_id.26a7e2bc35
[0m18:59:12.273619 [debug] [Thread-1 (]: dbt_clickhouse adapter: SQL status: OK in 0.03 seconds
[0m18:59:12.286918 [debug] [Thread-2 (]: dbt_clickhouse adapter: SQL status: OK in 0.02 seconds
[0m18:59:12.292436 [debug] [Thread-4 (]: Writing injected SQL for node "test.analytics.not_null_stg_orders_order_id.81cfe2fe64"
[0m18:59:12.293496 [debug] [Thread-3 (]: Began running node test.analytics.not_null_stg_products_product_id.6373b0acf3
[0m18:59:12.297512 [info ] [Thread-1 (]: 5 of 11 PASS not_null_stg_orders_customer_id ................................... [[32mPASS[0m in 0.19s]
[0m18:59:12.305533 [info ] [Thread-2 (]: 2 of 11 PASS not_null_stg_order_items_order_id ................................. [[32mPASS[0m in 0.54s]
[0m18:59:12.308301 [info ] [Thread-3 (]: 7 of 11 START test not_null_stg_products_product_id ............................ [RUN]
[0m18:59:12.310314 [debug] [Thread-1 (]: Finished running node test.analytics.not_null_stg_orders_customer_id.af79d5e4b5
[0m18:59:12.312095 [debug] [Thread-2 (]: Finished running node test.analytics.not_null_stg_order_items_order_id.2063801f96
[0m18:59:12.313633 [debug] [Thread-3 (]: Re-using an available connection from the pool (formerly test.analytics.not_null_stg_order_items_order_item_id.26a7e2bc35, now test.analytics.not_null_stg_products_product_id.6373b0acf3)
[0m18:59:12.315036 [debug] [Thread-1 (]: Began running node test.analytics.unique_stg_customers_customer_id.c7614daada
[0m18:59:12.316262 [debug] [Thread-2 (]: Began running node test.analytics.unique_stg_order_items_order_item_id.90e333a108
[0m18:59:12.317365 [debug] [Thread-3 (]: Began compiling node test.analytics.not_null_stg_products_product_id.6373b0acf3
[0m18:59:12.318467 [info ] [Thread-1 (]: 8 of 11 START test unique_stg_customers_customer_id ............................ [RUN]
[0m18:59:12.319948 [info ] [Thread-2 (]: 9 of 11 START test unique_stg_order_items_order_item_id ........................ [RUN]
[0m18:59:12.336169 [debug] [Thread-3 (]: Writing injected SQL for node "test.analytics.not_null_stg_products_product_id.6373b0acf3"
[0m18:59:12.337388 [debug] [Thread-1 (]: Re-using an available connection from the pool (formerly test.analytics.not_null_stg_orders_customer_id.af79d5e4b5, now test.analytics.unique_stg_customers_customer_id.c7614daada)
[0m18:59:12.338956 [debug] [Thread-2 (]: Re-using an available connection from the pool (formerly test.analytics.not_null_stg_order_items_order_id.2063801f96, now test.analytics.unique_stg_order_items_order_item_id.90e333a108)
[0m18:59:12.341666 [debug] [Thread-4 (]: Began executing node test.analytics.not_null_stg_orders_order_id.81cfe2fe64
[0m18:59:12.342773 [debug] [Thread-1 (]: Began compiling node test.analytics.unique_stg_customers_customer_id.c7614daada
[0m18:59:12.344165 [debug] [Thread-2 (]: Began compiling node test.analytics.unique_stg_order_items_order_item_id.90e333a108
[0m18:59:12.348285 [debug] [Thread-4 (]: Writing runtime sql for node "test.analytics.not_null_stg_orders_order_id.81cfe2fe64"
[0m18:59:12.365252 [debug] [Thread-1 (]: Writing injected SQL for node "test.analytics.unique_stg_customers_customer_id.c7614daada"
[0m18:59:12.372142 [debug] [Thread-3 (]: Began executing node test.analytics.not_null_stg_products_product_id.6373b0acf3
[0m18:59:12.380428 [debug] [Thread-2 (]: Writing injected SQL for node "test.analytics.unique_stg_order_items_order_item_id.90e333a108"
[0m18:59:12.386719 [debug] [Thread-3 (]: Writing runtime sql for node "test.analytics.not_null_stg_products_product_id.6373b0acf3"
[0m18:59:12.396133 [debug] [Thread-1 (]: Began executing node test.analytics.unique_stg_customers_customer_id.c7614daada
[0m18:59:12.397343 [debug] [Thread-4 (]: dbt_clickhouse adapter: On test.analytics.not_null_stg_orders_order_id.81cfe2fe64: /* {"app": "dbt", "dbt_version": "1.12.2", "profile_name": "analytics", "target_name": "dev", "node_id": "test.analytics.not_null_stg_orders_order_id.81cfe2fe64"} */

    
    
    select
      count(*) as failures,
      count(*) != 0 as should_warn,
      count(*) != 0 as should_error
    from (
      
    
  
    
    



select order_id
from `raw`.`stg_orders`
where order_id is null



  
  
    ) dbt_internal_test...
[0m18:59:12.402151 [debug] [Thread-1 (]: Writing runtime sql for node "test.analytics.unique_stg_customers_customer_id.c7614daada"
[0m18:59:12.403328 [debug] [Thread-2 (]: Began executing node test.analytics.unique_stg_order_items_order_item_id.90e333a108
[0m18:59:12.408970 [debug] [Thread-2 (]: Writing runtime sql for node "test.analytics.unique_stg_order_items_order_item_id.90e333a108"
[0m18:59:12.410150 [debug] [Thread-3 (]: dbt_clickhouse adapter: On test.analytics.not_null_stg_products_product_id.6373b0acf3: /* {"app": "dbt", "dbt_version": "1.12.2", "profile_name": "analytics", "target_name": "dev", "node_id": "test.analytics.not_null_stg_products_product_id.6373b0acf3"} */

    
    
    select
      count(*) as failures,
      count(*) != 0 as should_warn,
      count(*) != 0 as should_error
    from (
      
    
  
    
    



select product_id
from `raw`.`stg_products`
where product_id is null



  
  
    ) dbt_internal_test...
[0m18:59:12.432306 [debug] [Thread-3 (]: dbt_clickhouse adapter: SQL status: OK in 0.02 seconds
[0m18:59:12.442384 [debug] [Thread-4 (]: dbt_clickhouse adapter: SQL status: OK in 0.04 seconds
[0m18:59:12.445664 [debug] [Thread-1 (]: dbt_clickhouse adapter: On test.analytics.unique_stg_customers_customer_id.c7614daada: /* {"app": "dbt", "dbt_version": "1.12.2", "profile_name": "analytics", "target_name": "dev", "node_id": "test.analytics.unique_stg_customers_customer_id.c7614daada"} */

    
    
    select
      count(*) as failures,
      count(*) != 0 as should_warn,
      count(*) != 0 as should_error
    from (
      
    
  
    
    

select
    customer_id as unique_field,
    count(*) as n_records

from `raw`.`stg_customers`
where customer_id is not null
group by customer_id
having count(*) > 1



  
  
    ) dbt_internal_test...
[0m18:59:12.443842 [info ] [Thread-3 (]: 7 of 11 PASS not_null_stg_products_product_id .................................. [[32mPASS[0m in 0.13s]
[0m18:59:12.450115 [info ] [Thread-4 (]: 6 of 11 PASS not_null_stg_orders_order_id ...................................... [[32mPASS[0m in 0.19s]
[0m18:59:12.471667 [debug] [Thread-3 (]: Finished running node test.analytics.not_null_stg_products_product_id.6373b0acf3
[0m18:59:12.473535 [debug] [Thread-4 (]: Finished running node test.analytics.not_null_stg_orders_order_id.81cfe2fe64
[0m18:59:12.479814 [debug] [Thread-4 (]: Began running node test.analytics.unique_stg_products_product_id.7d950a1467
[0m18:59:12.476192 [debug] [Thread-3 (]: Began running node test.analytics.unique_stg_orders_order_id.e3b841c71a
[0m18:59:12.474990 [debug] [Thread-2 (]: dbt_clickhouse adapter: On test.analytics.unique_stg_order_items_order_item_id.90e333a108: /* {"app": "dbt", "dbt_version": "1.12.2", "profile_name": "analytics", "target_name": "dev", "node_id": "test.analytics.unique_stg_order_items_order_item_id.90e333a108"} */

    
    
    select
      count(*) as failures,
      count(*) != 0 as should_warn,
      count(*) != 0 as should_error
    from (
      
    
  
    
    

select
    order_item_id as unique_field,
    count(*) as n_records

from `raw`.`stg_order_items`
where order_item_id is not null
group by order_item_id
having count(*) > 1



  
  
    ) dbt_internal_test...
[0m18:59:12.492483 [info ] [Thread-4 (]: 11 of 11 START test unique_stg_products_product_id ............................. [RUN]
[0m18:59:12.496787 [info ] [Thread-3 (]: 10 of 11 START test unique_stg_orders_order_id ................................. [RUN]
[0m18:59:12.502908 [debug] [Thread-4 (]: Re-using an available connection from the pool (formerly test.analytics.not_null_stg_orders_order_id.81cfe2fe64, now test.analytics.unique_stg_products_product_id.7d950a1467)
[0m18:59:12.515334 [debug] [Thread-4 (]: Began compiling node test.analytics.unique_stg_products_product_id.7d950a1467
[0m18:59:12.505624 [debug] [Thread-3 (]: Re-using an available connection from the pool (formerly test.analytics.not_null_stg_products_product_id.6373b0acf3, now test.analytics.unique_stg_orders_order_id.e3b841c71a)
[0m18:59:12.543264 [debug] [Thread-3 (]: Began compiling node test.analytics.unique_stg_orders_order_id.e3b841c71a
[0m18:59:12.540708 [debug] [Thread-4 (]: Writing injected SQL for node "test.analytics.unique_stg_products_product_id.7d950a1467"
[0m18:59:12.565603 [debug] [Thread-1 (]: dbt_clickhouse adapter: SQL status: OK in 0.11 seconds
[0m18:59:12.588573 [debug] [Thread-3 (]: Writing injected SQL for node "test.analytics.unique_stg_orders_order_id.e3b841c71a"
[0m18:59:12.617140 [info ] [Thread-1 (]: 8 of 11 PASS unique_stg_customers_customer_id .................................. [[32mPASS[0m in 0.28s]
[0m18:59:12.635167 [debug] [Thread-1 (]: Finished running node test.analytics.unique_stg_customers_customer_id.c7614daada
[0m18:59:12.671258 [debug] [Thread-4 (]: Began executing node test.analytics.unique_stg_products_product_id.7d950a1467
[0m18:59:12.684907 [debug] [Thread-4 (]: Writing runtime sql for node "test.analytics.unique_stg_products_product_id.7d950a1467"
[0m18:59:12.706628 [debug] [Thread-3 (]: Began executing node test.analytics.unique_stg_orders_order_id.e3b841c71a
[0m18:59:12.723943 [debug] [Thread-3 (]: Writing runtime sql for node "test.analytics.unique_stg_orders_order_id.e3b841c71a"
[0m18:59:12.804962 [debug] [Thread-4 (]: dbt_clickhouse adapter: On test.analytics.unique_stg_products_product_id.7d950a1467: /* {"app": "dbt", "dbt_version": "1.12.2", "profile_name": "analytics", "target_name": "dev", "node_id": "test.analytics.unique_stg_products_product_id.7d950a1467"} */

    
    
    select
      count(*) as failures,
      count(*) != 0 as should_warn,
      count(*) != 0 as should_error
    from (
      
    
  
    
    

select
    product_id as unique_field,
    count(*) as n_records

from `raw`.`stg_products`
where product_id is not null
group by product_id
having count(*) > 1



  
  
    ) dbt_internal_test...
[0m18:59:12.840754 [debug] [Thread-3 (]: dbt_clickhouse adapter: On test.analytics.unique_stg_orders_order_id.e3b841c71a: /* {"app": "dbt", "dbt_version": "1.12.2", "profile_name": "analytics", "target_name": "dev", "node_id": "test.analytics.unique_stg_orders_order_id.e3b841c71a"} */

    
    
    select
      count(*) as failures,
      count(*) != 0 as should_warn,
      count(*) != 0 as should_error
    from (
      
    
  
    
    

select
    order_id as unique_field,
    count(*) as n_records

from `raw`.`stg_orders`
where order_id is not null
group by order_id
having count(*) > 1



  
  
    ) dbt_internal_test...
[0m18:59:12.914614 [debug] [Thread-4 (]: dbt_clickhouse adapter: SQL status: OK in 0.11 seconds
[0m18:59:12.918326 [info ] [Thread-4 (]: 11 of 11 PASS unique_stg_products_product_id ................................... [[32mPASS[0m in 0.42s]
[0m18:59:12.926648 [debug] [Thread-4 (]: Finished running node test.analytics.unique_stg_products_product_id.7d950a1467
[0m18:59:13.298550 [debug] [Thread-3 (]: dbt_clickhouse adapter: SQL status: OK in 0.46 seconds
[0m18:59:13.311086 [info ] [Thread-3 (]: 10 of 11 PASS unique_stg_orders_order_id ....................................... [[32mPASS[0m in 0.80s]
[0m18:59:13.321714 [debug] [Thread-3 (]: Finished running node test.analytics.unique_stg_orders_order_id.e3b841c71a
[0m18:59:13.588990 [debug] [Thread-2 (]: dbt_clickhouse adapter: SQL status: OK in 1.09 seconds
[0m18:59:13.592041 [info ] [Thread-2 (]: 9 of 11 PASS unique_stg_order_items_order_item_id .............................. [[32mPASS[0m in 1.25s]
[0m18:59:13.593289 [debug] [Thread-2 (]: Finished running node test.analytics.unique_stg_order_items_order_item_id.90e333a108
[0m18:59:13.596463 [debug] [MainThread]: Connection 'master' was properly closed.
[0m18:59:13.597365 [debug] [MainThread]: Connection 'test.analytics.unique_stg_customers_customer_id.c7614daada' was left open.
[0m18:59:13.598369 [debug] [MainThread]: On test.analytics.unique_stg_customers_customer_id.c7614daada: Close
[0m18:59:13.599725 [debug] [MainThread]: Connection 'test.analytics.unique_stg_order_items_order_item_id.90e333a108' was left open.
[0m18:59:13.600811 [debug] [MainThread]: On test.analytics.unique_stg_order_items_order_item_id.90e333a108: Close
[0m18:59:13.601983 [debug] [MainThread]: Connection 'test.analytics.unique_stg_orders_order_id.e3b841c71a' was left open.
[0m18:59:13.603111 [debug] [MainThread]: On test.analytics.unique_stg_orders_order_id.e3b841c71a: Close
[0m18:59:13.604210 [debug] [MainThread]: Connection 'test.analytics.unique_stg_products_product_id.7d950a1467' was left open.
[0m18:59:13.605249 [debug] [MainThread]: On test.analytics.unique_stg_products_product_id.7d950a1467: Close
[0m18:59:13.606192 [info ] [MainThread]: 
[0m18:59:13.607535 [info ] [MainThread]: Finished running 11 data tests in 0 hours 0 minutes and 2.22 seconds (2.22s).
[0m18:59:13.612288 [debug] [MainThread]: Command end result
[0m18:59:13.687236 [debug] [MainThread]: Wrote artifact WritableManifest to /opt/airflow/dbt/target/manifest.json
[0m18:59:13.696227 [debug] [MainThread]: Wrote artifact SemanticManifest to /opt/airflow/dbt/target/semantic_manifest.json
[0m18:59:13.705558 [debug] [MainThread]: Wrote artifact OsiDocument to /opt/airflow/dbt/target/osi_document.json
[0m18:59:13.720416 [debug] [MainThread]: Wrote artifact RunExecutionResult to /opt/airflow/dbt/target/run_results.json
[0m18:59:13.721845 [info ] [MainThread]: 
[0m18:59:13.723381 [info ] [MainThread]: [32mCompleted successfully[0m
[0m18:59:13.724852 [info ] [MainThread]: 
[0m18:59:13.725652 [info ] [MainThread]: Done. PASS=11 WARN=0 ERROR=0 SKIP=0 NO-OP=0 REUSED=0 TOTAL=11
[0m18:59:13.727144 [debug] [MainThread]: Resource report: {"command_name": "test", "command_success": true, "command_wall_clock_time": 3.783327, "process_in_blocks": "4608", "process_kernel_time": 0.59637, "process_mem_max_rss": "161324", "process_out_blocks": "0", "process_user_time": 5.230042}
[0m18:59:13.728054 [debug] [MainThread]: Command `dbt test` succeeded at 18:59:13.727882 after 3.78 seconds
[0m18:59:13.728736 [debug] [MainThread]: Sending event: {'category': 'dbt', 'action': 'invocation', 'label': 'end', 'context': [<snowplow_tracker.self_describing_json.SelfDescribingJson object at 0x71f51e1ffec0>, <snowplow_tracker.self_describing_json.SelfDescribingJson object at 0x71f51f971e20>, <snowplow_tracker.self_describing_json.SelfDescribingJson object at 0x71f51fdd8890>]}
[0m18:59:13.729443 [debug] [MainThread]: Flushing usage events
[0m18:59:14.369696 [debug] [MainThread]: An error was encountered while trying to flush usage events
==================== 2026-09-06T17:16:34.570455Z | 01a077b8-cb4f-7491-8f82-159c9ecae6f4 ====================
17:16:34.872580 [info ]: 
==================== Execution Summary =====================
Finished 'internal' successfully [302ms]
[0m17:21:28.280527 [debug] [MainThread]: Sending event: {'category': 'dbt', 'action': 'invocation', 'label': 'start', 'context': [<snowplow_tracker.self_describing_json.SelfDescribingJson object at 0x77c9b2a7da00>, <snowplow_tracker.self_describing_json.SelfDescribingJson object at 0x77c9b173af60>, <snowplow_tracker.self_describing_json.SelfDescribingJson object at 0x77c9b0b526c0>]}


============================== 17:21:28.290317 | bad8be57-8afc-4902-864a-496075458c73 ==============================
[0m17:21:28.290317 [info ] [MainThread]: Running with dbt=1.12.2
[0m17:21:28.291573 [debug] [MainThread]: running dbt with arguments {'fail_fast': 'False', 'printer_width': '80', 'cache_selected_only': 'False', 'log_path': '/opt/airflow/dbt/logs', 'log_format': 'default', 'invocation_command': 'dbt run --project-dir /opt/airflow/dbt --profiles-dir /opt/airflow/dbt', 'introspect': 'True', 'version_check': 'True', 'indirect_selection': 'eager', 'hints_enabled': 'True', 'debug': 'False', 'profiles_dir': '/opt/airflow/dbt', 'maximum_seed_size_mib': '1', 'use_experimental_parser': 'False', 'target_path': 'None', 'write_json': 'True', 'warn_error_options': 'WarnErrorOptionsV2(error=[], warn=[], silence=[])', 'no_print': 'None', 'quiet': 'False', 'send_anonymous_usage_stats': 'True', 'use_colors': 'True', 'partial_parse': 'True', 'log_cache_events': 'False', 'empty': 'False', 'warn_error': 'None', 'static_parser': 'True'}
[0m17:21:28.591868 [debug] [MainThread]: Sending event: {'category': 'dbt', 'action': 'project_id', 'label': 'bad8be57-8afc-4902-864a-496075458c73', 'context': [<snowplow_tracker.self_describing_json.SelfDescribingJson object at 0x77c9b089a120>]}
[0m17:21:28.671132 [debug] [MainThread]: Sending event: {'category': 'dbt', 'action': 'adapter_info', 'label': 'bad8be57-8afc-4902-864a-496075458c73', 'context': [<snowplow_tracker.self_describing_json.SelfDescribingJson object at 0x77c9b0959e20>]}
[0m17:21:28.673142 [info ] [MainThread]: Registered adapter: clickhouse=1.9.3
[0m17:21:28.781113 [debug] [MainThread]: checksum: adba77356f91f81a11ee2fa729542f151b163d2280a76ec0a147e0b39f20e5da, vars: {}, profile: analytics, target: dev, version: 1.12.2
[0m17:21:28.948484 [info ] [MainThread]: Unable to do partial parsing because a project config has changed
[0m17:21:28.949393 [debug] [MainThread]: Sending event: {'category': 'dbt', 'action': 'partial_parser', 'label': 'bad8be57-8afc-4902-864a-496075458c73', 'context': [<snowplow_tracker.self_describing_json.SelfDescribingJson object at 0x77c9b04c3c50>]}
[0m17:21:31.086838 [debug] [MainThread]: Sending event: {'category': 'dbt', 'action': 'load_project', 'label': 'bad8be57-8afc-4902-864a-496075458c73', 'context': [<snowplow_tracker.self_describing_json.SelfDescribingJson object at 0x77c9b08ebf20>]}
[0m17:21:31.300943 [debug] [MainThread]: Wrote artifact WritableManifest to /opt/airflow/dbt/target/manifest.json
[0m17:21:31.315487 [debug] [MainThread]: Wrote artifact SemanticManifest to /opt/airflow/dbt/target/semantic_manifest.json
[0m17:21:31.352035 [debug] [MainThread]: Wrote artifact OsiDocument to /opt/airflow/dbt/target/osi_document.json
[0m17:21:31.406897 [debug] [MainThread]: Sending event: {'category': 'dbt', 'action': 'resource_counts', 'label': 'bad8be57-8afc-4902-864a-496075458c73', 'context': [<snowplow_tracker.self_describing_json.SelfDescribingJson object at 0x77c9b362d010>]}
[0m17:21:31.408005 [info ] [MainThread]: Found 7 models, 11 data tests, 4 sources, 521 macros
[0m17:21:31.409154 [debug] [MainThread]: Sending event: {'category': 'dbt', 'action': 'runnable_timing', 'label': 'bad8be57-8afc-4902-864a-496075458c73', 'context': [<snowplow_tracker.self_describing_json.SelfDescribingJson object at 0x77c9aeea5970>]}
[0m17:21:31.412501 [info ] [MainThread]: 
[0m17:21:31.413384 [info ] [MainThread]: Concurrency: 4 threads (target='dev')
[0m17:21:31.414412 [info ] [MainThread]: 
[0m17:21:31.416058 [debug] [MainThread]: Acquiring new clickhouse connection 'master'
[0m17:21:31.430165 [debug] [ThreadPool]: Acquiring new clickhouse connection 'list_'
[0m17:21:31.436314 [debug] [ThreadPool]: Acquiring new clickhouse connection 'list_'
[0m17:21:31.444435 [debug] [ThreadPool]: Opening a new connection, currently in state init
[0m17:21:31.445753 [debug] [ThreadPool]: Opening a new connection, currently in state init
[0m17:21:31.683345 [debug] [ThreadPool]: dbt_clickhouse adapter: On list_: /* {"app": "dbt", "dbt_version": "1.12.2", "profile_name": "analytics", "target_name": "dev", "connection_name": "list_"} */

    select name from system.databases
  ...
[0m17:21:31.685468 [debug] [ThreadPool]: dbt_clickhouse adapter: On list_: /* {"app": "dbt", "dbt_version": "1.12.2", "profile_name": "analytics", "target_name": "dev", "connection_name": "list_"} */

    select name from system.databases
  ...
[0m17:21:31.686759 [debug] [ThreadPool]: dbt_clickhouse adapter: SQL status: OK in 0.00 seconds
[0m17:21:31.690166 [debug] [ThreadPool]: dbt_clickhouse adapter: SQL status: OK in 0.00 seconds
[0m17:21:31.723796 [debug] [ThreadPool]: Re-using an available connection from the pool (formerly list_, now create__raw_analytics)
[0m17:21:31.724366 [debug] [ThreadPool]: Re-using an available connection from the pool (formerly list_, now create__raw_staging)
[0m17:21:31.724925 [debug] [ThreadPool]: Creating schema "schema: "raw_analytics"
"
[0m17:21:31.725626 [debug] [ThreadPool]: Creating schema "schema: "raw_staging"
"
[0m17:21:31.735576 [debug] [ThreadPool]: dbt_clickhouse adapter: On create__raw_analytics: /* {"app": "dbt", "dbt_version": "1.12.2", "profile_name": "analytics", "target_name": "dev", "connection_name": "create__raw_analytics"} */
create database if not exists `raw_analytics`
        
  
        
  ...
[0m17:21:31.738579 [debug] [ThreadPool]: dbt_clickhouse adapter: On create__raw_staging: /* {"app": "dbt", "dbt_version": "1.12.2", "profile_name": "analytics", "target_name": "dev", "connection_name": "create__raw_staging"} */
create database if not exists `raw_staging`
        
  
        
  ...
[0m17:21:31.753609 [debug] [ThreadPool]: dbt_clickhouse adapter: Error running SQL: /* {"app": "dbt", "dbt_version": "1.12.2", "profile_name": "analytics", "target_name": "dev", "connection_name": "create__raw_staging"} */
create database if not exists `raw_staging`
        
  
        
  
[0m17:21:31.754303 [debug] [ThreadPool]: dbt_clickhouse adapter: Error running SQL: /* {"app": "dbt", "dbt_version": "1.12.2", "profile_name": "analytics", "target_name": "dev", "connection_name": "create__raw_analytics"} */
create database if not exists `raw_analytics`
        
  
        
  
[0m17:21:31.754981 [debug] [ThreadPool]: dbt_clickhouse adapter: Error running SQL: macro create_schema
[0m17:21:31.755982 [debug] [ThreadPool]: dbt_clickhouse adapter: Error running SQL: macro create_schema
[0m17:21:31.758007 [debug] [MainThread]: Connection 'master' was properly closed.
[0m17:21:31.758749 [debug] [MainThread]: Connection 'create__raw_analytics' was left open.
[0m17:21:31.759657 [debug] [MainThread]: On create__raw_analytics: Close
[0m17:21:31.760609 [debug] [MainThread]: Connection 'create__raw_staging' was left open.
[0m17:21:31.763086 [debug] [MainThread]: On create__raw_staging: Close
[0m17:21:31.764133 [info ] [MainThread]: 
[0m17:21:31.765408 [info ] [MainThread]: Finished running  in 0 hours 0 minutes and 0.35 seconds (0.35s).
[0m17:21:31.767286 [error] [MainThread]: [[31mERROR[0m]: Encountered an error:
Database Error
  Code: 497.
  DB::Exception: dbt: Not enough privileges. To execute this query, it's necessary to have the grant CREATE DATABASE ON raw_staging.*. Stack trace:
  
  0. DB::Exception::Exception(DB::Exception::MessageMasked&&, int, bool) @ 0x000000001372225f
  1. DB::Exception::Exception(String&&, int, String, bool) @ 0x000000000cb3b0ce
  2. DB::Exception::Exception(PreformattedMessage&&, int) @ 0x000000000cb3ab80
  3. DB::Exception::Exception<String, String>(int, FormatStringHelperImpl<std::type_identity<String>::type, std::type_identity<String>::type>, String&&, String&&) @ 0x000000000cb3a5ab
  4. bool DB::ContextAccess::checkAccessImplHelper<true, false, false, std::basic_string_view<char, std::char_traits<char>>>(std::shared_ptr<DB::Context const> const&, DB::AccessFlags, std::basic_string_view<char, std::char_traits<char>> const&) const @ 0x0000000016c1c452
  5. bool DB::ContextAccess::checkAccessImplHelper<true, false, false>(std::shared_ptr<DB::Context const> const&, DB::AccessRightsElement const&) const @ 0x0000000016c2632c
  6. DB::Context::checkAccess(DB::AccessRightsElements const&) const @ 0x000000001809897b
  7. DB::InterpreterCreateQuery::execute() @ 0x00000000182dbaff
  8. DB::executeQueryImpl(char const*, char const*, std::shared_ptr<DB::Context>, DB::QueryFlags, DB::QueryProcessingStage::Enum, std::unique_ptr<DB::ReadBuffer, std::default_delete<DB::ReadBuffer>>&, std::shared_ptr<DB::IAST>&, std::shared_ptr<DB::ImplicitTransactionControlExecutor>) @ 0x0000000018772719
  9. DB::executeQuery(String const&, std::shared_ptr<DB::Context>, DB::QueryFlags, DB::QueryProcessingStage::Enum) @ 0x000000001876a68b
  10. DB::TCPHandler::runImpl() @ 0x0000000019e5f590
  11. DB::TCPHandler::run() @ 0x0000000019e81619
  12. Poco::Net::TCPServerConnection::start() @ 0x000000001f485887
  13. Poco::Net::TCPServerDispatcher::run() @ 0x000000001f485d19
  14. Poco::PooledThread::run() @ 0x000000001f44c387
  15. Poco::ThreadImpl::runnableEntry(void*) @ 0x000000001f44a781
  16. ? @ 0x0000000000094a83
  17. ? @ 0x0000000000125a44
[0m17:21:31.769977 [debug] [MainThread]: Resource report: {"command_name": "run", "command_success": false, "command_wall_clock_time": 3.6310227, "process_in_blocks": "48624", "process_kernel_time": 0.494877, "process_mem_max_rss": "164348", "process_out_blocks": "2392", "process_user_time": 5.615266}
[0m17:21:31.771112 [debug] [MainThread]: Command `dbt run` failed at 17:21:31.770976 after 3.63 seconds
[0m17:21:31.771823 [debug] [MainThread]: Sending event: {'category': 'dbt', 'action': 'invocation', 'label': 'end', 'context': [<snowplow_tracker.self_describing_json.SelfDescribingJson object at 0x77c9b1d66570>, <snowplow_tracker.self_describing_json.SelfDescribingJson object at 0x77c9acf13fb0>, <snowplow_tracker.self_describing_json.SelfDescribingJson object at 0x77c9acf38470>]}
[0m17:21:31.772600 [debug] [MainThread]: Flushing usage events
[0m17:21:32.732687 [debug] [MainThread]: An error was encountered while trying to flush usage events
[0m17:27:11.097383 [debug] [MainThread]: Sending event: {'category': 'dbt', 'action': 'invocation', 'label': 'start', 'context': [<snowplow_tracker.self_describing_json.SelfDescribingJson object at 0x7107a04a59a0>, <snowplow_tracker.self_describing_json.SelfDescribingJson object at 0x7107a03fac60>, <snowplow_tracker.self_describing_json.SelfDescribingJson object at 0x7107a03f8950>]}


============================== 17:27:11.106028 | 8d9acee4-27e6-40b4-b715-0fc0c788572b ==============================
[0m17:27:11.106028 [info ] [MainThread]: Running with dbt=1.12.2
[0m17:27:11.107684 [debug] [MainThread]: running dbt with arguments {'fail_fast': 'False', 'no_print': 'None', 'indirect_selection': 'eager', 'use_experimental_parser': 'False', 'send_anonymous_usage_stats': 'True', 'warn_error_options': 'WarnErrorOptionsV2(error=[], warn=[], silence=[])', 'introspect': 'True', 'cache_selected_only': 'False', 'log_cache_events': 'False', 'profiles_dir': '/opt/airflow/dbt', 'printer_width': '80', 'quiet': 'False', 'warn_error': 'None', 'partial_parse': 'True', 'log_path': '/opt/airflow/dbt/logs', 'log_format': 'default', 'write_json': 'True', 'debug': 'False', 'empty': 'False', 'version_check': 'True', 'use_colors': 'True', 'maximum_seed_size_mib': '1', 'target_path': 'None', 'hints_enabled': 'True', 'invocation_command': 'dbt run --project-dir /opt/airflow/dbt --profiles-dir /opt/airflow/dbt', 'static_parser': 'True'}
[0m17:27:11.367073 [debug] [MainThread]: Sending event: {'category': 'dbt', 'action': 'project_id', 'label': '8d9acee4-27e6-40b4-b715-0fc0c788572b', 'context': [<snowplow_tracker.self_describing_json.SelfDescribingJson object at 0x71079f654e30>]}
[0m17:27:11.451440 [debug] [MainThread]: Sending event: {'category': 'dbt', 'action': 'adapter_info', 'label': '8d9acee4-27e6-40b4-b715-0fc0c788572b', 'context': [<snowplow_tracker.self_describing_json.SelfDescribingJson object at 0x71079f8f8080>]}
[0m17:27:11.453615 [info ] [MainThread]: Registered adapter: clickhouse=1.9.3
[0m17:27:11.573188 [debug] [MainThread]: checksum: adba77356f91f81a11ee2fa729542f151b163d2280a76ec0a147e0b39f20e5da, vars: {}, profile: analytics, target: dev, version: 1.12.2
[0m17:27:11.827736 [debug] [MainThread]: Partial parsing enabled: 0 files deleted, 0 files added, 0 files changed.
[0m17:27:11.829252 [debug] [MainThread]: Nothing changed, skipping partial parsing.
[0m17:27:11.830057 [debug] [MainThread]: Partial parsing enabled, no changes found, skipping parsing
[0m17:27:11.842497 [debug] [MainThread]: Sending event: {'category': 'dbt', 'action': 'load_project', 'label': '8d9acee4-27e6-40b4-b715-0fc0c788572b', 'context': [<snowplow_tracker.self_describing_json.SelfDescribingJson object at 0x71079f5ce690>]}
[0m17:27:12.038129 [debug] [MainThread]: Wrote artifact WritableManifest to /opt/airflow/dbt/target/manifest.json
[0m17:27:12.046058 [debug] [MainThread]: Wrote artifact SemanticManifest to /opt/airflow/dbt/target/semantic_manifest.json
[0m17:27:12.071602 [debug] [MainThread]: Wrote artifact OsiDocument to /opt/airflow/dbt/target/osi_document.json
[0m17:27:12.100993 [debug] [MainThread]: Sending event: {'category': 'dbt', 'action': 'resource_counts', 'label': '8d9acee4-27e6-40b4-b715-0fc0c788572b', 'context': [<snowplow_tracker.self_describing_json.SelfDescribingJson object at 0x71079f38fa70>]}
[0m17:27:12.102250 [info ] [MainThread]: Found 7 models, 11 data tests, 4 sources, 521 macros
[0m17:27:12.103355 [debug] [MainThread]: Sending event: {'category': 'dbt', 'action': 'runnable_timing', 'label': '8d9acee4-27e6-40b4-b715-0fc0c788572b', 'context': [<snowplow_tracker.self_describing_json.SelfDescribingJson object at 0x71079f1f1400>]}
[0m17:27:12.107618 [info ] [MainThread]: 
[0m17:27:12.108650 [info ] [MainThread]: Concurrency: 4 threads (target='dev')
[0m17:27:12.110022 [info ] [MainThread]: 
[0m17:27:12.111743 [debug] [MainThread]: Acquiring new clickhouse connection 'master'
[0m17:27:12.123400 [debug] [ThreadPool]: Acquiring new clickhouse connection 'list_'
[0m17:27:12.124824 [debug] [ThreadPool]: Acquiring new clickhouse connection 'list_'
[0m17:27:12.141892 [debug] [ThreadPool]: Opening a new connection, currently in state init
[0m17:27:12.143508 [debug] [ThreadPool]: Opening a new connection, currently in state init
[0m17:27:12.366331 [debug] [ThreadPool]: dbt_clickhouse adapter: On list_: /* {"app": "dbt", "dbt_version": "1.12.2", "profile_name": "analytics", "target_name": "dev", "connection_name": "list_"} */

    select name from system.databases
  ...
[0m17:27:12.369302 [debug] [ThreadPool]: dbt_clickhouse adapter: On list_: /* {"app": "dbt", "dbt_version": "1.12.2", "profile_name": "analytics", "target_name": "dev", "connection_name": "list_"} */

    select name from system.databases
  ...
[0m17:27:12.370506 [debug] [ThreadPool]: dbt_clickhouse adapter: SQL status: OK in 0.00 seconds
[0m17:27:12.375388 [debug] [ThreadPool]: dbt_clickhouse adapter: SQL status: OK in 0.00 seconds
[0m17:27:12.415563 [debug] [ThreadPool]: Re-using an available connection from the pool (formerly list_, now create__raw_staging)
[0m17:27:12.416343 [debug] [ThreadPool]: Re-using an available connection from the pool (formerly list_, now create__raw_analytics)
[0m17:27:12.418381 [debug] [ThreadPool]: Creating schema "schema: "raw_staging"
"
[0m17:27:12.422129 [debug] [ThreadPool]: Creating schema "schema: "raw_analytics"
"
[0m17:27:12.440654 [debug] [ThreadPool]: dbt_clickhouse adapter: On create__raw_staging: /* {"app": "dbt", "dbt_version": "1.12.2", "profile_name": "analytics", "target_name": "dev", "connection_name": "create__raw_staging"} */
create database if not exists `raw_staging`
        
  
        
  ...
[0m17:27:12.441490 [debug] [ThreadPool]: dbt_clickhouse adapter: On create__raw_analytics: /* {"app": "dbt", "dbt_version": "1.12.2", "profile_name": "analytics", "target_name": "dev", "connection_name": "create__raw_analytics"} */
create database if not exists `raw_analytics`
        
  
        
  ...
[0m17:27:12.450275 [debug] [ThreadPool]: dbt_clickhouse adapter: SQL status: OK in 0.01 seconds
[0m17:27:12.453232 [debug] [ThreadPool]: dbt_clickhouse adapter: SQL status: OK in 0.01 seconds
[0m17:27:12.457747 [debug] [ThreadPool]: Re-using an available connection from the pool (formerly create__raw_staging, now list__raw_staging)
[0m17:27:12.459482 [debug] [ThreadPool]: Re-using an available connection from the pool (formerly create__raw_analytics, now list__raw_analytics)
[0m17:27:12.468909 [debug] [ThreadPool]: dbt_clickhouse adapter: On list__raw_staging: /* {"app": "dbt", "dbt_version": "1.12.2", "profile_name": "analytics", "target_name": "dev", "connection_name": "list__raw_staging"} */
select
      t.name as name,
      t.database as schema,
      multiIf(
        engine in ('MaterializedView', 'View'), 'view',
        engine = 'Dictionary', 'dictionary',
        'table'
      ) as type,
      db.engine as db_engine,0 as is_on_cluster
          from system.tables as t join system.databases as db on t.database = db.name
        where schema = 'raw_staging'
      

  ...
[0m17:27:12.472166 [debug] [ThreadPool]: dbt_clickhouse adapter: On list__raw_analytics: /* {"app": "dbt", "dbt_version": "1.12.2", "profile_name": "analytics", "target_name": "dev", "connection_name": "list__raw_analytics"} */
select
      t.name as name,
      t.database as schema,
      multiIf(
        engine in ('MaterializedView', 'View'), 'view',
        engine = 'Dictionary', 'dictionary',
        'table'
      ) as type,
      db.engine as db_engine,0 as is_on_cluster
          from system.tables as t join system.databases as db on t.database = db.name
        where schema = 'raw_analytics'
      

  ...
[0m17:27:12.585872 [debug] [ThreadPool]: dbt_clickhouse adapter: SQL status: OK in 0.11 seconds
[0m17:27:12.586947 [debug] [ThreadPool]: dbt_clickhouse adapter: SQL status: OK in 0.11 seconds
[0m17:27:12.597839 [debug] [MainThread]: Sending event: {'category': 'dbt', 'action': 'runnable_timing', 'label': '8d9acee4-27e6-40b4-b715-0fc0c788572b', 'context': [<snowplow_tracker.self_describing_json.SelfDescribingJson object at 0x7107a27290a0>]}
[0m17:27:12.610904 [debug] [Thread-1 (]: Began running node model.analytics.stg_customers
[0m17:27:12.611999 [debug] [Thread-2 (]: Began running node model.analytics.stg_order_items
[0m17:27:12.612973 [debug] [Thread-3 (]: Began running node model.analytics.stg_orders
[0m17:27:12.614129 [info ] [Thread-1 (]: 1 of 7 START sql view model `raw_staging`.`stg_customers` ...................... [RUN]
[0m17:27:12.616905 [debug] [Thread-4 (]: Began running node model.analytics.stg_products
[0m17:27:12.618714 [info ] [Thread-2 (]: 2 of 7 START sql view model `raw_staging`.`stg_order_items` .................... [RUN]
[0m17:27:12.622844 [info ] [Thread-3 (]: 3 of 7 START sql view model `raw_staging`.`stg_orders` ......................... [RUN]
[0m17:27:12.631873 [debug] [Thread-1 (]: Re-using an available connection from the pool (formerly list__raw_analytics, now model.analytics.stg_customers)
[0m17:27:12.638971 [info ] [Thread-4 (]: 4 of 7 START sql view model `raw_staging`.`stg_products` ....................... [RUN]
[0m17:27:12.641979 [debug] [Thread-2 (]: Re-using an available connection from the pool (formerly list__raw_staging, now model.analytics.stg_order_items)
[0m17:27:12.644875 [debug] [Thread-3 (]: Acquiring new clickhouse connection 'model.analytics.stg_orders'
[0m17:27:12.653914 [debug] [Thread-3 (]: Began compiling node model.analytics.stg_orders
[0m17:27:12.649837 [debug] [Thread-4 (]: Acquiring new clickhouse connection 'model.analytics.stg_products'
[0m17:27:12.652369 [debug] [Thread-2 (]: Began compiling node model.analytics.stg_order_items
[0m17:27:12.647268 [debug] [Thread-1 (]: Began compiling node model.analytics.stg_customers
[0m17:27:12.676952 [debug] [Thread-4 (]: Began compiling node model.analytics.stg_products
[0m17:27:12.688688 [debug] [Thread-3 (]: Writing injected SQL for node "model.analytics.stg_orders"
[0m17:27:12.695258 [debug] [Thread-2 (]: Writing injected SQL for node "model.analytics.stg_order_items"
[0m17:27:12.851544 [debug] [Thread-1 (]: Writing injected SQL for node "model.analytics.stg_customers"
[0m17:27:12.855816 [debug] [Thread-4 (]: Writing injected SQL for node "model.analytics.stg_products"
[0m17:27:12.881733 [debug] [Thread-2 (]: Began executing node model.analytics.stg_order_items
[0m17:27:12.883078 [debug] [Thread-1 (]: Began executing node model.analytics.stg_customers
[0m17:27:12.908561 [debug] [Thread-3 (]: Began executing node model.analytics.stg_orders
[0m17:27:12.920483 [debug] [Thread-4 (]: Began executing node model.analytics.stg_products
[0m17:27:12.949672 [debug] [Thread-2 (]: Creating new relation stg_order_items
[0m17:27:12.967813 [debug] [Thread-3 (]: Creating new relation stg_orders
[0m17:27:12.969743 [debug] [Thread-1 (]: Creating new relation stg_customers
[0m17:27:12.972548 [debug] [Thread-4 (]: Creating new relation stg_products
[0m17:27:13.057628 [debug] [Thread-2 (]: Writing runtime sql for node "model.analytics.stg_order_items"
[0m17:27:13.061417 [debug] [Thread-3 (]: Opening a new connection, currently in state init
[0m17:27:13.063170 [debug] [Thread-1 (]: Writing runtime sql for node "model.analytics.stg_customers"
[0m17:27:13.073552 [debug] [Thread-4 (]: Opening a new connection, currently in state init
[0m17:27:13.105727 [debug] [Thread-1 (]: dbt_clickhouse adapter: On model.analytics.stg_customers: /* {"app": "dbt", "dbt_version": "1.12.2", "profile_name": "analytics", "target_name": "dev", "node_id": "model.analytics.stg_customers"} */


  create or replace view `raw_staging`.`stg_customers` 
  
    
  
  
    
    
  as (
    SELECT
    customer_id,
    name,
    email,
    city,
    registration_date
FROM `raw`.`customers`
    
  )
      
      
                    -- end_of_sql
                    
                    ...
[0m17:27:13.110861 [debug] [Thread-2 (]: dbt_clickhouse adapter: On model.analytics.stg_order_items: /* {"app": "dbt", "dbt_version": "1.12.2", "profile_name": "analytics", "target_name": "dev", "node_id": "model.analytics.stg_order_items"} */


  create or replace view `raw_staging`.`stg_order_items` 
  
    
  
  
    
    
  as (
    SELECT
    order_item_id,
    order_id,
    product_id,
    quantity,
    price,
    total_amount
FROM `raw`.`order_items`
    
  )
      
      
                    -- end_of_sql
                    
                    ...
[0m17:27:13.114972 [debug] [Thread-1 (]: dbt_clickhouse adapter: Error running SQL: /* {"app": "dbt", "dbt_version": "1.12.2", "profile_name": "analytics", "target_name": "dev", "node_id": "model.analytics.stg_customers"} */


  create or replace view `raw_staging`.`stg_customers` 
  
    
  
  
    
    
  as (
    SELECT
    customer_id,
    name,
    email,
    city,
    registration_date
FROM `raw`.`customers`
    
  )
      
      
                    -- end_of_sql
                    
                    
[0m17:27:13.120704 [debug] [Thread-2 (]: dbt_clickhouse adapter: Error running SQL: /* {"app": "dbt", "dbt_version": "1.12.2", "profile_name": "analytics", "target_name": "dev", "node_id": "model.analytics.stg_order_items"} */


  create or replace view `raw_staging`.`stg_order_items` 
  
    
  
  
    
    
  as (
    SELECT
    order_item_id,
    order_id,
    product_id,
    quantity,
    price,
    total_amount
FROM `raw`.`order_items`
    
  )
      
      
                    -- end_of_sql
                    
                    
[0m17:27:13.158800 [debug] [Thread-1 (]: Database Error in model stg_customers (models/staging/stg_customers.sql)
  Code: 497.
  DB::Exception: dbt: Not enough privileges. To execute this query, it's necessary to have the grant CREATE VIEW, DROP VIEW ON raw_staging.stg_customers. Stack trace:
  
  0. DB::Exception::Exception(DB::Exception::MessageMasked&&, int, bool) @ 0x000000001372225f
  1. DB::Exception::Exception(String&&, int, String, bool) @ 0x000000000cb3b0ce
  2. DB::Exception::Exception(PreformattedMessage&&, int) @ 0x000000000cb3ab80
  3. DB::Exception::Exception<String, String>(int, FormatStringHelperImpl<std::type_identity<String>::type, std::type_identity<String>::type>, String&&, String&&) @ 0x000000000cb3a5ab
  4. bool DB::ContextAccess::checkAccessImplHelper<true, false, false>(std::shared_ptr<DB::Context const> const&, DB::AccessRightsElement const&) const @ 0x0000000016c27ce6
  5. DB::Context::checkAccess(DB::AccessRightsElements const&) const @ 0x000000001809897b
  6. DB::InterpreterCreateQuery::execute() @ 0x00000000182dbaff
  7. DB::executeQueryImpl(char const*, char const*, std::shared_ptr<DB::Context>, DB::QueryFlags, DB::QueryProcessingStage::Enum, std::unique_ptr<DB::ReadBuffer, std::default_delete<DB::ReadBuffer>>&, std::shared_ptr<DB::IAST>&, std::shared_ptr<DB::ImplicitTransactionControlExecutor>) @ 0x0000000018772719
  8. DB::executeQuery(String const&, std::shared_ptr<DB::Context>, DB::QueryFlags, DB::QueryProcessingStage::Enum) @ 0x000000001876a68b
  9. DB::TCPHandler::runImpl() @ 0x0000000019e5f590
  10. DB::TCPHandler::run() @ 0x0000000019e81619
  11. Poco::Net::TCPServerConnection::start() @ 0x000000001f485887
  12. Poco::Net::TCPServerDispatcher::run() @ 0x000000001f485d19
  13. Poco::PooledThread::run() @ 0x000000001f44c387
  14. Poco::ThreadImpl::runnableEntry(void*) @ 0x000000001f44a781
  15. ? @ 0x0000000000094a83
  16. ? @ 0x0000000000125a44
  compiled code at target/run/analytics/models/staging/stg_customers.sql
[0m17:27:13.162326 [debug] [Thread-2 (]: Database Error in model stg_order_items (models/staging/stg_order_items.sql)
  Code: 497.
  DB::Exception: dbt: Not enough privileges. To execute this query, it's necessary to have the grant CREATE VIEW, DROP VIEW ON raw_staging.stg_order_items. Stack trace:
  
  0. DB::Exception::Exception(DB::Exception::MessageMasked&&, int, bool) @ 0x000000001372225f
  1. DB::Exception::Exception(String&&, int, String, bool) @ 0x000000000cb3b0ce
  2. DB::Exception::Exception(PreformattedMessage&&, int) @ 0x000000000cb3ab80
  3. DB::Exception::Exception<String, String>(int, FormatStringHelperImpl<std::type_identity<String>::type, std::type_identity<String>::type>, String&&, String&&) @ 0x000000000cb3a5ab
  4. bool DB::ContextAccess::checkAccessImplHelper<true, false, false>(std::shared_ptr<DB::Context const> const&, DB::AccessRightsElement const&) const @ 0x0000000016c27ce6
  5. DB::Context::checkAccess(DB::AccessRightsElements const&) const @ 0x000000001809897b
  6. DB::InterpreterCreateQuery::execute() @ 0x00000000182dbaff
  7. DB::executeQueryImpl(char const*, char const*, std::shared_ptr<DB::Context>, DB::QueryFlags, DB::QueryProcessingStage::Enum, std::unique_ptr<DB::ReadBuffer, std::default_delete<DB::ReadBuffer>>&, std::shared_ptr<DB::IAST>&, std::shared_ptr<DB::ImplicitTransactionControlExecutor>) @ 0x0000000018772719
  8. DB::executeQuery(String const&, std::shared_ptr<DB::Context>, DB::QueryFlags, DB::QueryProcessingStage::Enum) @ 0x000000001876a68b
  9. DB::TCPHandler::runImpl() @ 0x0000000019e5f590
  10. DB::TCPHandler::run() @ 0x0000000019e81619
  11. Poco::Net::TCPServerConnection::start() @ 0x000000001f485887
  12. Poco::Net::TCPServerDispatcher::run() @ 0x000000001f485d19
  13. Poco::PooledThread::run() @ 0x000000001f44c387
  14. Poco::ThreadImpl::runnableEntry(void*) @ 0x000000001f44a781
  15. ? @ 0x0000000000094a83
  16. ? @ 0x0000000000125a44
  compiled code at target/run/analytics/models/staging/stg_order_items.sql
[0m17:27:13.165506 [debug] [Thread-1 (]: Sending event: {'category': 'dbt', 'action': 'run_model', 'label': '8d9acee4-27e6-40b4-b715-0fc0c788572b', 'context': [<snowplow_tracker.self_describing_json.SelfDescribingJson object at 0x7107a0b71160>]}
[0m17:27:13.167256 [debug] [Thread-2 (]: Sending event: {'category': 'dbt', 'action': 'run_model', 'label': '8d9acee4-27e6-40b4-b715-0fc0c788572b', 'context': [<snowplow_tracker.self_describing_json.SelfDescribingJson object at 0x71079c9adb50>]}
[0m17:27:13.169853 [error] [Thread-1 (]: 1 of 7 ERROR creating sql view model `raw_staging`.`stg_customers` ............. [[31mERROR[0m in 0.53s]
[0m17:27:13.173189 [error] [Thread-2 (]: 2 of 7 ERROR creating sql view model `raw_staging`.`stg_order_items` ........... [[31mERROR[0m in 0.53s]
[0m17:27:13.179313 [debug] [Thread-2 (]: Finished running node model.analytics.stg_order_items
[0m17:27:13.175146 [debug] [Thread-1 (]: Finished running node model.analytics.stg_customers
[0m17:27:13.182347 [debug] [Thread-7 (]: Marking all children of 'model.analytics.stg_order_items' to be skipped because of status 'error'.  Reason: Database Error in model stg_order_items (models/staging/stg_order_items.sql)
  Code: 497.
  DB::Exception: dbt: Not enough privileges. To execute this query, it's necessary to have the grant CREATE VIEW, DROP VIEW ON raw_staging.stg_order_items. Stack trace:
  
  0. DB::Exception::Exception(DB::Exception::MessageMasked&&, int, bool) @ 0x000000001372225f
  1. DB::Exception::Exception(String&&, int, String, bool) @ 0x000000000cb3b0ce
  2. DB::Exception::Exception(PreformattedMessage&&, int) @ 0x000000000cb3ab80
  3. DB::Exception::Exception<String, String>(int, FormatStringHelperImpl<std::type_identity<String>::type, std::type_identity<String>::type>, String&&, String&&) @ 0x000000000cb3a5ab
  4. bool DB::ContextAccess::checkAccessImplHelper<true, false, false>(std::shared_ptr<DB::Context const> const&, DB::AccessRightsElement const&) const @ 0x0000000016c27ce6
  5. DB::Context::checkAccess(DB::AccessRightsElements const&) const @ 0x000000001809897b
  6. DB::InterpreterCreateQuery::execute() @ 0x00000000182dbaff
  7. DB::executeQueryImpl(char const*, char const*, std::shared_ptr<DB::Context>, DB::QueryFlags, DB::QueryProcessingStage::Enum, std::unique_ptr<DB::ReadBuffer, std::default_delete<DB::ReadBuffer>>&, std::shared_ptr<DB::IAST>&, std::shared_ptr<DB::ImplicitTransactionControlExecutor>) @ 0x0000000018772719
  8. DB::executeQuery(String const&, std::shared_ptr<DB::Context>, DB::QueryFlags, DB::QueryProcessingStage::Enum) @ 0x000000001876a68b
  9. DB::TCPHandler::runImpl() @ 0x0000000019e5f590
  10. DB::TCPHandler::run() @ 0x0000000019e81619
  11. Poco::Net::TCPServerConnection::start() @ 0x000000001f485887
  12. Poco::Net::TCPServerDispatcher::run() @ 0x000000001f485d19
  13. Poco::PooledThread::run() @ 0x000000001f44c387
  14. Poco::ThreadImpl::runnableEntry(void*) @ 0x000000001f44a781
  15. ? @ 0x0000000000094a83
  16. ? @ 0x0000000000125a44
  compiled code at target/run/analytics/models/staging/stg_order_items.sql.
[0m17:27:13.184785 [debug] [Thread-7 (]: Marking all children of 'model.analytics.stg_customers' to be skipped because of status 'error'.  Reason: Database Error in model stg_customers (models/staging/stg_customers.sql)
  Code: 497.
  DB::Exception: dbt: Not enough privileges. To execute this query, it's necessary to have the grant CREATE VIEW, DROP VIEW ON raw_staging.stg_customers. Stack trace:
  
  0. DB::Exception::Exception(DB::Exception::MessageMasked&&, int, bool) @ 0x000000001372225f
  1. DB::Exception::Exception(String&&, int, String, bool) @ 0x000000000cb3b0ce
  2. DB::Exception::Exception(PreformattedMessage&&, int) @ 0x000000000cb3ab80
  3. DB::Exception::Exception<String, String>(int, FormatStringHelperImpl<std::type_identity<String>::type, std::type_identity<String>::type>, String&&, String&&) @ 0x000000000cb3a5ab
  4. bool DB::ContextAccess::checkAccessImplHelper<true, false, false>(std::shared_ptr<DB::Context const> const&, DB::AccessRightsElement const&) const @ 0x0000000016c27ce6
  5. DB::Context::checkAccess(DB::AccessRightsElements const&) const @ 0x000000001809897b
  6. DB::InterpreterCreateQuery::execute() @ 0x00000000182dbaff
  7. DB::executeQueryImpl(char const*, char const*, std::shared_ptr<DB::Context>, DB::QueryFlags, DB::QueryProcessingStage::Enum, std::unique_ptr<DB::ReadBuffer, std::default_delete<DB::ReadBuffer>>&, std::shared_ptr<DB::IAST>&, std::shared_ptr<DB::ImplicitTransactionControlExecutor>) @ 0x0000000018772719
  8. DB::executeQuery(String const&, std::shared_ptr<DB::Context>, DB::QueryFlags, DB::QueryProcessingStage::Enum) @ 0x000000001876a68b
  9. DB::TCPHandler::runImpl() @ 0x0000000019e5f590
  10. DB::TCPHandler::run() @ 0x0000000019e81619
  11. Poco::Net::TCPServerConnection::start() @ 0x000000001f485887
  12. Poco::Net::TCPServerDispatcher::run() @ 0x000000001f485d19
  13. Poco::PooledThread::run() @ 0x000000001f44c387
  14. Poco::ThreadImpl::runnableEntry(void*) @ 0x000000001f44a781
  15. ? @ 0x0000000000094a83
  16. ? @ 0x0000000000125a44
  compiled code at target/run/analytics/models/staging/stg_customers.sql.
[0m17:27:13.197961 [debug] [Thread-3 (]: Writing runtime sql for node "model.analytics.stg_orders"
[0m17:27:13.209205 [debug] [Thread-4 (]: Writing runtime sql for node "model.analytics.stg_products"
[0m17:27:13.232726 [debug] [Thread-4 (]: dbt_clickhouse adapter: On model.analytics.stg_products: /* {"app": "dbt", "dbt_version": "1.12.2", "profile_name": "analytics", "target_name": "dev", "node_id": "model.analytics.stg_products"} */


  create or replace view `raw_staging`.`stg_products` 
  
    
  
  
    
    
  as (
    SELECT
    product_id,
    product_name,
    category,
    price
FROM `raw`.`products`
    
  )
      
      
                    -- end_of_sql
                    
                    ...
[0m17:27:13.235549 [debug] [Thread-3 (]: dbt_clickhouse adapter: On model.analytics.stg_orders: /* {"app": "dbt", "dbt_version": "1.12.2", "profile_name": "analytics", "target_name": "dev", "node_id": "model.analytics.stg_orders"} */


  create or replace view `raw_staging`.`stg_orders` 
  
    
  
  
    
    
  as (
    SELECT
    order_id,
    customer_id,
    order_date,
    status
FROM `raw`.`orders`
    
  )
      
      
                    -- end_of_sql
                    
                    ...
[0m17:27:13.237322 [debug] [Thread-4 (]: dbt_clickhouse adapter: Error running SQL: /* {"app": "dbt", "dbt_version": "1.12.2", "profile_name": "analytics", "target_name": "dev", "node_id": "model.analytics.stg_products"} */


  create or replace view `raw_staging`.`stg_products` 
  
    
  
  
    
    
  as (
    SELECT
    product_id,
    product_name,
    category,
    price
FROM `raw`.`products`
    
  )
      
      
                    -- end_of_sql
                    
                    
[0m17:27:13.242756 [debug] [Thread-4 (]: Database Error in model stg_products (models/staging/stg_products.sql)
  Code: 497.
  DB::Exception: dbt: Not enough privileges. To execute this query, it's necessary to have the grant CREATE VIEW, DROP VIEW ON raw_staging.stg_products. Stack trace:
  
  0. DB::Exception::Exception(DB::Exception::MessageMasked&&, int, bool) @ 0x000000001372225f
  1. DB::Exception::Exception(String&&, int, String, bool) @ 0x000000000cb3b0ce
  2. DB::Exception::Exception(PreformattedMessage&&, int) @ 0x000000000cb3ab80
  3. DB::Exception::Exception<String, String>(int, FormatStringHelperImpl<std::type_identity<String>::type, std::type_identity<String>::type>, String&&, String&&) @ 0x000000000cb3a5ab
  4. bool DB::ContextAccess::checkAccessImplHelper<true, false, false>(std::shared_ptr<DB::Context const> const&, DB::AccessRightsElement const&) const @ 0x0000000016c27ce6
  5. DB::Context::checkAccess(DB::AccessRightsElements const&) const @ 0x000000001809897b
  6. DB::InterpreterCreateQuery::execute() @ 0x00000000182dbaff
  7. DB::executeQueryImpl(char const*, char const*, std::shared_ptr<DB::Context>, DB::QueryFlags, DB::QueryProcessingStage::Enum, std::unique_ptr<DB::ReadBuffer, std::default_delete<DB::ReadBuffer>>&, std::shared_ptr<DB::IAST>&, std::shared_ptr<DB::ImplicitTransactionControlExecutor>) @ 0x0000000018772719
  8. DB::executeQuery(String const&, std::shared_ptr<DB::Context>, DB::QueryFlags, DB::QueryProcessingStage::Enum) @ 0x000000001876a68b
  9. DB::TCPHandler::runImpl() @ 0x0000000019e5f590
  10. DB::TCPHandler::run() @ 0x0000000019e81619
  11. Poco::Net::TCPServerConnection::start() @ 0x000000001f485887
  12. Poco::Net::TCPServerDispatcher::run() @ 0x000000001f485d19
  13. Poco::PooledThread::run() @ 0x000000001f44c387
  14. Poco::ThreadImpl::runnableEntry(void*) @ 0x000000001f44a781
  15. ? @ 0x0000000000094a83
  16. ? @ 0x0000000000125a44
  compiled code at target/run/analytics/models/staging/stg_products.sql
[0m17:27:13.244170 [debug] [Thread-3 (]: dbt_clickhouse adapter: Error running SQL: /* {"app": "dbt", "dbt_version": "1.12.2", "profile_name": "analytics", "target_name": "dev", "node_id": "model.analytics.stg_orders"} */


  create or replace view `raw_staging`.`stg_orders` 
  
    
  
  
    
    
  as (
    SELECT
    order_id,
    customer_id,
    order_date,
    status
FROM `raw`.`orders`
    
  )
      
      
                    -- end_of_sql
                    
                    
[0m17:27:13.245230 [debug] [Thread-4 (]: Sending event: {'category': 'dbt', 'action': 'run_model', 'label': '8d9acee4-27e6-40b4-b715-0fc0c788572b', 'context': [<snowplow_tracker.self_describing_json.SelfDescribingJson object at 0x71079f6cc590>]}
[0m17:27:13.250642 [debug] [Thread-3 (]: Database Error in model stg_orders (models/staging/stg_orders.sql)
  Code: 497.
  DB::Exception: dbt: Not enough privileges. To execute this query, it's necessary to have the grant CREATE VIEW, DROP VIEW ON raw_staging.stg_orders. Stack trace:
  
  0. DB::Exception::Exception(DB::Exception::MessageMasked&&, int, bool) @ 0x000000001372225f
  1. DB::Exception::Exception(String&&, int, String, bool) @ 0x000000000cb3b0ce
  2. DB::Exception::Exception(PreformattedMessage&&, int) @ 0x000000000cb3ab80
  3. DB::Exception::Exception<String, String>(int, FormatStringHelperImpl<std::type_identity<String>::type, std::type_identity<String>::type>, String&&, String&&) @ 0x000000000cb3a5ab
  4. bool DB::ContextAccess::checkAccessImplHelper<true, false, false>(std::shared_ptr<DB::Context const> const&, DB::AccessRightsElement const&) const @ 0x0000000016c27ce6
  5. DB::Context::checkAccess(DB::AccessRightsElements const&) const @ 0x000000001809897b
  6. DB::InterpreterCreateQuery::execute() @ 0x00000000182dbaff
  7. DB::executeQueryImpl(char const*, char const*, std::shared_ptr<DB::Context>, DB::QueryFlags, DB::QueryProcessingStage::Enum, std::unique_ptr<DB::ReadBuffer, std::default_delete<DB::ReadBuffer>>&, std::shared_ptr<DB::IAST>&, std::shared_ptr<DB::ImplicitTransactionControlExecutor>) @ 0x0000000018772719
  8. DB::executeQuery(String const&, std::shared_ptr<DB::Context>, DB::QueryFlags, DB::QueryProcessingStage::Enum) @ 0x000000001876a68b
  9. DB::TCPHandler::runImpl() @ 0x0000000019e5f590
  10. DB::TCPHandler::run() @ 0x0000000019e81619
  11. Poco::Net::TCPServerConnection::start() @ 0x000000001f485887
  12. Poco::Net::TCPServerDispatcher::run() @ 0x000000001f485d19
  13. Poco::PooledThread::run() @ 0x000000001f44c387
  14. Poco::ThreadImpl::runnableEntry(void*) @ 0x000000001f44a781
  15. ? @ 0x0000000000094a83
  16. ? @ 0x0000000000125a44
  compiled code at target/run/analytics/models/staging/stg_orders.sql
[0m17:27:13.248113 [error] [Thread-4 (]: 4 of 7 ERROR creating sql view model `raw_staging`.`stg_products` .............. [[31mERROR[0m in 0.60s]
[0m17:27:13.251941 [debug] [Thread-3 (]: Sending event: {'category': 'dbt', 'action': 'run_model', 'label': '8d9acee4-27e6-40b4-b715-0fc0c788572b', 'context': [<snowplow_tracker.self_describing_json.SelfDescribingJson object at 0x71079ca307a0>]}
[0m17:27:13.254032 [debug] [Thread-4 (]: Finished running node model.analytics.stg_products
[0m17:27:13.255732 [error] [Thread-3 (]: 3 of 7 ERROR creating sql view model `raw_staging`.`stg_orders` ................ [[31mERROR[0m in 0.61s]
[0m17:27:13.257266 [debug] [Thread-7 (]: Marking all children of 'model.analytics.stg_products' to be skipped because of status 'error'.  Reason: Database Error in model stg_products (models/staging/stg_products.sql)
  Code: 497.
  DB::Exception: dbt: Not enough privileges. To execute this query, it's necessary to have the grant CREATE VIEW, DROP VIEW ON raw_staging.stg_products. Stack trace:
  
  0. DB::Exception::Exception(DB::Exception::MessageMasked&&, int, bool) @ 0x000000001372225f
  1. DB::Exception::Exception(String&&, int, String, bool) @ 0x000000000cb3b0ce
  2. DB::Exception::Exception(PreformattedMessage&&, int) @ 0x000000000cb3ab80
  3. DB::Exception::Exception<String, String>(int, FormatStringHelperImpl<std::type_identity<String>::type, std::type_identity<String>::type>, String&&, String&&) @ 0x000000000cb3a5ab
  4. bool DB::ContextAccess::checkAccessImplHelper<true, false, false>(std::shared_ptr<DB::Context const> const&, DB::AccessRightsElement const&) const @ 0x0000000016c27ce6
  5. DB::Context::checkAccess(DB::AccessRightsElements const&) const @ 0x000000001809897b
  6. DB::InterpreterCreateQuery::execute() @ 0x00000000182dbaff
  7. DB::executeQueryImpl(char const*, char const*, std::shared_ptr<DB::Context>, DB::QueryFlags, DB::QueryProcessingStage::Enum, std::unique_ptr<DB::ReadBuffer, std::default_delete<DB::ReadBuffer>>&, std::shared_ptr<DB::IAST>&, std::shared_ptr<DB::ImplicitTransactionControlExecutor>) @ 0x0000000018772719
  8. DB::executeQuery(String const&, std::shared_ptr<DB::Context>, DB::QueryFlags, DB::QueryProcessingStage::Enum) @ 0x000000001876a68b
  9. DB::TCPHandler::runImpl() @ 0x0000000019e5f590
  10. DB::TCPHandler::run() @ 0x0000000019e81619
  11. Poco::Net::TCPServerConnection::start() @ 0x000000001f485887
  12. Poco::Net::TCPServerDispatcher::run() @ 0x000000001f485d19
  13. Poco::PooledThread::run() @ 0x000000001f44c387
  14. Poco::ThreadImpl::runnableEntry(void*) @ 0x000000001f44a781
  15. ? @ 0x0000000000094a83
  16. ? @ 0x0000000000125a44
  compiled code at target/run/analytics/models/staging/stg_products.sql.
[0m17:27:13.259069 [debug] [Thread-3 (]: Finished running node model.analytics.stg_orders
[0m17:27:13.261381 [debug] [Thread-7 (]: Marking all children of 'model.analytics.stg_orders' to be skipped because of status 'error'.  Reason: Database Error in model stg_orders (models/staging/stg_orders.sql)
  Code: 497.
  DB::Exception: dbt: Not enough privileges. To execute this query, it's necessary to have the grant CREATE VIEW, DROP VIEW ON raw_staging.stg_orders. Stack trace:
  
  0. DB::Exception::Exception(DB::Exception::MessageMasked&&, int, bool) @ 0x000000001372225f
  1. DB::Exception::Exception(String&&, int, String, bool) @ 0x000000000cb3b0ce
  2. DB::Exception::Exception(PreformattedMessage&&, int) @ 0x000000000cb3ab80
  3. DB::Exception::Exception<String, String>(int, FormatStringHelperImpl<std::type_identity<String>::type, std::type_identity<String>::type>, String&&, String&&) @ 0x000000000cb3a5ab
  4. bool DB::ContextAccess::checkAccessImplHelper<true, false, false>(std::shared_ptr<DB::Context const> const&, DB::AccessRightsElement const&) const @ 0x0000000016c27ce6
  5. DB::Context::checkAccess(DB::AccessRightsElements const&) const @ 0x000000001809897b
  6. DB::InterpreterCreateQuery::execute() @ 0x00000000182dbaff
  7. DB::executeQueryImpl(char const*, char const*, std::shared_ptr<DB::Context>, DB::QueryFlags, DB::QueryProcessingStage::Enum, std::unique_ptr<DB::ReadBuffer, std::default_delete<DB::ReadBuffer>>&, std::shared_ptr<DB::IAST>&, std::shared_ptr<DB::ImplicitTransactionControlExecutor>) @ 0x0000000018772719
  8. DB::executeQuery(String const&, std::shared_ptr<DB::Context>, DB::QueryFlags, DB::QueryProcessingStage::Enum) @ 0x000000001876a68b
  9. DB::TCPHandler::runImpl() @ 0x0000000019e5f590
  10. DB::TCPHandler::run() @ 0x0000000019e81619
  11. Poco::Net::TCPServerConnection::start() @ 0x000000001f485887
  12. Poco::Net::TCPServerDispatcher::run() @ 0x000000001f485d19
  13. Poco::PooledThread::run() @ 0x000000001f44c387
  14. Poco::ThreadImpl::runnableEntry(void*) @ 0x000000001f44a781
  15. ? @ 0x0000000000094a83
  16. ? @ 0x0000000000125a44
  compiled code at target/run/analytics/models/staging/stg_orders.sql.
[0m17:27:13.263519 [debug] [Thread-2 (]: Began running node model.analytics.fct_orders
[0m17:27:13.264560 [debug] [Thread-1 (]: Began running node model.analytics.sales_by_category
[0m17:27:13.265389 [info ] [Thread-2 (]: 5 of 7 SKIP relation raw_analytics.fct_orders .................................. [[33mSKIP[0m]
[0m17:27:13.266770 [info ] [Thread-1 (]: 6 of 7 SKIP relation raw_analytics.sales_by_category ........................... [[33mSKIP[0m]
[0m17:27:13.269325 [debug] [Thread-2 (]: Finished running node model.analytics.fct_orders
[0m17:27:13.270497 [debug] [Thread-1 (]: Finished running node model.analytics.sales_by_category
[0m17:27:13.272240 [debug] [Thread-3 (]: Began running node model.analytics.sales_daily
[0m17:27:13.273758 [info ] [Thread-3 (]: 7 of 7 SKIP relation raw_analytics.sales_daily ................................. [[33mSKIP[0m]
[0m17:27:13.275075 [debug] [Thread-3 (]: Finished running node model.analytics.sales_daily
[0m17:27:13.279096 [debug] [MainThread]: Connection 'master' was properly closed.
[0m17:27:13.280296 [debug] [MainThread]: Connection 'model.analytics.stg_customers' was left open.
[0m17:27:13.281569 [debug] [MainThread]: On model.analytics.stg_customers: Close
[0m17:27:13.282672 [debug] [MainThread]: Connection 'model.analytics.stg_order_items' was left open.
[0m17:27:13.284857 [debug] [MainThread]: On model.analytics.stg_order_items: Close
[0m17:27:13.286288 [debug] [MainThread]: Connection 'model.analytics.stg_orders' was left open.
[0m17:27:13.288407 [debug] [MainThread]: On model.analytics.stg_orders: Close
[0m17:27:13.289829 [debug] [MainThread]: Connection 'model.analytics.stg_products' was left open.
[0m17:27:13.291334 [debug] [MainThread]: On model.analytics.stg_products: Close
[0m17:27:13.293456 [info ] [MainThread]: 
[0m17:27:13.295207 [info ] [MainThread]: Finished running 3 table models, 4 view models in 0 hours 0 minutes and 1.18 seconds (1.18s).
[0m17:27:13.299676 [debug] [MainThread]: Command end result
[0m17:27:13.390438 [debug] [MainThread]: Wrote artifact WritableManifest to /opt/airflow/dbt/target/manifest.json
[0m17:27:13.405701 [debug] [MainThread]: Wrote artifact SemanticManifest to /opt/airflow/dbt/target/semantic_manifest.json
[0m17:27:13.416305 [debug] [MainThread]: Wrote artifact OsiDocument to /opt/airflow/dbt/target/osi_document.json
[0m17:27:13.452498 [debug] [MainThread]: Wrote artifact RunExecutionResult to /opt/airflow/dbt/target/run_results.json
[0m17:27:13.453908 [info ] [MainThread]: 
[0m17:27:13.455507 [info ] [MainThread]: [31mCompleted with 4 errors, 0 partial successes, and 0 warnings:[0m
[0m17:27:13.456978 [info ] [MainThread]: 
[0m17:27:13.458658 [error] [MainThread]: [[31mERROR[0m]: in model stg_order_items (models/staging/stg_order_items.sql)
[0m17:27:13.462205 [error] [MainThread]:   Database Error in model stg_order_items (models/staging/stg_order_items.sql)
  Code: 497.
  DB::Exception: dbt: Not enough privileges. To execute this query, it's necessary to have the grant CREATE VIEW, DROP VIEW ON raw_staging.stg_order_items. Stack trace:
  
  0. DB::Exception::Exception(DB::Exception::MessageMasked&&, int, bool) @ 0x000000001372225f
  1. DB::Exception::Exception(String&&, int, String, bool) @ 0x000000000cb3b0ce
  2. DB::Exception::Exception(PreformattedMessage&&, int) @ 0x000000000cb3ab80
  3. DB::Exception::Exception<String, String>(int, FormatStringHelperImpl<std::type_identity<String>::type, std::type_identity<String>::type>, String&&, String&&) @ 0x000000000cb3a5ab
  4. bool DB::ContextAccess::checkAccessImplHelper<true, false, false>(std::shared_ptr<DB::Context const> const&, DB::AccessRightsElement const&) const @ 0x0000000016c27ce6
  5. DB::Context::checkAccess(DB::AccessRightsElements const&) const @ 0x000000001809897b
  6. DB::InterpreterCreateQuery::execute() @ 0x00000000182dbaff
  7. DB::executeQueryImpl(char const*, char const*, std::shared_ptr<DB::Context>, DB::QueryFlags, DB::QueryProcessingStage::Enum, std::unique_ptr<DB::ReadBuffer, std::default_delete<DB::ReadBuffer>>&, std::shared_ptr<DB::IAST>&, std::shared_ptr<DB::ImplicitTransactionControlExecutor>) @ 0x0000000018772719
  8. DB::executeQuery(String const&, std::shared_ptr<DB::Context>, DB::QueryFlags, DB::QueryProcessingStage::Enum) @ 0x000000001876a68b
  9. DB::TCPHandler::runImpl() @ 0x0000000019e5f590
  10. DB::TCPHandler::run() @ 0x0000000019e81619
  11. Poco::Net::TCPServerConnection::start() @ 0x000000001f485887
  12. Poco::Net::TCPServerDispatcher::run() @ 0x000000001f485d19
  13. Poco::PooledThread::run() @ 0x000000001f44c387
  14. Poco::ThreadImpl::runnableEntry(void*) @ 0x000000001f44a781
  15. ? @ 0x0000000000094a83
  16. ? @ 0x0000000000125a44
  compiled code at target/run/analytics/models/staging/stg_order_items.sql
[0m17:27:13.465979 [info ] [MainThread]: 
[0m17:27:13.471177 [info ] [MainThread]:   compiled code at target/compiled/analytics/models/staging/stg_order_items.sql
[0m17:27:13.473345 [info ] [MainThread]: 
[0m17:27:13.475837 [error] [MainThread]: [[31mERROR[0m]: in model stg_customers (models/staging/stg_customers.sql)
[0m17:27:13.493062 [error] [MainThread]:   Database Error in model stg_customers (models/staging/stg_customers.sql)
  Code: 497.
  DB::Exception: dbt: Not enough privileges. To execute this query, it's necessary to have the grant CREATE VIEW, DROP VIEW ON raw_staging.stg_customers. Stack trace:
  
  0. DB::Exception::Exception(DB::Exception::MessageMasked&&, int, bool) @ 0x000000001372225f
  1. DB::Exception::Exception(String&&, int, String, bool) @ 0x000000000cb3b0ce
  2. DB::Exception::Exception(PreformattedMessage&&, int) @ 0x000000000cb3ab80
  3. DB::Exception::Exception<String, String>(int, FormatStringHelperImpl<std::type_identity<String>::type, std::type_identity<String>::type>, String&&, String&&) @ 0x000000000cb3a5ab
  4. bool DB::ContextAccess::checkAccessImplHelper<true, false, false>(std::shared_ptr<DB::Context const> const&, DB::AccessRightsElement const&) const @ 0x0000000016c27ce6
  5. DB::Context::checkAccess(DB::AccessRightsElements const&) const @ 0x000000001809897b
  6. DB::InterpreterCreateQuery::execute() @ 0x00000000182dbaff
  7. DB::executeQueryImpl(char const*, char const*, std::shared_ptr<DB::Context>, DB::QueryFlags, DB::QueryProcessingStage::Enum, std::unique_ptr<DB::ReadBuffer, std::default_delete<DB::ReadBuffer>>&, std::shared_ptr<DB::IAST>&, std::shared_ptr<DB::ImplicitTransactionControlExecutor>) @ 0x0000000018772719
  8. DB::executeQuery(String const&, std::shared_ptr<DB::Context>, DB::QueryFlags, DB::QueryProcessingStage::Enum) @ 0x000000001876a68b
  9. DB::TCPHandler::runImpl() @ 0x0000000019e5f590
  10. DB::TCPHandler::run() @ 0x0000000019e81619
  11. Poco::Net::TCPServerConnection::start() @ 0x000000001f485887
  12. Poco::Net::TCPServerDispatcher::run() @ 0x000000001f485d19
  13. Poco::PooledThread::run() @ 0x000000001f44c387
  14. Poco::ThreadImpl::runnableEntry(void*) @ 0x000000001f44a781
  15. ? @ 0x0000000000094a83
  16. ? @ 0x0000000000125a44
  compiled code at target/run/analytics/models/staging/stg_customers.sql
[0m17:27:13.494602 [info ] [MainThread]: 
[0m17:27:13.496805 [info ] [MainThread]:   compiled code at target/compiled/analytics/models/staging/stg_customers.sql
[0m17:27:13.498599 [info ] [MainThread]: 
[0m17:27:13.500322 [error] [MainThread]: [[31mERROR[0m]: in model stg_products (models/staging/stg_products.sql)
[0m17:27:13.502236 [error] [MainThread]:   Database Error in model stg_products (models/staging/stg_products.sql)
  Code: 497.
  DB::Exception: dbt: Not enough privileges. To execute this query, it's necessary to have the grant CREATE VIEW, DROP VIEW ON raw_staging.stg_products. Stack trace:
  
  0. DB::Exception::Exception(DB::Exception::MessageMasked&&, int, bool) @ 0x000000001372225f
  1. DB::Exception::Exception(String&&, int, String, bool) @ 0x000000000cb3b0ce
  2. DB::Exception::Exception(PreformattedMessage&&, int) @ 0x000000000cb3ab80
  3. DB::Exception::Exception<String, String>(int, FormatStringHelperImpl<std::type_identity<String>::type, std::type_identity<String>::type>, String&&, String&&) @ 0x000000000cb3a5ab
  4. bool DB::ContextAccess::checkAccessImplHelper<true, false, false>(std::shared_ptr<DB::Context const> const&, DB::AccessRightsElement const&) const @ 0x0000000016c27ce6
  5. DB::Context::checkAccess(DB::AccessRightsElements const&) const @ 0x000000001809897b
  6. DB::InterpreterCreateQuery::execute() @ 0x00000000182dbaff
  7. DB::executeQueryImpl(char const*, char const*, std::shared_ptr<DB::Context>, DB::QueryFlags, DB::QueryProcessingStage::Enum, std::unique_ptr<DB::ReadBuffer, std::default_delete<DB::ReadBuffer>>&, std::shared_ptr<DB::IAST>&, std::shared_ptr<DB::ImplicitTransactionControlExecutor>) @ 0x0000000018772719
  8. DB::executeQuery(String const&, std::shared_ptr<DB::Context>, DB::QueryFlags, DB::QueryProcessingStage::Enum) @ 0x000000001876a68b
  9. DB::TCPHandler::runImpl() @ 0x0000000019e5f590
  10. DB::TCPHandler::run() @ 0x0000000019e81619
  11. Poco::Net::TCPServerConnection::start() @ 0x000000001f485887
  12. Poco::Net::TCPServerDispatcher::run() @ 0x000000001f485d19
  13. Poco::PooledThread::run() @ 0x000000001f44c387
  14. Poco::ThreadImpl::runnableEntry(void*) @ 0x000000001f44a781
  15. ? @ 0x0000000000094a83
  16. ? @ 0x0000000000125a44
  compiled code at target/run/analytics/models/staging/stg_products.sql
[0m17:27:13.506251 [info ] [MainThread]: 
[0m17:27:13.508130 [info ] [MainThread]:   compiled code at target/compiled/analytics/models/staging/stg_products.sql
[0m17:27:13.511016 [info ] [MainThread]: 
[0m17:27:13.514006 [error] [MainThread]: [[31mERROR[0m]: in model stg_orders (models/staging/stg_orders.sql)
[0m17:27:13.518806 [error] [MainThread]:   Database Error in model stg_orders (models/staging/stg_orders.sql)
  Code: 497.
  DB::Exception: dbt: Not enough privileges. To execute this query, it's necessary to have the grant CREATE VIEW, DROP VIEW ON raw_staging.stg_orders. Stack trace:
  
  0. DB::Exception::Exception(DB::Exception::MessageMasked&&, int, bool) @ 0x000000001372225f
  1. DB::Exception::Exception(String&&, int, String, bool) @ 0x000000000cb3b0ce
  2. DB::Exception::Exception(PreformattedMessage&&, int) @ 0x000000000cb3ab80
  3. DB::Exception::Exception<String, String>(int, FormatStringHelperImpl<std::type_identity<String>::type, std::type_identity<String>::type>, String&&, String&&) @ 0x000000000cb3a5ab
  4. bool DB::ContextAccess::checkAccessImplHelper<true, false, false>(std::shared_ptr<DB::Context const> const&, DB::AccessRightsElement const&) const @ 0x0000000016c27ce6
  5. DB::Context::checkAccess(DB::AccessRightsElements const&) const @ 0x000000001809897b
  6. DB::InterpreterCreateQuery::execute() @ 0x00000000182dbaff
  7. DB::executeQueryImpl(char const*, char const*, std::shared_ptr<DB::Context>, DB::QueryFlags, DB::QueryProcessingStage::Enum, std::unique_ptr<DB::ReadBuffer, std::default_delete<DB::ReadBuffer>>&, std::shared_ptr<DB::IAST>&, std::shared_ptr<DB::ImplicitTransactionControlExecutor>) @ 0x0000000018772719
  8. DB::executeQuery(String const&, std::shared_ptr<DB::Context>, DB::QueryFlags, DB::QueryProcessingStage::Enum) @ 0x000000001876a68b
  9. DB::TCPHandler::runImpl() @ 0x0000000019e5f590
  10. DB::TCPHandler::run() @ 0x0000000019e81619
  11. Poco::Net::TCPServerConnection::start() @ 0x000000001f485887
  12. Poco::Net::TCPServerDispatcher::run() @ 0x000000001f485d19
  13. Poco::PooledThread::run() @ 0x000000001f44c387
  14. Poco::ThreadImpl::runnableEntry(void*) @ 0x000000001f44a781
  15. ? @ 0x0000000000094a83
  16. ? @ 0x0000000000125a44
  compiled code at target/run/analytics/models/staging/stg_orders.sql
[0m17:27:13.520367 [info ] [MainThread]: 
[0m17:27:13.522266 [info ] [MainThread]:   compiled code at target/compiled/analytics/models/staging/stg_orders.sql
[0m17:27:13.524380 [info ] [MainThread]: 
[0m17:27:13.525862 [info ] [MainThread]: Done. PASS=0 WARN=0 ERROR=4 SKIP=3 NO-OP=0 REUSED=0 TOTAL=7
[0m17:27:13.530894 [debug] [MainThread]: Resource report: {"command_name": "run", "command_success": false, "command_wall_clock_time": 2.5577524, "process_in_blocks": "440", "process_kernel_time": 0.488887, "process_mem_max_rss": "160232", "process_out_blocks": "0", "process_user_time": 4.355546}
[0m17:27:13.533782 [debug] [MainThread]: Command `dbt run` failed at 17:27:13.533485 after 2.56 seconds
[0m17:27:13.535204 [debug] [MainThread]: Sending event: {'category': 'dbt', 'action': 'invocation', 'label': 'end', 'context': [<snowplow_tracker.self_describing_json.SelfDescribingJson object at 0x7107a03fac60>, <snowplow_tracker.self_describing_json.SelfDescribingJson object at 0x7107a1089490>, <snowplow_tracker.self_describing_json.SelfDescribingJson object at 0x71079f32c890>]}
[0m17:27:13.536712 [debug] [MainThread]: Flushing usage events
[0m17:27:14.393879 [debug] [MainThread]: An error was encountered while trying to flush usage events
[0m17:30:21.993972 [debug] [MainThread]: Sending event: {'category': 'dbt', 'action': 'invocation', 'label': 'start', 'context': [<snowplow_tracker.self_describing_json.SelfDescribingJson object at 0x7334f07f47d0>, <snowplow_tracker.self_describing_json.SelfDescribingJson object at 0x7334f07f68a0>, <snowplow_tracker.self_describing_json.SelfDescribingJson object at 0x7334f07f6960>]}


============================== 17:30:22.002887 | a0732bfe-6284-4664-aec3-39cccd2c2076 ==============================
[0m17:30:22.002887 [info ] [MainThread]: Running with dbt=1.12.2
[0m17:30:22.004204 [debug] [MainThread]: running dbt with arguments {'partial_parse': 'True', 'target_path': 'None', 'cache_selected_only': 'False', 'warn_error': 'None', 'indirect_selection': 'eager', 'fail_fast': 'False', 'invocation_command': 'dbt run --project-dir /opt/airflow/dbt --profiles-dir /opt/airflow/dbt', 'write_json': 'True', 'use_experimental_parser': 'False', 'no_print': 'None', 'empty': 'False', 'log_path': '/opt/airflow/dbt/logs', 'use_colors': 'True', 'profiles_dir': '/opt/airflow/dbt', 'printer_width': '80', 'introspect': 'True', 'maximum_seed_size_mib': '1', 'log_cache_events': 'False', 'debug': 'False', 'warn_error_options': 'WarnErrorOptionsV2(error=[], warn=[], silence=[])', 'version_check': 'True', 'static_parser': 'True', 'log_format': 'default', 'send_anonymous_usage_stats': 'True', 'hints_enabled': 'True', 'quiet': 'False'}
[0m17:30:22.304026 [debug] [MainThread]: Sending event: {'category': 'dbt', 'action': 'project_id', 'label': 'a0732bfe-6284-4664-aec3-39cccd2c2076', 'context': [<snowplow_tracker.self_describing_json.SelfDescribingJson object at 0x7334efbdac30>]}
[0m17:30:22.435017 [debug] [MainThread]: Sending event: {'category': 'dbt', 'action': 'adapter_info', 'label': 'a0732bfe-6284-4664-aec3-39cccd2c2076', 'context': [<snowplow_tracker.self_describing_json.SelfDescribingJson object at 0x7334f07f6cc0>]}
[0m17:30:22.437104 [info ] [MainThread]: Registered adapter: clickhouse=1.9.3
[0m17:30:22.558007 [debug] [MainThread]: checksum: adba77356f91f81a11ee2fa729542f151b163d2280a76ec0a147e0b39f20e5da, vars: {}, profile: analytics, target: dev, version: 1.12.2
[0m17:30:22.870046 [debug] [MainThread]: Partial parsing enabled: 0 files deleted, 0 files added, 0 files changed.
[0m17:30:22.879230 [debug] [MainThread]: Nothing changed, skipping partial parsing.
[0m17:30:22.881210 [debug] [MainThread]: Partial parsing enabled, no changes found, skipping parsing
[0m17:30:22.907296 [debug] [MainThread]: Sending event: {'category': 'dbt', 'action': 'load_project', 'label': 'a0732bfe-6284-4664-aec3-39cccd2c2076', 'context': [<snowplow_tracker.self_describing_json.SelfDescribingJson object at 0x7334ef8f2e40>]}
[0m17:30:23.825930 [debug] [MainThread]: Wrote artifact WritableManifest to /opt/airflow/dbt/target/manifest.json
[0m17:30:23.859954 [debug] [MainThread]: Wrote artifact SemanticManifest to /opt/airflow/dbt/target/semantic_manifest.json
[0m17:30:23.904150 [debug] [MainThread]: Wrote artifact OsiDocument to /opt/airflow/dbt/target/osi_document.json
[0m17:30:23.939752 [debug] [MainThread]: Sending event: {'category': 'dbt', 'action': 'resource_counts', 'label': 'a0732bfe-6284-4664-aec3-39cccd2c2076', 'context': [<snowplow_tracker.self_describing_json.SelfDescribingJson object at 0x7334ef70ff50>]}
[0m17:30:23.941328 [info ] [MainThread]: Found 7 models, 11 data tests, 4 sources, 521 macros
[0m17:30:23.943050 [debug] [MainThread]: Sending event: {'category': 'dbt', 'action': 'runnable_timing', 'label': 'a0732bfe-6284-4664-aec3-39cccd2c2076', 'context': [<snowplow_tracker.self_describing_json.SelfDescribingJson object at 0x7334ef9fa0c0>]}
[0m17:30:23.950807 [info ] [MainThread]: 
[0m17:30:23.953018 [info ] [MainThread]: Concurrency: 4 threads (target='dev')
[0m17:30:23.955489 [info ] [MainThread]: 
[0m17:30:23.957467 [debug] [MainThread]: Acquiring new clickhouse connection 'master'
[0m17:30:23.974131 [debug] [ThreadPool]: Acquiring new clickhouse connection 'list_'
[0m17:30:23.984312 [debug] [ThreadPool]: Acquiring new clickhouse connection 'list_'
[0m17:30:24.008399 [debug] [ThreadPool]: Opening a new connection, currently in state init
[0m17:30:24.009816 [debug] [ThreadPool]: Opening a new connection, currently in state init
[0m17:30:24.528026 [debug] [ThreadPool]: dbt_clickhouse adapter: On list_: /* {"app": "dbt", "dbt_version": "1.12.2", "profile_name": "analytics", "target_name": "dev", "connection_name": "list_"} */

    select name from system.databases
  ...
[0m17:30:24.528914 [debug] [ThreadPool]: dbt_clickhouse adapter: On list_: /* {"app": "dbt", "dbt_version": "1.12.2", "profile_name": "analytics", "target_name": "dev", "connection_name": "list_"} */

    select name from system.databases
  ...
[0m17:30:24.533721 [debug] [ThreadPool]: dbt_clickhouse adapter: SQL status: OK in 0.00 seconds
[0m17:30:24.535161 [debug] [ThreadPool]: dbt_clickhouse adapter: SQL status: OK in 0.00 seconds
[0m17:30:24.601982 [debug] [ThreadPool]: Re-using an available connection from the pool (formerly list_, now list__raw_analytics)
[0m17:30:24.603616 [debug] [ThreadPool]: Re-using an available connection from the pool (formerly list_, now list__raw_staging)
[0m17:30:24.618748 [debug] [ThreadPool]: dbt_clickhouse adapter: On list__raw_staging: /* {"app": "dbt", "dbt_version": "1.12.2", "profile_name": "analytics", "target_name": "dev", "connection_name": "list__raw_staging"} */
select
      t.name as name,
      t.database as schema,
      multiIf(
        engine in ('MaterializedView', 'View'), 'view',
        engine = 'Dictionary', 'dictionary',
        'table'
      ) as type,
      db.engine as db_engine,0 as is_on_cluster
          from system.tables as t join system.databases as db on t.database = db.name
        where schema = 'raw_staging'
      

  ...
[0m17:30:24.620170 [debug] [ThreadPool]: dbt_clickhouse adapter: On list__raw_analytics: /* {"app": "dbt", "dbt_version": "1.12.2", "profile_name": "analytics", "target_name": "dev", "connection_name": "list__raw_analytics"} */
select
      t.name as name,
      t.database as schema,
      multiIf(
        engine in ('MaterializedView', 'View'), 'view',
        engine = 'Dictionary', 'dictionary',
        'table'
      ) as type,
      db.engine as db_engine,0 as is_on_cluster
          from system.tables as t join system.databases as db on t.database = db.name
        where schema = 'raw_analytics'
      

  ...
[0m17:30:24.629014 [debug] [ThreadPool]: dbt_clickhouse adapter: SQL status: OK in 0.01 seconds
[0m17:30:24.630014 [debug] [ThreadPool]: dbt_clickhouse adapter: SQL status: OK in 0.01 seconds
[0m17:30:24.636601 [debug] [MainThread]: Sending event: {'category': 'dbt', 'action': 'runnable_timing', 'label': 'a0732bfe-6284-4664-aec3-39cccd2c2076', 'context': [<snowplow_tracker.self_describing_json.SelfDescribingJson object at 0x7334ecd790a0>]}
[0m17:30:24.645742 [debug] [Thread-1 (]: Began running node model.analytics.stg_customers
[0m17:30:24.647083 [debug] [Thread-2 (]: Began running node model.analytics.stg_order_items
[0m17:30:24.648262 [debug] [Thread-3 (]: Began running node model.analytics.stg_orders
[0m17:30:24.652451 [debug] [Thread-4 (]: Began running node model.analytics.stg_products
[0m17:30:24.653922 [info ] [Thread-1 (]: 1 of 7 START sql view model `raw_staging`.`stg_customers` ...................... [RUN]
[0m17:30:24.657917 [info ] [Thread-2 (]: 2 of 7 START sql view model `raw_staging`.`stg_order_items` .................... [RUN]
[0m17:30:24.661574 [info ] [Thread-3 (]: 3 of 7 START sql view model `raw_staging`.`stg_orders` ......................... [RUN]
[0m17:30:24.667179 [info ] [Thread-4 (]: 4 of 7 START sql view model `raw_staging`.`stg_products` ....................... [RUN]
[0m17:30:24.670898 [debug] [Thread-1 (]: Re-using an available connection from the pool (formerly list__raw_staging, now model.analytics.stg_customers)
[0m17:30:24.674409 [debug] [Thread-2 (]: Re-using an available connection from the pool (formerly list__raw_analytics, now model.analytics.stg_order_items)
[0m17:30:24.678342 [debug] [Thread-3 (]: Acquiring new clickhouse connection 'model.analytics.stg_orders'
[0m17:30:24.679971 [debug] [Thread-4 (]: Acquiring new clickhouse connection 'model.analytics.stg_products'
[0m17:30:24.681257 [debug] [Thread-1 (]: Began compiling node model.analytics.stg_customers
[0m17:30:24.682728 [debug] [Thread-2 (]: Began compiling node model.analytics.stg_order_items
[0m17:30:24.684057 [debug] [Thread-3 (]: Began compiling node model.analytics.stg_orders
[0m17:30:24.685315 [debug] [Thread-4 (]: Began compiling node model.analytics.stg_products
[0m17:30:24.707968 [debug] [Thread-2 (]: Writing injected SQL for node "model.analytics.stg_order_items"
[0m17:30:24.704059 [debug] [Thread-1 (]: Writing injected SQL for node "model.analytics.stg_customers"
[0m17:30:24.718980 [debug] [Thread-3 (]: Writing injected SQL for node "model.analytics.stg_orders"
[0m17:30:24.723038 [debug] [Thread-4 (]: Writing injected SQL for node "model.analytics.stg_products"
[0m17:30:24.732180 [debug] [Thread-4 (]: Began executing node model.analytics.stg_products
[0m17:30:24.733439 [debug] [Thread-1 (]: Began executing node model.analytics.stg_customers
[0m17:30:24.769745 [debug] [Thread-4 (]: Creating new relation stg_products
[0m17:30:24.774135 [debug] [Thread-1 (]: Creating new relation stg_customers
[0m17:30:24.775104 [debug] [Thread-3 (]: Began executing node model.analytics.stg_orders
[0m17:30:24.869964 [debug] [Thread-2 (]: Began executing node model.analytics.stg_order_items
[0m17:30:24.890479 [debug] [Thread-3 (]: Creating new relation stg_orders
[0m17:30:24.904586 [debug] [Thread-4 (]: Opening a new connection, currently in state init
[0m17:30:24.907091 [debug] [Thread-2 (]: Creating new relation stg_order_items
[0m17:30:24.907845 [debug] [Thread-1 (]: Writing runtime sql for node "model.analytics.stg_customers"
[0m17:30:24.911501 [debug] [Thread-3 (]: Opening a new connection, currently in state init
[0m17:30:24.920866 [debug] [Thread-2 (]: Writing runtime sql for node "model.analytics.stg_order_items"
[0m17:30:24.935283 [debug] [Thread-2 (]: dbt_clickhouse adapter: On model.analytics.stg_order_items: /* {"app": "dbt", "dbt_version": "1.12.2", "profile_name": "analytics", "target_name": "dev", "node_id": "model.analytics.stg_order_items"} */


  create or replace view `raw_staging`.`stg_order_items` 
  
    
  
  
    
    
  as (
    SELECT
    order_item_id,
    order_id,
    product_id,
    quantity,
    price,
    total_amount
FROM `raw`.`order_items`
    
  )
      
      
                    -- end_of_sql
                    
                    ...
[0m17:30:24.939064 [debug] [Thread-1 (]: dbt_clickhouse adapter: On model.analytics.stg_customers: /* {"app": "dbt", "dbt_version": "1.12.2", "profile_name": "analytics", "target_name": "dev", "node_id": "model.analytics.stg_customers"} */


  create or replace view `raw_staging`.`stg_customers` 
  
    
  
  
    
    
  as (
    SELECT
    customer_id,
    name,
    email,
    city,
    registration_date
FROM `raw`.`customers`
    
  )
      
      
                    -- end_of_sql
                    
                    ...
[0m17:30:24.955757 [debug] [Thread-1 (]: dbt_clickhouse adapter: SQL status: OK in 0.01 seconds
[0m17:30:24.963549 [debug] [Thread-2 (]: dbt_clickhouse adapter: SQL status: OK in 0.03 seconds
[0m17:30:25.053629 [debug] [Thread-2 (]: Sending event: {'category': 'dbt', 'action': 'run_model', 'label': 'a0732bfe-6284-4664-aec3-39cccd2c2076', 'context': [<snowplow_tracker.self_describing_json.SelfDescribingJson object at 0x7334ed55bb90>]}
[0m17:30:25.062394 [info ] [Thread-2 (]: 2 of 7 OK created sql view model `raw_staging`.`stg_order_items` ............... [[32mOK[0m in 0.38s]
[0m17:30:25.067666 [debug] [Thread-1 (]: Sending event: {'category': 'dbt', 'action': 'run_model', 'label': 'a0732bfe-6284-4664-aec3-39cccd2c2076', 'context': [<snowplow_tracker.self_describing_json.SelfDescribingJson object at 0x7334ef4e51f0>]}
[0m17:30:25.071543 [debug] [Thread-2 (]: Finished running node model.analytics.stg_order_items
[0m17:30:25.075991 [info ] [Thread-1 (]: 1 of 7 OK created sql view model `raw_staging`.`stg_customers` ................. [[32mOK[0m in 0.40s]
[0m17:30:25.079012 [debug] [Thread-1 (]: Finished running node model.analytics.stg_customers
[0m17:30:25.120433 [debug] [Thread-4 (]: Writing runtime sql for node "model.analytics.stg_products"
[0m17:30:25.130260 [debug] [Thread-3 (]: Writing runtime sql for node "model.analytics.stg_orders"
[0m17:30:25.140139 [debug] [Thread-3 (]: dbt_clickhouse adapter: On model.analytics.stg_orders: /* {"app": "dbt", "dbt_version": "1.12.2", "profile_name": "analytics", "target_name": "dev", "node_id": "model.analytics.stg_orders"} */


  create or replace view `raw_staging`.`stg_orders` 
  
    
  
  
    
    
  as (
    SELECT
    order_id,
    customer_id,
    order_date,
    status
FROM `raw`.`orders`
    
  )
      
      
                    -- end_of_sql
                    
                    ...
[0m17:30:25.147676 [debug] [Thread-4 (]: dbt_clickhouse adapter: On model.analytics.stg_products: /* {"app": "dbt", "dbt_version": "1.12.2", "profile_name": "analytics", "target_name": "dev", "node_id": "model.analytics.stg_products"} */


  create or replace view `raw_staging`.`stg_products` 
  
    
  
  
    
    
  as (
    SELECT
    product_id,
    product_name,
    category,
    price
FROM `raw`.`products`
    
  )
      
      
                    -- end_of_sql
                    
                    ...
[0m17:30:25.156195 [debug] [Thread-3 (]: dbt_clickhouse adapter: SQL status: OK in 0.01 seconds
[0m17:30:25.162031 [debug] [Thread-3 (]: Sending event: {'category': 'dbt', 'action': 'run_model', 'label': 'a0732bfe-6284-4664-aec3-39cccd2c2076', 'context': [<snowplow_tracker.self_describing_json.SelfDescribingJson object at 0x7334ecd68b90>]}
[0m17:30:25.162803 [debug] [Thread-4 (]: dbt_clickhouse adapter: SQL status: OK in 0.01 seconds
[0m17:30:25.164412 [info ] [Thread-3 (]: 3 of 7 OK created sql view model `raw_staging`.`stg_orders` .................... [[32mOK[0m in 0.48s]
[0m17:30:25.169118 [debug] [Thread-4 (]: Sending event: {'category': 'dbt', 'action': 'run_model', 'label': 'a0732bfe-6284-4664-aec3-39cccd2c2076', 'context': [<snowplow_tracker.self_describing_json.SelfDescribingJson object at 0x7334eccec3e0>]}
[0m17:30:25.171090 [debug] [Thread-3 (]: Finished running node model.analytics.stg_orders
[0m17:30:25.173494 [info ] [Thread-4 (]: 4 of 7 OK created sql view model `raw_staging`.`stg_products` .................. [[32mOK[0m in 0.49s]
[0m17:30:25.176639 [debug] [Thread-2 (]: Began running node model.analytics.fct_orders
[0m17:30:25.183044 [debug] [Thread-4 (]: Finished running node model.analytics.stg_products
[0m17:30:25.187983 [info ] [Thread-2 (]: 5 of 7 START sql table model `raw_analytics`.`fct_orders` ...................... [RUN]
[0m17:30:25.191248 [debug] [Thread-3 (]: Began running node model.analytics.sales_by_category
[0m17:30:25.193532 [debug] [Thread-2 (]: Re-using an available connection from the pool (formerly model.analytics.stg_order_items, now model.analytics.fct_orders)
[0m17:30:25.195403 [info ] [Thread-3 (]: 6 of 7 START sql table model `raw_analytics`.`sales_by_category` ............... [RUN]
[0m17:30:25.196558 [debug] [Thread-2 (]: Began compiling node model.analytics.fct_orders
[0m17:30:25.202494 [debug] [Thread-3 (]: Re-using an available connection from the pool (formerly model.analytics.stg_orders, now model.analytics.sales_by_category)
[0m17:30:25.210947 [debug] [Thread-2 (]: Writing injected SQL for node "model.analytics.fct_orders"
[0m17:30:25.214310 [debug] [Thread-3 (]: Began compiling node model.analytics.sales_by_category
[0m17:30:25.221490 [debug] [Thread-3 (]: Writing injected SQL for node "model.analytics.sales_by_category"
[0m17:30:25.234310 [debug] [Thread-3 (]: Began executing node model.analytics.sales_by_category
[0m17:30:25.247828 [debug] [Thread-2 (]: Began executing node model.analytics.fct_orders
[0m17:30:25.264756 [debug] [Thread-3 (]: Creating new relation sales_by_category
[0m17:30:25.290168 [debug] [Thread-2 (]: Creating new relation fct_orders
[0m17:30:25.381587 [debug] [Thread-2 (]: dbt_clickhouse adapter: On model.analytics.fct_orders: /* {"app": "dbt", "dbt_version": "1.12.2", "profile_name": "analytics", "target_name": "dev", "node_id": "model.analytics.fct_orders"} */

            

    
        create table `raw_analytics`.`fct_orders`
        
  
        
  engine = MergeTree()
        
      order by (tuple())
        
        
        
        
                    -- end_of_sql
                    SETTINGS replicated_deduplication_window='0'

                    
            empty
          as (
            SELECT 
    o.order_id,
    o.customer_id,
    o.order_date,
    o.status,
    SUM(oi.total_amount) AS order_amount,
    SUM(oi.quantity) AS total_items
FROM `raw_staging`.`stg_orders` o
JOIN `raw_staging`.`stg_order_items` oi
ON o.order_id = oi.order_id
GROUP BY
    o.order_id,
    o.customer_id,
    o.order_date,
    o.status
          )
        
        ...
[0m17:30:25.383884 [debug] [Thread-3 (]: dbt_clickhouse adapter: On model.analytics.sales_by_category: /* {"app": "dbt", "dbt_version": "1.12.2", "profile_name": "analytics", "target_name": "dev", "node_id": "model.analytics.sales_by_category"} */

            

    
        create table `raw_analytics`.`sales_by_category`
        
  
        
  engine = MergeTree()
        
      order by (tuple())
        
        
        
        
                    -- end_of_sql
                    SETTINGS replicated_deduplication_window='0'

                    
            empty
          as (
            SELECT
    p.category,
    SUM(oi.total_amount) AS revenue,
    SUM(oi.quantity) AS items_sold,
    COUNT(DISTINCT o.order_id) AS orders_count
FROM `raw_staging`.`stg_order_items` oi
JOIN `raw_staging`.`stg_orders` o
    ON oi.order_id = o.order_id
JOIN `raw_staging`.`stg_products` p
    ON oi.product_id = p.product_id
WHERE o.status = 'completed'
GROUP BY p.category
ORDER BY revenue DESC
          )
        
        ...
[0m17:30:25.405991 [debug] [Thread-2 (]: dbt_clickhouse adapter: SQL status: OK in 0.02 seconds
[0m17:30:25.416448 [debug] [Thread-3 (]: dbt_clickhouse adapter: SQL status: OK in 0.03 seconds
[0m17:30:25.474366 [debug] [Thread-2 (]: dbt_clickhouse adapter: On model.analytics.fct_orders: /* {"app": "dbt", "dbt_version": "1.12.2", "profile_name": "analytics", "target_name": "dev", "node_id": "model.analytics.fct_orders"} */

    select name, type from system.columns where table = 'fct_orders'
    
      and database = 'raw_analytics'
    
    order by position
  ...
[0m17:30:25.475561 [debug] [Thread-3 (]: dbt_clickhouse adapter: On model.analytics.sales_by_category: /* {"app": "dbt", "dbt_version": "1.12.2", "profile_name": "analytics", "target_name": "dev", "node_id": "model.analytics.sales_by_category"} */

    select name, type from system.columns where table = 'sales_by_category'
    
      and database = 'raw_analytics'
    
    order by position
  ...
[0m17:30:25.481683 [debug] [Thread-2 (]: dbt_clickhouse adapter: SQL status: OK in 0.01 seconds
[0m17:30:25.488078 [debug] [Thread-3 (]: dbt_clickhouse adapter: SQL status: OK in 0.01 seconds
[0m17:30:25.489405 [debug] [Thread-2 (]: Writing runtime sql for node "model.analytics.fct_orders"
[0m17:30:25.492400 [debug] [Thread-3 (]: Writing runtime sql for node "model.analytics.sales_by_category"
[0m17:30:25.508604 [debug] [Thread-2 (]: dbt_clickhouse adapter: On model.analytics.fct_orders: /* {"app": "dbt", "dbt_version": "1.12.2", "profile_name": "analytics", "target_name": "dev", "node_id": "model.analytics.fct_orders"} */

  
    
    
    
        
         


        insert into `raw_analytics`.`fct_orders`
        ("order_id", "customer_id", "order_date", "status", "order_amount", "total_items")SELECT 
    o.order_id,
    o.customer_id,
    o.order_date,
    o.status,
    SUM(oi.total_amount) AS order_amount,
    SUM(oi.quantity) AS total_items
FROM `raw_staging`.`stg_orders` o
JOIN `raw_staging`.`stg_order_items` oi
ON o.order_id = oi.order_id
GROUP BY
    o.order_id,
    o.customer_id,
    o.order_date,
    o.status
  ...
[0m17:30:25.514120 [debug] [Thread-3 (]: dbt_clickhouse adapter: On model.analytics.sales_by_category: /* {"app": "dbt", "dbt_version": "1.12.2", "profile_name": "analytics", "target_name": "dev", "node_id": "model.analytics.sales_by_category"} */

  
    
    
    
        
         


        insert into `raw_analytics`.`sales_by_category`
        ("category", "revenue", "items_sold", "orders_count")SELECT
    p.category,
    SUM(oi.total_amount) AS revenue,
    SUM(oi.quantity) AS items_sold,
    COUNT(DISTINCT o.order_id) AS orders_count
FROM `raw_staging`.`stg_order_items` oi
JOIN `raw_staging`.`stg_orders` o
    ON oi.order_id = o.order_id
JOIN `raw_staging`.`stg_products` p
    ON oi.product_id = p.product_id
WHERE o.status = 'completed'
GROUP BY p.category
ORDER BY revenue DESC
  ...
[0m17:30:31.381312 [debug] [Thread-3 (]: dbt_clickhouse adapter: SQL status: OK in 5.87 seconds
[0m17:30:31.387030 [debug] [Thread-3 (]: Sending event: {'category': 'dbt', 'action': 'run_model', 'label': 'a0732bfe-6284-4664-aec3-39cccd2c2076', 'context': [<snowplow_tracker.self_describing_json.SelfDescribingJson object at 0x7334ef9fa0c0>]}
[0m17:30:31.390150 [info ] [Thread-3 (]: 6 of 7 OK created sql table model `raw_analytics`.`sales_by_category` .......... [[32mOK[0m in 6.18s]
[0m17:30:31.399544 [debug] [Thread-3 (]: Finished running node model.analytics.sales_by_category
[0m17:30:31.669786 [debug] [Thread-2 (]: dbt_clickhouse adapter: SQL status: OK in 6.16 seconds
[0m17:30:31.672909 [debug] [Thread-2 (]: Sending event: {'category': 'dbt', 'action': 'run_model', 'label': 'a0732bfe-6284-4664-aec3-39cccd2c2076', 'context': [<snowplow_tracker.self_describing_json.SelfDescribingJson object at 0x7334efbd8530>]}
[0m17:30:31.673962 [info ] [Thread-2 (]: 5 of 7 OK created sql table model `raw_analytics`.`fct_orders` ................. [[32mOK[0m in 6.48s]
[0m17:30:31.675583 [debug] [Thread-2 (]: Finished running node model.analytics.fct_orders
[0m17:30:31.678871 [debug] [Thread-4 (]: Began running node model.analytics.sales_daily
[0m17:30:31.680962 [info ] [Thread-4 (]: 7 of 7 START sql table model `raw_analytics`.`sales_daily` ..................... [RUN]
[0m17:30:31.682250 [debug] [Thread-4 (]: Re-using an available connection from the pool (formerly model.analytics.stg_products, now model.analytics.sales_daily)
[0m17:30:31.683570 [debug] [Thread-4 (]: Began compiling node model.analytics.sales_daily
[0m17:30:31.687252 [debug] [Thread-4 (]: Writing injected SQL for node "model.analytics.sales_daily"
[0m17:30:31.713941 [debug] [Thread-4 (]: Began executing node model.analytics.sales_daily
[0m17:30:31.717604 [debug] [Thread-4 (]: Creating new relation sales_daily
[0m17:30:31.721868 [debug] [Thread-4 (]: dbt_clickhouse adapter: On model.analytics.sales_daily: /* {"app": "dbt", "dbt_version": "1.12.2", "profile_name": "analytics", "target_name": "dev", "node_id": "model.analytics.sales_daily"} */

            

    
        create table `raw_analytics`.`sales_daily`
        
  
        
  engine = MergeTree()
        
      order by (tuple())
        
        
        
        
                    -- end_of_sql
                    SETTINGS replicated_deduplication_window='0'

                    
            empty
          as (
            SELECT
    toDate(order_date) AS sale_date,
    COUNT(*) AS orders_count,
    SUM(order_amount) AS revenue,
    SUM(total_items) AS items_sold
FROM `raw_analytics`.`fct_orders`
WHERE status = 'completed'
GROUP BY toDate(order_date)
ORDER BY toDate(order_date)
          )
        
        ...
[0m17:30:31.742238 [debug] [Thread-4 (]: dbt_clickhouse adapter: SQL status: OK in 0.02 seconds
[0m17:30:31.746253 [debug] [Thread-4 (]: dbt_clickhouse adapter: On model.analytics.sales_daily: /* {"app": "dbt", "dbt_version": "1.12.2", "profile_name": "analytics", "target_name": "dev", "node_id": "model.analytics.sales_daily"} */

    select name, type from system.columns where table = 'sales_daily'
    
      and database = 'raw_analytics'
    
    order by position
  ...
[0m17:30:31.752083 [debug] [Thread-4 (]: dbt_clickhouse adapter: SQL status: OK in 0.00 seconds
[0m17:30:31.757428 [debug] [Thread-4 (]: Writing runtime sql for node "model.analytics.sales_daily"
[0m17:30:31.775215 [debug] [Thread-4 (]: dbt_clickhouse adapter: On model.analytics.sales_daily: /* {"app": "dbt", "dbt_version": "1.12.2", "profile_name": "analytics", "target_name": "dev", "node_id": "model.analytics.sales_daily"} */

  
    
    
    
        
         


        insert into `raw_analytics`.`sales_daily`
        ("sale_date", "orders_count", "revenue", "items_sold")SELECT
    toDate(order_date) AS sale_date,
    COUNT(*) AS orders_count,
    SUM(order_amount) AS revenue,
    SUM(total_items) AS items_sold
FROM `raw_analytics`.`fct_orders`
WHERE status = 'completed'
GROUP BY toDate(order_date)
ORDER BY toDate(order_date)
  ...
[0m17:30:31.814488 [debug] [Thread-4 (]: dbt_clickhouse adapter: SQL status: OK in 0.04 seconds
[0m17:30:31.820692 [debug] [Thread-4 (]: Sending event: {'category': 'dbt', 'action': 'run_model', 'label': 'a0732bfe-6284-4664-aec3-39cccd2c2076', 'context': [<snowplow_tracker.self_describing_json.SelfDescribingJson object at 0x7334ecd58da0>]}
[0m17:30:31.822128 [info ] [Thread-4 (]: 7 of 7 OK created sql table model `raw_analytics`.`sales_daily` ................ [[32mOK[0m in 0.14s]
[0m17:30:31.823492 [debug] [Thread-4 (]: Finished running node model.analytics.sales_daily
[0m17:30:31.826735 [debug] [MainThread]: Connection 'master' was properly closed.
[0m17:30:31.827546 [debug] [MainThread]: Connection 'model.analytics.fct_orders' was left open.
[0m17:30:31.828521 [debug] [MainThread]: On model.analytics.fct_orders: Close
[0m17:30:31.829733 [debug] [MainThread]: Connection 'model.analytics.stg_customers' was left open.
[0m17:30:31.832117 [debug] [MainThread]: On model.analytics.stg_customers: Close
[0m17:30:31.833654 [debug] [MainThread]: Connection 'model.analytics.sales_by_category' was left open.
[0m17:30:31.834939 [debug] [MainThread]: On model.analytics.sales_by_category: Close
[0m17:30:31.836876 [debug] [MainThread]: Connection 'model.analytics.sales_daily' was left open.
[0m17:30:31.839285 [debug] [MainThread]: On model.analytics.sales_daily: Close
[0m17:30:31.841204 [info ] [MainThread]: 
[0m17:30:31.843480 [info ] [MainThread]: Finished running 3 table models, 4 view models in 0 hours 0 minutes and 7.88 seconds (7.88s).
[0m17:30:31.847302 [debug] [MainThread]: Command end result
[0m17:30:31.983248 [debug] [MainThread]: Wrote artifact WritableManifest to /opt/airflow/dbt/target/manifest.json
[0m17:30:31.995211 [debug] [MainThread]: Wrote artifact SemanticManifest to /opt/airflow/dbt/target/semantic_manifest.json
[0m17:30:32.007189 [debug] [MainThread]: Wrote artifact OsiDocument to /opt/airflow/dbt/target/osi_document.json
[0m17:30:32.033359 [debug] [MainThread]: Wrote artifact RunExecutionResult to /opt/airflow/dbt/target/run_results.json
[0m17:30:32.036230 [info ] [MainThread]: 
[0m17:30:32.037998 [info ] [MainThread]: [32mCompleted successfully[0m
[0m17:30:32.039254 [info ] [MainThread]: 
[0m17:30:32.040833 [info ] [MainThread]: Done. PASS=7 WARN=0 ERROR=0 SKIP=0 NO-OP=0 REUSED=0 TOTAL=7
[0m17:30:32.045767 [debug] [MainThread]: Resource report: {"command_name": "run", "command_success": true, "command_wall_clock_time": 10.214964, "process_in_blocks": "0", "process_kernel_time": 0.623343, "process_mem_max_rss": "160980", "process_out_blocks": "0", "process_user_time": 5.708517}
[0m17:30:32.048844 [debug] [MainThread]: Command `dbt run` succeeded at 17:30:32.048522 after 10.22 seconds
[0m17:30:32.050003 [debug] [MainThread]: Sending event: {'category': 'dbt', 'action': 'invocation', 'label': 'end', 'context': [<snowplow_tracker.self_describing_json.SelfDescribingJson object at 0x7334f0baee40>, <snowplow_tracker.self_describing_json.SelfDescribingJson object at 0x7334ef509c10>, <snowplow_tracker.self_describing_json.SelfDescribingJson object at 0x7334f08d9460>]}
[0m17:30:32.051157 [debug] [MainThread]: Flushing usage events
[0m17:30:33.015862 [debug] [MainThread]: An error was encountered while trying to flush usage events
[0m17:34:17.944106 [debug] [MainThread]: Sending event: {'category': 'dbt', 'action': 'invocation', 'label': 'start', 'context': [<snowplow_tracker.self_describing_json.SelfDescribingJson object at 0x712709d5fef0>, <snowplow_tracker.self_describing_json.SelfDescribingJson object at 0x712709d5fa10>, <snowplow_tracker.self_describing_json.SelfDescribingJson object at 0x712709d5ffe0>]}


============================== 17:34:17.954172 | f33c7e44-4433-4cb6-8052-90c7ed8b8dc1 ==============================
[0m17:34:17.954172 [info ] [MainThread]: Running with dbt=1.12.2
[0m17:34:17.955278 [debug] [MainThread]: running dbt with arguments {'target_path': 'None', 'warn_error_options': 'WarnErrorOptionsV2(error=[], warn=[], silence=[])', 'log_format': 'default', 'quiet': 'False', 'indirect_selection': 'eager', 'profiles_dir': '/opt/airflow/dbt', 'debug': 'False', 'hints_enabled': 'True', 'partial_parse': 'True', 'use_experimental_parser': 'False', 'empty': 'False', 'cache_selected_only': 'False', 'version_check': 'True', 'use_colors': 'True', 'log_cache_events': 'False', 'maximum_seed_size_mib': '1', 'log_path': '/opt/airflow/dbt/logs', 'no_print': 'None', 'printer_width': '80', 'warn_error': 'None', 'send_anonymous_usage_stats': 'True', 'static_parser': 'True', 'write_json': 'True', 'fail_fast': 'False', 'introspect': 'True', 'invocation_command': 'dbt run --project-dir /opt/airflow/dbt --profiles-dir /opt/airflow/dbt'}
[0m17:34:18.265419 [debug] [MainThread]: Sending event: {'category': 'dbt', 'action': 'project_id', 'label': 'f33c7e44-4433-4cb6-8052-90c7ed8b8dc1', 'context': [<snowplow_tracker.self_describing_json.SelfDescribingJson object at 0x71270ca789e0>]}
[0m17:34:18.374098 [debug] [MainThread]: Sending event: {'category': 'dbt', 'action': 'adapter_info', 'label': 'f33c7e44-4433-4cb6-8052-90c7ed8b8dc1', 'context': [<snowplow_tracker.self_describing_json.SelfDescribingJson object at 0x71270adff680>]}
[0m17:34:18.376154 [info ] [MainThread]: Registered adapter: clickhouse=1.9.3
[0m17:34:18.530496 [debug] [MainThread]: checksum: adba77356f91f81a11ee2fa729542f151b163d2280a76ec0a147e0b39f20e5da, vars: {}, profile: analytics, target: dev, version: 1.12.2
[0m17:34:18.917666 [debug] [MainThread]: Partial parsing enabled: 0 files deleted, 0 files added, 0 files changed.
[0m17:34:18.918773 [debug] [MainThread]: Nothing changed, skipping partial parsing.
[0m17:34:18.919437 [debug] [MainThread]: Partial parsing enabled, no changes found, skipping parsing
[0m17:34:18.933329 [debug] [MainThread]: Sending event: {'category': 'dbt', 'action': 'load_project', 'label': 'f33c7e44-4433-4cb6-8052-90c7ed8b8dc1', 'context': [<snowplow_tracker.self_describing_json.SelfDescribingJson object at 0x712709b323c0>]}
[0m17:34:19.173493 [debug] [MainThread]: Wrote artifact WritableManifest to /opt/airflow/dbt/target/manifest.json
[0m17:34:19.182153 [debug] [MainThread]: Wrote artifact SemanticManifest to /opt/airflow/dbt/target/semantic_manifest.json
[0m17:34:19.213088 [debug] [MainThread]: Wrote artifact OsiDocument to /opt/airflow/dbt/target/osi_document.json
[0m17:34:19.243847 [debug] [MainThread]: Sending event: {'category': 'dbt', 'action': 'resource_counts', 'label': 'f33c7e44-4433-4cb6-8052-90c7ed8b8dc1', 'context': [<snowplow_tracker.self_describing_json.SelfDescribingJson object at 0x71270960fc80>]}
[0m17:34:19.244977 [info ] [MainThread]: Found 7 models, 11 data tests, 4 sources, 521 macros
[0m17:34:19.245942 [debug] [MainThread]: Sending event: {'category': 'dbt', 'action': 'runnable_timing', 'label': 'f33c7e44-4433-4cb6-8052-90c7ed8b8dc1', 'context': [<snowplow_tracker.self_describing_json.SelfDescribingJson object at 0x71270947e0c0>]}
[0m17:34:19.250040 [info ] [MainThread]: 
[0m17:34:19.251128 [info ] [MainThread]: Concurrency: 4 threads (target='dev')
[0m17:34:19.252594 [info ] [MainThread]: 
[0m17:34:19.254461 [debug] [MainThread]: Acquiring new clickhouse connection 'master'
[0m17:34:19.270835 [debug] [ThreadPool]: Acquiring new clickhouse connection 'list_'
[0m17:34:19.272391 [debug] [ThreadPool]: Acquiring new clickhouse connection 'list_'
[0m17:34:19.293463 [debug] [ThreadPool]: Opening a new connection, currently in state init
[0m17:34:19.303153 [debug] [ThreadPool]: Opening a new connection, currently in state init
[0m17:34:19.717581 [debug] [ThreadPool]: dbt_clickhouse adapter: On list_: /* {"app": "dbt", "dbt_version": "1.12.2", "profile_name": "analytics", "target_name": "dev", "connection_name": "list_"} */

    select name from system.databases
  ...
[0m17:34:19.722575 [debug] [ThreadPool]: dbt_clickhouse adapter: SQL status: OK in 0.00 seconds
[0m17:34:19.736813 [debug] [ThreadPool]: dbt_clickhouse adapter: On list_: /* {"app": "dbt", "dbt_version": "1.12.2", "profile_name": "analytics", "target_name": "dev", "connection_name": "list_"} */

    select name from system.databases
  ...
[0m17:34:19.743303 [debug] [ThreadPool]: dbt_clickhouse adapter: SQL status: OK in 0.00 seconds
[0m17:34:19.783884 [debug] [ThreadPool]: Re-using an available connection from the pool (formerly list_, now list__raw_staging)
[0m17:34:19.785193 [debug] [ThreadPool]: Re-using an available connection from the pool (formerly list_, now list__raw_analytics)
[0m17:34:19.792952 [debug] [ThreadPool]: dbt_clickhouse adapter: On list__raw_staging: /* {"app": "dbt", "dbt_version": "1.12.2", "profile_name": "analytics", "target_name": "dev", "connection_name": "list__raw_staging"} */
select
      t.name as name,
      t.database as schema,
      multiIf(
        engine in ('MaterializedView', 'View'), 'view',
        engine = 'Dictionary', 'dictionary',
        'table'
      ) as type,
      db.engine as db_engine,0 as is_on_cluster
          from system.tables as t join system.databases as db on t.database = db.name
        where schema = 'raw_staging'
      

  ...
[0m17:34:19.795040 [debug] [ThreadPool]: dbt_clickhouse adapter: On list__raw_analytics: /* {"app": "dbt", "dbt_version": "1.12.2", "profile_name": "analytics", "target_name": "dev", "connection_name": "list__raw_analytics"} */
select
      t.name as name,
      t.database as schema,
      multiIf(
        engine in ('MaterializedView', 'View'), 'view',
        engine = 'Dictionary', 'dictionary',
        'table'
      ) as type,
      db.engine as db_engine,0 as is_on_cluster
          from system.tables as t join system.databases as db on t.database = db.name
        where schema = 'raw_analytics'
      

  ...
[0m17:34:19.805668 [debug] [ThreadPool]: dbt_clickhouse adapter: SQL status: OK in 0.01 seconds
[0m17:34:19.806916 [debug] [ThreadPool]: dbt_clickhouse adapter: SQL status: OK in 0.01 seconds
[0m17:34:19.812927 [debug] [MainThread]: Sending event: {'category': 'dbt', 'action': 'runnable_timing', 'label': 'f33c7e44-4433-4cb6-8052-90c7ed8b8dc1', 'context': [<snowplow_tracker.self_describing_json.SelfDescribingJson object at 0x71270342b380>]}
[0m17:34:19.822175 [debug] [Thread-1 (]: Began running node model.analytics.stg_customers
[0m17:34:19.822972 [debug] [Thread-2 (]: Began running node model.analytics.stg_order_items
[0m17:34:19.823717 [debug] [Thread-3 (]: Began running node model.analytics.stg_orders
[0m17:34:19.825302 [debug] [Thread-4 (]: Began running node model.analytics.stg_products
[0m17:34:19.824673 [info ] [Thread-1 (]: 1 of 7 START sql view model `raw_staging`.`stg_customers` ...................... [RUN]
[0m17:34:19.826837 [info ] [Thread-2 (]: 2 of 7 START sql view model `raw_staging`.`stg_order_items` .................... [RUN]
[0m17:34:19.828439 [info ] [Thread-3 (]: 3 of 7 START sql view model `raw_staging`.`stg_orders` ......................... [RUN]
[0m17:34:19.829838 [info ] [Thread-4 (]: 4 of 7 START sql view model `raw_staging`.`stg_products` ....................... [RUN]
[0m17:34:19.831526 [debug] [Thread-1 (]: Re-using an available connection from the pool (formerly list__raw_analytics, now model.analytics.stg_customers)
[0m17:34:19.833727 [debug] [Thread-2 (]: Re-using an available connection from the pool (formerly list__raw_staging, now model.analytics.stg_order_items)
[0m17:34:19.835454 [debug] [Thread-3 (]: Acquiring new clickhouse connection 'model.analytics.stg_orders'
[0m17:34:19.837200 [debug] [Thread-4 (]: Acquiring new clickhouse connection 'model.analytics.stg_products'
[0m17:34:19.838450 [debug] [Thread-1 (]: Began compiling node model.analytics.stg_customers
[0m17:34:19.839761 [debug] [Thread-2 (]: Began compiling node model.analytics.stg_order_items
[0m17:34:19.841026 [debug] [Thread-3 (]: Began compiling node model.analytics.stg_orders
[0m17:34:19.842337 [debug] [Thread-4 (]: Began compiling node model.analytics.stg_products
[0m17:34:19.858086 [debug] [Thread-2 (]: Writing injected SQL for node "model.analytics.stg_order_items"
[0m17:34:19.859269 [debug] [Thread-1 (]: Writing injected SQL for node "model.analytics.stg_customers"
[0m17:34:19.958481 [debug] [Thread-3 (]: Writing injected SQL for node "model.analytics.stg_orders"
[0m17:34:19.962795 [debug] [Thread-4 (]: Writing injected SQL for node "model.analytics.stg_products"
[0m17:34:19.972867 [debug] [Thread-4 (]: Began executing node model.analytics.stg_products
[0m17:34:19.981229 [debug] [Thread-2 (]: Began executing node model.analytics.stg_order_items
[0m17:34:19.993655 [debug] [Thread-1 (]: Began executing node model.analytics.stg_customers
[0m17:34:20.024985 [debug] [Thread-4 (]: Relation stg_products already exists, replacing it
[0m17:34:20.025672 [debug] [Thread-3 (]: Began executing node model.analytics.stg_orders
[0m17:34:20.026372 [debug] [Thread-1 (]: Relation stg_customers already exists, replacing it
[0m17:34:20.027249 [debug] [Thread-2 (]: Relation stg_order_items already exists, replacing it
[0m17:34:20.040616 [debug] [Thread-3 (]: Relation stg_orders already exists, replacing it
[0m17:34:20.051229 [debug] [Thread-4 (]: Opening a new connection, currently in state init
[0m17:34:20.053667 [debug] [Thread-1 (]: Writing runtime sql for node "model.analytics.stg_customers"
[0m17:34:20.056128 [debug] [Thread-2 (]: Writing runtime sql for node "model.analytics.stg_order_items"
[0m17:34:20.058112 [debug] [Thread-3 (]: Opening a new connection, currently in state init
[0m17:34:20.068662 [debug] [Thread-1 (]: dbt_clickhouse adapter: On model.analytics.stg_customers: /* {"app": "dbt", "dbt_version": "1.12.2", "profile_name": "analytics", "target_name": "dev", "node_id": "model.analytics.stg_customers"} */


  create or replace view `raw_staging`.`stg_customers` 
  
    
  
  
    
    
  as (
    SELECT
    customer_id,
    name,
    email,
    city,
    registration_date
FROM `raw`.`customers`
    
  )
      
      
                    -- end_of_sql
                    
                    ...
[0m17:34:20.070431 [debug] [Thread-2 (]: dbt_clickhouse adapter: On model.analytics.stg_order_items: /* {"app": "dbt", "dbt_version": "1.12.2", "profile_name": "analytics", "target_name": "dev", "node_id": "model.analytics.stg_order_items"} */


  create or replace view `raw_staging`.`stg_order_items` 
  
    
  
  
    
    
  as (
    SELECT
    order_item_id,
    order_id,
    product_id,
    quantity,
    price,
    total_amount
FROM `raw`.`order_items`
    
  )
      
      
                    -- end_of_sql
                    
                    ...
[0m17:34:20.102574 [debug] [Thread-2 (]: dbt_clickhouse adapter: SQL status: OK in 0.03 seconds
[0m17:34:20.133587 [debug] [Thread-2 (]: Sending event: {'category': 'dbt', 'action': 'run_model', 'label': 'f33c7e44-4433-4cb6-8052-90c7ed8b8dc1', 'context': [<snowplow_tracker.self_describing_json.SelfDescribingJson object at 0x71270add5430>]}
[0m17:34:20.134209 [debug] [Thread-1 (]: dbt_clickhouse adapter: SQL status: OK in 0.06 seconds
[0m17:34:20.135040 [info ] [Thread-2 (]: 2 of 7 OK created sql view model `raw_staging`.`stg_order_items` ............... [[32mOK[0m in 0.30s]
[0m17:34:20.138605 [debug] [Thread-1 (]: Sending event: {'category': 'dbt', 'action': 'run_model', 'label': 'f33c7e44-4433-4cb6-8052-90c7ed8b8dc1', 'context': [<snowplow_tracker.self_describing_json.SelfDescribingJson object at 0x7127097db950>]}
[0m17:34:20.139650 [debug] [Thread-2 (]: Finished running node model.analytics.stg_order_items
[0m17:34:20.141037 [info ] [Thread-1 (]: 1 of 7 OK created sql view model `raw_staging`.`stg_customers` ................. [[32mOK[0m in 0.31s]
[0m17:34:20.143000 [debug] [Thread-1 (]: Finished running node model.analytics.stg_customers
[0m17:34:20.235720 [debug] [Thread-3 (]: Writing runtime sql for node "model.analytics.stg_orders"
[0m17:34:20.237063 [debug] [Thread-4 (]: Writing runtime sql for node "model.analytics.stg_products"
[0m17:34:20.243566 [debug] [Thread-3 (]: dbt_clickhouse adapter: On model.analytics.stg_orders: /* {"app": "dbt", "dbt_version": "1.12.2", "profile_name": "analytics", "target_name": "dev", "node_id": "model.analytics.stg_orders"} */


  create or replace view `raw_staging`.`stg_orders` 
  
    
  
  
    
    
  as (
    SELECT
    order_id,
    customer_id,
    order_date,
    status
FROM `raw`.`orders`
    
  )
      
      
                    -- end_of_sql
                    
                    ...
[0m17:34:20.245951 [debug] [Thread-4 (]: dbt_clickhouse adapter: On model.analytics.stg_products: /* {"app": "dbt", "dbt_version": "1.12.2", "profile_name": "analytics", "target_name": "dev", "node_id": "model.analytics.stg_products"} */


  create or replace view `raw_staging`.`stg_products` 
  
    
  
  
    
    
  as (
    SELECT
    product_id,
    product_name,
    category,
    price
FROM `raw`.`products`
    
  )
      
      
                    -- end_of_sql
                    
                    ...
[0m17:34:20.270105 [debug] [Thread-3 (]: dbt_clickhouse adapter: SQL status: OK in 0.03 seconds
[0m17:34:20.273947 [debug] [Thread-3 (]: Sending event: {'category': 'dbt', 'action': 'run_model', 'label': 'f33c7e44-4433-4cb6-8052-90c7ed8b8dc1', 'context': [<snowplow_tracker.self_describing_json.SelfDescribingJson object at 0x71270c8e5e50>]}
[0m17:34:20.275253 [info ] [Thread-3 (]: 3 of 7 OK created sql view model `raw_staging`.`stg_orders` .................... [[32mOK[0m in 0.44s]
[0m17:34:20.276776 [debug] [Thread-3 (]: Finished running node model.analytics.stg_orders
[0m17:34:20.278302 [debug] [Thread-2 (]: Began running node model.analytics.fct_orders
[0m17:34:20.279443 [info ] [Thread-2 (]: 5 of 7 START sql table model `raw_analytics`.`fct_orders` ...................... [RUN]
[0m17:34:20.280474 [debug] [Thread-2 (]: Re-using an available connection from the pool (formerly model.analytics.stg_order_items, now model.analytics.fct_orders)
[0m17:34:20.281837 [debug] [Thread-2 (]: Began compiling node model.analytics.fct_orders
[0m17:34:20.282971 [debug] [Thread-4 (]: dbt_clickhouse adapter: SQL status: OK in 0.04 seconds
[0m17:34:20.287048 [debug] [Thread-2 (]: Writing injected SQL for node "model.analytics.fct_orders"
[0m17:34:20.291633 [debug] [Thread-4 (]: Sending event: {'category': 'dbt', 'action': 'run_model', 'label': 'f33c7e44-4433-4cb6-8052-90c7ed8b8dc1', 'context': [<snowplow_tracker.self_describing_json.SelfDescribingJson object at 0x71270adfd490>]}
[0m17:34:20.294031 [info ] [Thread-4 (]: 4 of 7 OK created sql view model `raw_staging`.`stg_products` .................. [[32mOK[0m in 0.45s]
[0m17:34:20.296861 [debug] [Thread-4 (]: Finished running node model.analytics.stg_products
[0m17:34:20.298486 [debug] [Thread-3 (]: Began running node model.analytics.sales_by_category
[0m17:34:20.302003 [info ] [Thread-3 (]: 6 of 7 START sql table model `raw_analytics`.`sales_by_category` ............... [RUN]
[0m17:34:20.303658 [debug] [Thread-3 (]: Re-using an available connection from the pool (formerly model.analytics.stg_orders, now model.analytics.sales_by_category)
[0m17:34:20.305062 [debug] [Thread-3 (]: Began compiling node model.analytics.sales_by_category
[0m17:34:20.310866 [debug] [Thread-3 (]: Writing injected SQL for node "model.analytics.sales_by_category"
[0m17:34:20.313306 [debug] [Thread-2 (]: Began executing node model.analytics.fct_orders
[0m17:34:20.344738 [debug] [Thread-3 (]: Began executing node model.analytics.sales_by_category
[0m17:34:20.425552 [debug] [Thread-3 (]: dbt_clickhouse adapter: On model.analytics.sales_by_category: /* {"app": "dbt", "dbt_version": "1.12.2", "profile_name": "analytics", "target_name": "dev", "node_id": "model.analytics.sales_by_category"} */

            

    
        create table `raw_analytics`.`sales_by_category__dbt_backup`
        
  
        
  engine = MergeTree()
        
      order by (tuple())
        
        
        
        
                    -- end_of_sql
                    SETTINGS replicated_deduplication_window='0'

                    
            empty
          as (
            SELECT
    p.category,
    SUM(oi.total_amount) AS revenue,
    SUM(oi.quantity) AS items_sold,
    COUNT(DISTINCT o.order_id) AS orders_count
FROM `raw_staging`.`stg_order_items` oi
JOIN `raw_staging`.`stg_orders` o
    ON oi.order_id = o.order_id
JOIN `raw_staging`.`stg_products` p
    ON oi.product_id = p.product_id
WHERE o.status = 'completed'
GROUP BY p.category
ORDER BY revenue DESC
          )
        
        ...
[0m17:34:20.427651 [debug] [Thread-2 (]: dbt_clickhouse adapter: On model.analytics.fct_orders: /* {"app": "dbt", "dbt_version": "1.12.2", "profile_name": "analytics", "target_name": "dev", "node_id": "model.analytics.fct_orders"} */

            

    
        create table `raw_analytics`.`fct_orders__dbt_backup`
        
  
        
  engine = MergeTree()
        
      order by (tuple())
        
        
        
        
                    -- end_of_sql
                    SETTINGS replicated_deduplication_window='0'

                    
            empty
          as (
            SELECT 
    o.order_id,
    o.customer_id,
    o.order_date,
    o.status,
    SUM(oi.total_amount) AS order_amount,
    SUM(oi.quantity) AS total_items
FROM `raw_staging`.`stg_orders` o
JOIN `raw_staging`.`stg_order_items` oi
ON o.order_id = oi.order_id
GROUP BY
    o.order_id,
    o.customer_id,
    o.order_date,
    o.status
          )
        
        ...
[0m17:34:20.499572 [debug] [Thread-3 (]: dbt_clickhouse adapter: SQL status: OK in 0.07 seconds
[0m17:34:20.522505 [debug] [Thread-2 (]: dbt_clickhouse adapter: SQL status: OK in 0.09 seconds
[0m17:34:20.527296 [debug] [Thread-3 (]: dbt_clickhouse adapter: On model.analytics.sales_by_category: /* {"app": "dbt", "dbt_version": "1.12.2", "profile_name": "analytics", "target_name": "dev", "node_id": "model.analytics.sales_by_category"} */

    select name, type from system.columns where table = 'sales_by_category__dbt_backup'
    
      and database = 'raw_analytics'
    
    order by position
  ...
[0m17:34:20.530009 [debug] [Thread-2 (]: dbt_clickhouse adapter: On model.analytics.fct_orders: /* {"app": "dbt", "dbt_version": "1.12.2", "profile_name": "analytics", "target_name": "dev", "node_id": "model.analytics.fct_orders"} */

    select name, type from system.columns where table = 'fct_orders__dbt_backup'
    
      and database = 'raw_analytics'
    
    order by position
  ...
[0m17:34:20.536439 [debug] [Thread-3 (]: dbt_clickhouse adapter: SQL status: OK in 0.01 seconds
[0m17:34:20.542923 [debug] [Thread-2 (]: dbt_clickhouse adapter: SQL status: OK in 0.01 seconds
[0m17:34:20.545052 [debug] [Thread-3 (]: Writing runtime sql for node "model.analytics.sales_by_category"
[0m17:34:20.547884 [debug] [Thread-2 (]: Writing runtime sql for node "model.analytics.fct_orders"
[0m17:34:20.556535 [debug] [Thread-3 (]: dbt_clickhouse adapter: On model.analytics.sales_by_category: /* {"app": "dbt", "dbt_version": "1.12.2", "profile_name": "analytics", "target_name": "dev", "node_id": "model.analytics.sales_by_category"} */

  
    
    
    
        
         


        insert into `raw_analytics`.`sales_by_category__dbt_backup`
        ("category", "revenue", "items_sold", "orders_count")SELECT
    p.category,
    SUM(oi.total_amount) AS revenue,
    SUM(oi.quantity) AS items_sold,
    COUNT(DISTINCT o.order_id) AS orders_count
FROM `raw_staging`.`stg_order_items` oi
JOIN `raw_staging`.`stg_orders` o
    ON oi.order_id = o.order_id
JOIN `raw_staging`.`stg_products` p
    ON oi.product_id = p.product_id
WHERE o.status = 'completed'
GROUP BY p.category
ORDER BY revenue DESC
  ...
[0m17:34:20.558134 [debug] [Thread-2 (]: dbt_clickhouse adapter: On model.analytics.fct_orders: /* {"app": "dbt", "dbt_version": "1.12.2", "profile_name": "analytics", "target_name": "dev", "node_id": "model.analytics.fct_orders"} */

  
    
    
    
        
         


        insert into `raw_analytics`.`fct_orders__dbt_backup`
        ("order_id", "customer_id", "order_date", "status", "order_amount", "total_items")SELECT 
    o.order_id,
    o.customer_id,
    o.order_date,
    o.status,
    SUM(oi.total_amount) AS order_amount,
    SUM(oi.quantity) AS total_items
FROM `raw_staging`.`stg_orders` o
JOIN `raw_staging`.`stg_order_items` oi
ON o.order_id = oi.order_id
GROUP BY
    o.order_id,
    o.customer_id,
    o.order_date,
    o.status
  ...
[0m17:34:21.748171 [debug] [Thread-3 (]: dbt_clickhouse adapter: SQL status: OK in 1.19 seconds
[0m17:34:21.780790 [debug] [Thread-3 (]: dbt_clickhouse adapter: On model.analytics.sales_by_category: /* {"app": "dbt", "dbt_version": "1.12.2", "profile_name": "analytics", "target_name": "dev", "node_id": "model.analytics.sales_by_category"} */
EXCHANGE TABLES `raw_analytics`.`sales_by_category__dbt_backup` AND `raw_analytics`.`sales_by_category` 
  
  ...
[0m17:34:21.803933 [debug] [Thread-3 (]: dbt_clickhouse adapter: SQL status: OK in 0.01 seconds
[0m17:34:21.848662 [debug] [Thread-3 (]: dbt_clickhouse adapter: On model.analytics.sales_by_category: /* {"app": "dbt", "dbt_version": "1.12.2", "profile_name": "analytics", "target_name": "dev", "node_id": "model.analytics.sales_by_category"} */
drop table if exists `raw_analytics`.`sales_by_category__dbt_backup` 
  ...
[0m17:34:21.892454 [debug] [Thread-3 (]: dbt_clickhouse adapter: SQL status: OK in 0.01 seconds
[0m17:34:21.912121 [debug] [Thread-3 (]: Sending event: {'category': 'dbt', 'action': 'run_model', 'label': 'f33c7e44-4433-4cb6-8052-90c7ed8b8dc1', 'context': [<snowplow_tracker.self_describing_json.SelfDescribingJson object at 0x712709642150>]}
[0m17:34:21.927155 [info ] [Thread-3 (]: 6 of 7 OK created sql table model `raw_analytics`.`sales_by_category` .......... [[32mOK[0m in 1.61s]
[0m17:34:21.947956 [debug] [Thread-3 (]: Finished running node model.analytics.sales_by_category
[0m17:34:22.539790 [debug] [Thread-2 (]: dbt_clickhouse adapter: SQL status: OK in 1.98 seconds
[0m17:34:22.543262 [debug] [Thread-2 (]: dbt_clickhouse adapter: On model.analytics.fct_orders: /* {"app": "dbt", "dbt_version": "1.12.2", "profile_name": "analytics", "target_name": "dev", "node_id": "model.analytics.fct_orders"} */
EXCHANGE TABLES `raw_analytics`.`fct_orders__dbt_backup` AND `raw_analytics`.`fct_orders` 
  
  ...
[0m17:34:22.546454 [debug] [Thread-2 (]: dbt_clickhouse adapter: SQL status: OK in 0.00 seconds
[0m17:34:22.551311 [debug] [Thread-2 (]: dbt_clickhouse adapter: On model.analytics.fct_orders: /* {"app": "dbt", "dbt_version": "1.12.2", "profile_name": "analytics", "target_name": "dev", "node_id": "model.analytics.fct_orders"} */
drop table if exists `raw_analytics`.`fct_orders__dbt_backup` 
  ...
[0m17:34:22.554077 [debug] [Thread-2 (]: dbt_clickhouse adapter: SQL status: OK in 0.00 seconds
[0m17:34:22.556902 [debug] [Thread-2 (]: Sending event: {'category': 'dbt', 'action': 'run_model', 'label': 'f33c7e44-4433-4cb6-8052-90c7ed8b8dc1', 'context': [<snowplow_tracker.self_describing_json.SelfDescribingJson object at 0x7127099e7560>]}
[0m17:34:22.559971 [info ] [Thread-2 (]: 5 of 7 OK created sql table model `raw_analytics`.`fct_orders` ................. [[32mOK[0m in 2.28s]
[0m17:34:22.562428 [debug] [Thread-2 (]: Finished running node model.analytics.fct_orders
[0m17:34:22.564817 [debug] [Thread-4 (]: Began running node model.analytics.sales_daily
[0m17:34:22.566249 [info ] [Thread-4 (]: 7 of 7 START sql table model `raw_analytics`.`sales_daily` ..................... [RUN]
[0m17:34:22.568063 [debug] [Thread-4 (]: Re-using an available connection from the pool (formerly model.analytics.stg_products, now model.analytics.sales_daily)
[0m17:34:22.569528 [debug] [Thread-4 (]: Began compiling node model.analytics.sales_daily
[0m17:34:22.574434 [debug] [Thread-4 (]: Writing injected SQL for node "model.analytics.sales_daily"
[0m17:34:22.592707 [debug] [Thread-4 (]: Began executing node model.analytics.sales_daily
[0m17:34:22.598592 [debug] [Thread-4 (]: dbt_clickhouse adapter: On model.analytics.sales_daily: /* {"app": "dbt", "dbt_version": "1.12.2", "profile_name": "analytics", "target_name": "dev", "node_id": "model.analytics.sales_daily"} */

            

    
        create table `raw_analytics`.`sales_daily__dbt_backup`
        
  
        
  engine = MergeTree()
        
      order by (tuple())
        
        
        
        
                    -- end_of_sql
                    SETTINGS replicated_deduplication_window='0'

                    
            empty
          as (
            SELECT
    toDate(order_date) AS sale_date,
    COUNT(*) AS orders_count,
    SUM(order_amount) AS revenue,
    SUM(total_items) AS items_sold
FROM `raw_analytics`.`fct_orders`
WHERE status = 'completed'
GROUP BY toDate(order_date)
ORDER BY toDate(order_date)
          )
        
        ...
[0m17:34:22.725376 [debug] [Thread-4 (]: dbt_clickhouse adapter: SQL status: OK in 0.13 seconds
[0m17:34:22.729654 [debug] [Thread-4 (]: dbt_clickhouse adapter: On model.analytics.sales_daily: /* {"app": "dbt", "dbt_version": "1.12.2", "profile_name": "analytics", "target_name": "dev", "node_id": "model.analytics.sales_daily"} */

    select name, type from system.columns where table = 'sales_daily__dbt_backup'
    
      and database = 'raw_analytics'
    
    order by position
  ...
[0m17:34:22.735370 [debug] [Thread-4 (]: dbt_clickhouse adapter: SQL status: OK in 0.00 seconds
[0m17:34:22.738548 [debug] [Thread-4 (]: Writing runtime sql for node "model.analytics.sales_daily"
[0m17:34:22.748861 [debug] [Thread-4 (]: dbt_clickhouse adapter: On model.analytics.sales_daily: /* {"app": "dbt", "dbt_version": "1.12.2", "profile_name": "analytics", "target_name": "dev", "node_id": "model.analytics.sales_daily"} */

  
    
    
    
        
         


        insert into `raw_analytics`.`sales_daily__dbt_backup`
        ("sale_date", "orders_count", "revenue", "items_sold")SELECT
    toDate(order_date) AS sale_date,
    COUNT(*) AS orders_count,
    SUM(order_amount) AS revenue,
    SUM(total_items) AS items_sold
FROM `raw_analytics`.`fct_orders`
WHERE status = 'completed'
GROUP BY toDate(order_date)
ORDER BY toDate(order_date)
  ...
[0m17:34:22.795557 [debug] [Thread-4 (]: dbt_clickhouse adapter: SQL status: OK in 0.05 seconds
[0m17:34:22.797683 [debug] [Thread-4 (]: dbt_clickhouse adapter: On model.analytics.sales_daily: /* {"app": "dbt", "dbt_version": "1.12.2", "profile_name": "analytics", "target_name": "dev", "node_id": "model.analytics.sales_daily"} */
EXCHANGE TABLES `raw_analytics`.`sales_daily__dbt_backup` AND `raw_analytics`.`sales_daily` 
  
  ...
[0m17:34:22.800849 [debug] [Thread-4 (]: dbt_clickhouse adapter: SQL status: OK in 0.00 seconds
[0m17:34:22.807764 [debug] [Thread-4 (]: dbt_clickhouse adapter: On model.analytics.sales_daily: /* {"app": "dbt", "dbt_version": "1.12.2", "profile_name": "analytics", "target_name": "dev", "node_id": "model.analytics.sales_daily"} */
drop table if exists `raw_analytics`.`sales_daily__dbt_backup` 
  ...
[0m17:34:22.812929 [debug] [Thread-4 (]: dbt_clickhouse adapter: SQL status: OK in 0.00 seconds
[0m17:34:22.816064 [debug] [Thread-4 (]: Sending event: {'category': 'dbt', 'action': 'run_model', 'label': 'f33c7e44-4433-4cb6-8052-90c7ed8b8dc1', 'context': [<snowplow_tracker.self_describing_json.SelfDescribingJson object at 0x71270e48d730>]}
[0m17:34:22.817704 [info ] [Thread-4 (]: 7 of 7 OK created sql table model `raw_analytics`.`sales_daily` ................ [[32mOK[0m in 0.25s]
[0m17:34:22.819660 [debug] [Thread-4 (]: Finished running node model.analytics.sales_daily
[0m17:34:22.827062 [debug] [MainThread]: Connection 'master' was properly closed.
[0m17:34:22.828256 [debug] [MainThread]: Connection 'model.analytics.stg_customers' was left open.
[0m17:34:22.829282 [debug] [MainThread]: On model.analytics.stg_customers: Close
[0m17:34:22.830380 [debug] [MainThread]: Connection 'model.analytics.fct_orders' was left open.
[0m17:34:22.831978 [debug] [MainThread]: On model.analytics.fct_orders: Close
[0m17:34:22.832880 [debug] [MainThread]: Connection 'model.analytics.sales_by_category' was left open.
[0m17:34:22.833840 [debug] [MainThread]: On model.analytics.sales_by_category: Close
[0m17:34:22.834844 [debug] [MainThread]: Connection 'model.analytics.sales_daily' was left open.
[0m17:34:22.835802 [debug] [MainThread]: On model.analytics.sales_daily: Close
[0m17:34:22.839528 [info ] [MainThread]: 
[0m17:34:22.842988 [info ] [MainThread]: Finished running 3 table models, 4 view models in 0 hours 0 minutes and 3.59 seconds (3.59s).
[0m17:34:22.847502 [debug] [MainThread]: Command end result
[0m17:34:22.930452 [debug] [MainThread]: Wrote artifact WritableManifest to /opt/airflow/dbt/target/manifest.json
[0m17:34:22.939966 [debug] [MainThread]: Wrote artifact SemanticManifest to /opt/airflow/dbt/target/semantic_manifest.json
[0m17:34:22.948908 [debug] [MainThread]: Wrote artifact OsiDocument to /opt/airflow/dbt/target/osi_document.json
[0m17:34:22.968472 [debug] [MainThread]: Wrote artifact RunExecutionResult to /opt/airflow/dbt/target/run_results.json
[0m17:34:22.969729 [info ] [MainThread]: 
[0m17:34:22.971214 [info ] [MainThread]: [32mCompleted successfully[0m
[0m17:34:22.972618 [info ] [MainThread]: 
[0m17:34:22.973824 [info ] [MainThread]: Done. PASS=7 WARN=0 ERROR=0 SKIP=0 NO-OP=0 REUSED=0 TOTAL=7
[0m17:34:22.976242 [debug] [MainThread]: Resource report: {"command_name": "run", "command_success": true, "command_wall_clock_time": 5.214584, "process_in_blocks": "6736", "process_kernel_time": 0.567363, "process_mem_max_rss": "159872", "process_out_blocks": "0", "process_user_time": 5.633391}
[0m17:34:22.977502 [debug] [MainThread]: Command `dbt run` succeeded at 17:34:22.977229 after 5.22 seconds
[0m17:34:22.978597 [debug] [MainThread]: Sending event: {'category': 'dbt', 'action': 'invocation', 'label': 'end', 'context': [<snowplow_tracker.self_describing_json.SelfDescribingJson object at 0x71270a72ac60>, <snowplow_tracker.self_describing_json.SelfDescribingJson object at 0x712702bc7fe0>, <snowplow_tracker.self_describing_json.SelfDescribingJson object at 0x712709ba0cb0>]}
[0m17:34:22.979586 [debug] [MainThread]: Flushing usage events
[0m17:34:23.854904 [debug] [MainThread]: An error was encountered while trying to flush usage events
[0m17:36:40.292682 [debug] [MainThread]: Sending event: {'category': 'dbt', 'action': 'invocation', 'label': 'start', 'context': [<snowplow_tracker.self_describing_json.SelfDescribingJson object at 0x76a0041c6540>, <snowplow_tracker.self_describing_json.SelfDescribingJson object at 0x76a004e11be0>, <snowplow_tracker.self_describing_json.SelfDescribingJson object at 0x76a00447e5a0>]}


============================== 17:36:40.301834 | e7931e74-5ad4-4cd1-870e-88c8061a9eeb ==============================
[0m17:36:40.301834 [info ] [MainThread]: Running with dbt=1.12.2
[0m17:36:40.302969 [debug] [MainThread]: running dbt with arguments {'hints_enabled': 'True', 'version_check': 'True', 'log_cache_events': 'False', 'introspect': 'True', 'profiles_dir': '/opt/airflow/dbt', 'log_format': 'default', 'empty': 'None', 'log_path': '/opt/airflow/dbt/logs', 'target_path': 'None', 'fail_fast': 'False', 'partial_parse': 'True', 'warn_error': 'None', 'debug': 'False', 'send_anonymous_usage_stats': 'True', 'use_colors': 'True', 'cache_selected_only': 'False', 'printer_width': '80', 'warn_error_options': 'WarnErrorOptionsV2(error=[], warn=[], silence=[])', 'no_print': 'None', 'indirect_selection': 'eager', 'static_parser': 'True', 'quiet': 'False', 'use_experimental_parser': 'False', 'maximum_seed_size_mib': '1', 'invocation_command': 'dbt test --project-dir /opt/airflow/dbt --profiles-dir /opt/airflow/dbt', 'write_json': 'True'}
[0m17:36:40.561045 [debug] [MainThread]: Sending event: {'category': 'dbt', 'action': 'project_id', 'label': 'e7931e74-5ad4-4cd1-870e-88c8061a9eeb', 'context': [<snowplow_tracker.self_describing_json.SelfDescribingJson object at 0x76a0054c5a90>]}
[0m17:36:40.643658 [debug] [MainThread]: Sending event: {'category': 'dbt', 'action': 'adapter_info', 'label': 'e7931e74-5ad4-4cd1-870e-88c8061a9eeb', 'context': [<snowplow_tracker.self_describing_json.SelfDescribingJson object at 0x76a004e10ef0>]}
[0m17:36:40.647081 [info ] [MainThread]: Registered adapter: clickhouse=1.9.3
[0m17:36:40.762576 [debug] [MainThread]: checksum: adba77356f91f81a11ee2fa729542f151b163d2280a76ec0a147e0b39f20e5da, vars: {}, profile: analytics, target: dev, version: 1.12.2
[0m17:36:41.037314 [debug] [MainThread]: Partial parsing enabled: 0 files deleted, 0 files added, 0 files changed.
[0m17:36:41.038019 [debug] [MainThread]: Nothing changed, skipping partial parsing.
[0m17:36:41.038527 [debug] [MainThread]: Partial parsing enabled, no changes found, skipping parsing
[0m17:36:41.051198 [debug] [MainThread]: Sending event: {'category': 'dbt', 'action': 'load_project', 'label': 'e7931e74-5ad4-4cd1-870e-88c8061a9eeb', 'context': [<snowplow_tracker.self_describing_json.SelfDescribingJson object at 0x76a003f16360>]}
[0m17:36:41.279129 [debug] [MainThread]: Wrote artifact WritableManifest to /opt/airflow/dbt/target/manifest.json
[0m17:36:41.289485 [debug] [MainThread]: Wrote artifact SemanticManifest to /opt/airflow/dbt/target/semantic_manifest.json
[0m17:36:41.312806 [debug] [MainThread]: Wrote artifact OsiDocument to /opt/airflow/dbt/target/osi_document.json
[0m17:36:41.359663 [debug] [MainThread]: Sending event: {'category': 'dbt', 'action': 'resource_counts', 'label': 'e7931e74-5ad4-4cd1-870e-88c8061a9eeb', 'context': [<snowplow_tracker.self_describing_json.SelfDescribingJson object at 0x76a003a018e0>]}
[0m17:36:41.360945 [info ] [MainThread]: Found 7 models, 11 data tests, 4 sources, 521 macros
[0m17:36:41.361989 [debug] [MainThread]: Sending event: {'category': 'dbt', 'action': 'runnable_timing', 'label': 'e7931e74-5ad4-4cd1-870e-88c8061a9eeb', 'context': [<snowplow_tracker.self_describing_json.SelfDescribingJson object at 0x76a0039f75c0>]}
[0m17:36:41.366563 [info ] [MainThread]: 
[0m17:36:41.367623 [info ] [MainThread]: Concurrency: 4 threads (target='dev')
[0m17:36:41.369514 [info ] [MainThread]: 
[0m17:36:41.371316 [debug] [MainThread]: Acquiring new clickhouse connection 'master'
[0m17:36:41.389353 [debug] [ThreadPool]: Acquiring new clickhouse connection 'list__raw_analytics'
[0m17:36:41.398686 [debug] [ThreadPool]: Acquiring new clickhouse connection 'list__raw_staging'
[0m17:36:41.424821 [debug] [ThreadPool]: Opening a new connection, currently in state init
[0m17:36:41.427644 [debug] [ThreadPool]: Opening a new connection, currently in state init
[0m17:36:41.693167 [debug] [ThreadPool]: dbt_clickhouse adapter: On list__raw_staging: /* {"app": "dbt", "dbt_version": "1.12.2", "profile_name": "analytics", "target_name": "dev", "connection_name": "list__raw_staging"} */
select
      t.name as name,
      t.database as schema,
      multiIf(
        engine in ('MaterializedView', 'View'), 'view',
        engine = 'Dictionary', 'dictionary',
        'table'
      ) as type,
      db.engine as db_engine,0 as is_on_cluster
          from system.tables as t join system.databases as db on t.database = db.name
        where schema = 'raw_staging'
      

  ...
[0m17:36:41.700357 [debug] [ThreadPool]: dbt_clickhouse adapter: On list__raw_analytics: /* {"app": "dbt", "dbt_version": "1.12.2", "profile_name": "analytics", "target_name": "dev", "connection_name": "list__raw_analytics"} */
select
      t.name as name,
      t.database as schema,
      multiIf(
        engine in ('MaterializedView', 'View'), 'view',
        engine = 'Dictionary', 'dictionary',
        'table'
      ) as type,
      db.engine as db_engine,0 as is_on_cluster
          from system.tables as t join system.databases as db on t.database = db.name
        where schema = 'raw_analytics'
      

  ...
[0m17:36:41.702920 [debug] [ThreadPool]: dbt_clickhouse adapter: SQL status: OK in 0.01 seconds
[0m17:36:41.711156 [debug] [ThreadPool]: dbt_clickhouse adapter: SQL status: OK in 0.01 seconds
[0m17:36:41.844546 [debug] [MainThread]: Sending event: {'category': 'dbt', 'action': 'runnable_timing', 'label': 'e7931e74-5ad4-4cd1-870e-88c8061a9eeb', 'context': [<snowplow_tracker.self_describing_json.SelfDescribingJson object at 0x76a003edb950>]}
[0m17:36:41.851816 [debug] [Thread-1 (]: Began running node test.analytics.not_null_stg_customers_customer_id.e2cfb1f9aa
[0m17:36:41.852773 [debug] [Thread-2 (]: Began running node test.analytics.not_null_stg_order_items_order_id.2063801f96
[0m17:36:41.854092 [debug] [Thread-3 (]: Began running node test.analytics.not_null_stg_order_items_order_item_id.26a7e2bc35
[0m17:36:41.855909 [debug] [Thread-4 (]: Began running node test.analytics.not_null_stg_order_items_product_id.5154a8a6f6
[0m17:36:41.854962 [info ] [Thread-1 (]: 1 of 11 START test not_null_stg_customers_customer_id .......................... [RUN]
[0m17:36:41.857238 [info ] [Thread-2 (]: 2 of 11 START test not_null_stg_order_items_order_id ........................... [RUN]
[0m17:36:41.858492 [info ] [Thread-3 (]: 3 of 11 START test not_null_stg_order_items_order_item_id ...................... [RUN]
[0m17:36:41.860003 [info ] [Thread-4 (]: 4 of 11 START test not_null_stg_order_items_product_id ......................... [RUN]
[0m17:36:41.861487 [debug] [Thread-1 (]: Re-using an available connection from the pool (formerly list__raw_analytics, now test.analytics.not_null_stg_customers_customer_id.e2cfb1f9aa)
[0m17:36:41.863251 [debug] [Thread-2 (]: Re-using an available connection from the pool (formerly list__raw_staging, now test.analytics.not_null_stg_order_items_order_id.2063801f96)
[0m17:36:41.865845 [debug] [Thread-3 (]: Acquiring new clickhouse connection 'test.analytics.not_null_stg_order_items_order_item_id.26a7e2bc35'
[0m17:36:41.868334 [debug] [Thread-4 (]: Acquiring new clickhouse connection 'test.analytics.not_null_stg_order_items_product_id.5154a8a6f6'
[0m17:36:41.869642 [debug] [Thread-1 (]: Began compiling node test.analytics.not_null_stg_customers_customer_id.e2cfb1f9aa
[0m17:36:41.871060 [debug] [Thread-2 (]: Began compiling node test.analytics.not_null_stg_order_items_order_id.2063801f96
[0m17:36:41.873081 [debug] [Thread-3 (]: Began compiling node test.analytics.not_null_stg_order_items_order_item_id.26a7e2bc35
[0m17:36:41.874629 [debug] [Thread-4 (]: Began compiling node test.analytics.not_null_stg_order_items_product_id.5154a8a6f6
[0m17:36:41.956837 [debug] [Thread-2 (]: Writing injected SQL for node "test.analytics.not_null_stg_order_items_order_id.2063801f96"
[0m17:36:41.962200 [debug] [Thread-4 (]: Writing injected SQL for node "test.analytics.not_null_stg_order_items_product_id.5154a8a6f6"
[0m17:36:41.955347 [debug] [Thread-3 (]: Writing injected SQL for node "test.analytics.not_null_stg_order_items_order_item_id.26a7e2bc35"
[0m17:36:41.965255 [debug] [Thread-1 (]: Writing injected SQL for node "test.analytics.not_null_stg_customers_customer_id.e2cfb1f9aa"
[0m17:36:41.983821 [debug] [Thread-2 (]: Began executing node test.analytics.not_null_stg_order_items_order_id.2063801f96
[0m17:36:41.984885 [debug] [Thread-3 (]: Began executing node test.analytics.not_null_stg_order_items_order_item_id.26a7e2bc35
[0m17:36:41.986084 [debug] [Thread-4 (]: Began executing node test.analytics.not_null_stg_order_items_product_id.5154a8a6f6
[0m17:36:42.060820 [debug] [Thread-3 (]: Writing runtime sql for node "test.analytics.not_null_stg_order_items_order_item_id.26a7e2bc35"
[0m17:36:42.063207 [debug] [Thread-4 (]: Writing runtime sql for node "test.analytics.not_null_stg_order_items_product_id.5154a8a6f6"
[0m17:36:42.064977 [debug] [Thread-2 (]: Writing runtime sql for node "test.analytics.not_null_stg_order_items_order_id.2063801f96"
[0m17:36:42.067423 [debug] [Thread-1 (]: Began executing node test.analytics.not_null_stg_customers_customer_id.e2cfb1f9aa
[0m17:36:42.082300 [debug] [Thread-1 (]: Writing runtime sql for node "test.analytics.not_null_stg_customers_customer_id.e2cfb1f9aa"
[0m17:36:42.104233 [debug] [Thread-4 (]: Opening a new connection, currently in state init
[0m17:36:42.105611 [debug] [Thread-2 (]: dbt_clickhouse adapter: On test.analytics.not_null_stg_order_items_order_id.2063801f96: /* {"app": "dbt", "dbt_version": "1.12.2", "profile_name": "analytics", "target_name": "dev", "node_id": "test.analytics.not_null_stg_order_items_order_id.2063801f96"} */

    
    
    select
      count(*) as failures,
      count(*) != 0 as should_warn,
      count(*) != 0 as should_error
    from (
      
    
  
    
    



select order_id
from `raw_staging`.`stg_order_items`
where order_id is null



  
  
    ) dbt_internal_test...
[0m17:36:42.110784 [debug] [Thread-3 (]: Opening a new connection, currently in state init
[0m17:36:42.122862 [debug] [Thread-1 (]: dbt_clickhouse adapter: On test.analytics.not_null_stg_customers_customer_id.e2cfb1f9aa: /* {"app": "dbt", "dbt_version": "1.12.2", "profile_name": "analytics", "target_name": "dev", "node_id": "test.analytics.not_null_stg_customers_customer_id.e2cfb1f9aa"} */

    
    
    select
      count(*) as failures,
      count(*) != 0 as should_warn,
      count(*) != 0 as should_error
    from (
      
    
  
    
    



select customer_id
from `raw_staging`.`stg_customers`
where customer_id is null



  
  
    ) dbt_internal_test...
[0m17:36:42.125696 [debug] [Thread-2 (]: dbt_clickhouse adapter: SQL status: OK in 0.02 seconds
[0m17:36:42.135430 [info ] [Thread-2 (]: 2 of 11 PASS not_null_stg_order_items_order_id ................................. [[32mPASS[0m in 0.27s]
[0m17:36:42.140823 [debug] [Thread-2 (]: Finished running node test.analytics.not_null_stg_order_items_order_id.2063801f96
[0m17:36:42.142224 [debug] [Thread-2 (]: Began running node test.analytics.not_null_stg_orders_customer_id.af79d5e4b5
[0m17:36:42.143728 [info ] [Thread-2 (]: 5 of 11 START test not_null_stg_orders_customer_id ............................. [RUN]
[0m17:36:42.145505 [debug] [Thread-2 (]: Re-using an available connection from the pool (formerly test.analytics.not_null_stg_order_items_order_id.2063801f96, now test.analytics.not_null_stg_orders_customer_id.af79d5e4b5)
[0m17:36:42.148180 [debug] [Thread-2 (]: Began compiling node test.analytics.not_null_stg_orders_customer_id.af79d5e4b5
[0m17:36:42.163006 [debug] [Thread-1 (]: dbt_clickhouse adapter: SQL status: OK in 0.04 seconds
[0m17:36:42.172476 [info ] [Thread-1 (]: 1 of 11 PASS not_null_stg_customers_customer_id ................................ [[32mPASS[0m in 0.31s]
[0m17:36:42.176272 [debug] [Thread-2 (]: Writing injected SQL for node "test.analytics.not_null_stg_orders_customer_id.af79d5e4b5"
[0m17:36:42.177765 [debug] [Thread-1 (]: Finished running node test.analytics.not_null_stg_customers_customer_id.e2cfb1f9aa
[0m17:36:42.181683 [debug] [Thread-1 (]: Began running node test.analytics.not_null_stg_orders_order_id.81cfe2fe64
[0m17:36:42.183287 [info ] [Thread-1 (]: 6 of 11 START test not_null_stg_orders_order_id ................................ [RUN]
[0m17:36:42.188244 [debug] [Thread-1 (]: Re-using an available connection from the pool (formerly test.analytics.not_null_stg_customers_customer_id.e2cfb1f9aa, now test.analytics.not_null_stg_orders_order_id.81cfe2fe64)
[0m17:36:42.195958 [debug] [Thread-1 (]: Began compiling node test.analytics.not_null_stg_orders_order_id.81cfe2fe64
[0m17:36:42.217370 [debug] [Thread-1 (]: Writing injected SQL for node "test.analytics.not_null_stg_orders_order_id.81cfe2fe64"
[0m17:36:42.220579 [debug] [Thread-2 (]: Began executing node test.analytics.not_null_stg_orders_customer_id.af79d5e4b5
[0m17:36:42.226525 [debug] [Thread-2 (]: Writing runtime sql for node "test.analytics.not_null_stg_orders_customer_id.af79d5e4b5"
[0m17:36:42.235996 [debug] [Thread-1 (]: Began executing node test.analytics.not_null_stg_orders_order_id.81cfe2fe64
[0m17:36:42.240951 [debug] [Thread-1 (]: Writing runtime sql for node "test.analytics.not_null_stg_orders_order_id.81cfe2fe64"
[0m17:36:42.252107 [debug] [Thread-2 (]: dbt_clickhouse adapter: On test.analytics.not_null_stg_orders_customer_id.af79d5e4b5: /* {"app": "dbt", "dbt_version": "1.12.2", "profile_name": "analytics", "target_name": "dev", "node_id": "test.analytics.not_null_stg_orders_customer_id.af79d5e4b5"} */

    
    
    select
      count(*) as failures,
      count(*) != 0 as should_warn,
      count(*) != 0 as should_error
    from (
      
    
  
    
    



select customer_id
from `raw_staging`.`stg_orders`
where customer_id is null



  
  
    ) dbt_internal_test...
[0m17:36:42.266676 [debug] [Thread-2 (]: dbt_clickhouse adapter: SQL status: OK in 0.01 seconds
[0m17:36:42.270701 [info ] [Thread-2 (]: 5 of 11 PASS not_null_stg_orders_customer_id ................................... [[32mPASS[0m in 0.13s]
[0m17:36:42.273002 [debug] [Thread-2 (]: Finished running node test.analytics.not_null_stg_orders_customer_id.af79d5e4b5
[0m17:36:42.274978 [debug] [Thread-2 (]: Began running node test.analytics.not_null_stg_products_product_id.6373b0acf3
[0m17:36:42.276178 [debug] [Thread-1 (]: dbt_clickhouse adapter: On test.analytics.not_null_stg_orders_order_id.81cfe2fe64: /* {"app": "dbt", "dbt_version": "1.12.2", "profile_name": "analytics", "target_name": "dev", "node_id": "test.analytics.not_null_stg_orders_order_id.81cfe2fe64"} */

    
    
    select
      count(*) as failures,
      count(*) != 0 as should_warn,
      count(*) != 0 as should_error
    from (
      
    
  
    
    



select order_id
from `raw_staging`.`stg_orders`
where order_id is null



  
  
    ) dbt_internal_test...
[0m17:36:42.277587 [info ] [Thread-2 (]: 7 of 11 START test not_null_stg_products_product_id ............................ [RUN]
[0m17:36:42.280842 [debug] [Thread-2 (]: Re-using an available connection from the pool (formerly test.analytics.not_null_stg_orders_customer_id.af79d5e4b5, now test.analytics.not_null_stg_products_product_id.6373b0acf3)
[0m17:36:42.283831 [debug] [Thread-2 (]: Began compiling node test.analytics.not_null_stg_products_product_id.6373b0acf3
[0m17:36:42.299577 [debug] [Thread-1 (]: dbt_clickhouse adapter: SQL status: OK in 0.02 seconds
[0m17:36:42.300686 [debug] [Thread-4 (]: dbt_clickhouse adapter: On test.analytics.not_null_stg_order_items_product_id.5154a8a6f6: /* {"app": "dbt", "dbt_version": "1.12.2", "profile_name": "analytics", "target_name": "dev", "node_id": "test.analytics.not_null_stg_order_items_product_id.5154a8a6f6"} */

    
    
    select
      count(*) as failures,
      count(*) != 0 as should_warn,
      count(*) != 0 as should_error
    from (
      
    
  
    
    



select product_id
from `raw_staging`.`stg_order_items`
where product_id is null



  
  
    ) dbt_internal_test...
[0m17:36:42.308551 [debug] [Thread-2 (]: Writing injected SQL for node "test.analytics.not_null_stg_products_product_id.6373b0acf3"
[0m17:36:42.311137 [info ] [Thread-1 (]: 6 of 11 PASS not_null_stg_orders_order_id ...................................... [[32mPASS[0m in 0.12s]
[0m17:36:42.315153 [debug] [Thread-1 (]: Finished running node test.analytics.not_null_stg_orders_order_id.81cfe2fe64
[0m17:36:42.316742 [debug] [Thread-1 (]: Began running node test.analytics.unique_stg_customers_customer_id.c7614daada
[0m17:36:42.318036 [debug] [Thread-3 (]: dbt_clickhouse adapter: On test.analytics.not_null_stg_order_items_order_item_id.26a7e2bc35: /* {"app": "dbt", "dbt_version": "1.12.2", "profile_name": "analytics", "target_name": "dev", "node_id": "test.analytics.not_null_stg_order_items_order_item_id.26a7e2bc35"} */

    
    
    select
      count(*) as failures,
      count(*) != 0 as should_warn,
      count(*) != 0 as should_error
    from (
      
    
  
    
    



select order_item_id
from `raw_staging`.`stg_order_items`
where order_item_id is null



  
  
    ) dbt_internal_test...
[0m17:36:42.319365 [info ] [Thread-1 (]: 8 of 11 START test unique_stg_customers_customer_id ............................ [RUN]
[0m17:36:42.321262 [debug] [Thread-4 (]: dbt_clickhouse adapter: SQL status: OK in 0.01 seconds
[0m17:36:42.322940 [debug] [Thread-1 (]: Re-using an available connection from the pool (formerly test.analytics.not_null_stg_orders_order_id.81cfe2fe64, now test.analytics.unique_stg_customers_customer_id.c7614daada)
[0m17:36:42.328696 [info ] [Thread-4 (]: 4 of 11 PASS not_null_stg_order_items_product_id ............................... [[32mPASS[0m in 0.46s]
[0m17:36:42.331189 [debug] [Thread-1 (]: Began compiling node test.analytics.unique_stg_customers_customer_id.c7614daada
[0m17:36:42.333159 [debug] [Thread-3 (]: dbt_clickhouse adapter: SQL status: OK in 0.01 seconds
[0m17:36:42.336761 [debug] [Thread-4 (]: Finished running node test.analytics.not_null_stg_order_items_product_id.5154a8a6f6
[0m17:36:42.359060 [debug] [Thread-4 (]: Began running node test.analytics.unique_stg_order_items_order_item_id.90e333a108
[0m17:36:42.360640 [debug] [Thread-1 (]: Writing injected SQL for node "test.analytics.unique_stg_customers_customer_id.c7614daada"
[0m17:36:42.352282 [info ] [Thread-3 (]: 3 of 11 PASS not_null_stg_order_items_order_item_id ............................ [[32mPASS[0m in 0.49s]
[0m17:36:42.361623 [info ] [Thread-4 (]: 9 of 11 START test unique_stg_order_items_order_item_id ........................ [RUN]
[0m17:36:42.363833 [debug] [Thread-2 (]: Began executing node test.analytics.not_null_stg_products_product_id.6373b0acf3
[0m17:36:42.366163 [debug] [Thread-3 (]: Finished running node test.analytics.not_null_stg_order_items_order_item_id.26a7e2bc35
[0m17:36:42.368074 [debug] [Thread-4 (]: Re-using an available connection from the pool (formerly test.analytics.not_null_stg_order_items_product_id.5154a8a6f6, now test.analytics.unique_stg_order_items_order_item_id.90e333a108)
[0m17:36:42.372527 [debug] [Thread-2 (]: Writing runtime sql for node "test.analytics.not_null_stg_products_product_id.6373b0acf3"
[0m17:36:42.374115 [debug] [Thread-3 (]: Began running node test.analytics.unique_stg_orders_order_id.e3b841c71a
[0m17:36:42.375745 [debug] [Thread-4 (]: Began compiling node test.analytics.unique_stg_order_items_order_item_id.90e333a108
[0m17:36:42.377833 [info ] [Thread-3 (]: 10 of 11 START test unique_stg_orders_order_id ................................. [RUN]
[0m17:36:42.390136 [debug] [Thread-3 (]: Re-using an available connection from the pool (formerly test.analytics.not_null_stg_order_items_order_item_id.26a7e2bc35, now test.analytics.unique_stg_orders_order_id.e3b841c71a)
[0m17:36:42.392939 [debug] [Thread-4 (]: Writing injected SQL for node "test.analytics.unique_stg_order_items_order_item_id.90e333a108"
[0m17:36:42.393653 [debug] [Thread-3 (]: Began compiling node test.analytics.unique_stg_orders_order_id.e3b841c71a
[0m17:36:42.402733 [debug] [Thread-1 (]: Began executing node test.analytics.unique_stg_customers_customer_id.c7614daada
[0m17:36:42.410369 [debug] [Thread-3 (]: Writing injected SQL for node "test.analytics.unique_stg_orders_order_id.e3b841c71a"
[0m17:36:42.414780 [debug] [Thread-1 (]: Writing runtime sql for node "test.analytics.unique_stg_customers_customer_id.c7614daada"
[0m17:36:42.418213 [debug] [Thread-2 (]: dbt_clickhouse adapter: On test.analytics.not_null_stg_products_product_id.6373b0acf3: /* {"app": "dbt", "dbt_version": "1.12.2", "profile_name": "analytics", "target_name": "dev", "node_id": "test.analytics.not_null_stg_products_product_id.6373b0acf3"} */

    
    
    select
      count(*) as failures,
      count(*) != 0 as should_warn,
      count(*) != 0 as should_error
    from (
      
    
  
    
    



select product_id
from `raw_staging`.`stg_products`
where product_id is null



  
  
    ) dbt_internal_test...
[0m17:36:42.419383 [debug] [Thread-4 (]: Began executing node test.analytics.unique_stg_order_items_order_item_id.90e333a108
[0m17:36:42.429790 [debug] [Thread-4 (]: Writing runtime sql for node "test.analytics.unique_stg_order_items_order_item_id.90e333a108"
[0m17:36:42.431705 [debug] [Thread-2 (]: dbt_clickhouse adapter: SQL status: OK in 0.01 seconds
[0m17:36:42.436390 [debug] [Thread-3 (]: Began executing node test.analytics.unique_stg_orders_order_id.e3b841c71a
[0m17:36:42.435584 [info ] [Thread-2 (]: 7 of 11 PASS not_null_stg_products_product_id .................................. [[32mPASS[0m in 0.15s]
[0m17:36:42.440409 [debug] [Thread-3 (]: Writing runtime sql for node "test.analytics.unique_stg_orders_order_id.e3b841c71a"
[0m17:36:42.442062 [debug] [Thread-2 (]: Finished running node test.analytics.not_null_stg_products_product_id.6373b0acf3
[0m17:36:42.444392 [debug] [Thread-2 (]: Began running node test.analytics.unique_stg_products_product_id.7d950a1467
[0m17:36:42.445733 [info ] [Thread-2 (]: 11 of 11 START test unique_stg_products_product_id ............................. [RUN]
[0m17:36:42.449290 [debug] [Thread-2 (]: Re-using an available connection from the pool (formerly test.analytics.not_null_stg_products_product_id.6373b0acf3, now test.analytics.unique_stg_products_product_id.7d950a1467)
[0m17:36:42.451026 [debug] [Thread-2 (]: Began compiling node test.analytics.unique_stg_products_product_id.7d950a1467
[0m17:36:42.452207 [debug] [Thread-1 (]: dbt_clickhouse adapter: On test.analytics.unique_stg_customers_customer_id.c7614daada: /* {"app": "dbt", "dbt_version": "1.12.2", "profile_name": "analytics", "target_name": "dev", "node_id": "test.analytics.unique_stg_customers_customer_id.c7614daada"} */

    
    
    select
      count(*) as failures,
      count(*) != 0 as should_warn,
      count(*) != 0 as should_error
    from (
      
    
  
    
    

select
    customer_id as unique_field,
    count(*) as n_records

from `raw_staging`.`stg_customers`
where customer_id is not null
group by customer_id
having count(*) > 1



  
  
    ) dbt_internal_test...
[0m17:36:42.453400 [debug] [Thread-4 (]: dbt_clickhouse adapter: On test.analytics.unique_stg_order_items_order_item_id.90e333a108: /* {"app": "dbt", "dbt_version": "1.12.2", "profile_name": "analytics", "target_name": "dev", "node_id": "test.analytics.unique_stg_order_items_order_item_id.90e333a108"} */

    
    
    select
      count(*) as failures,
      count(*) != 0 as should_warn,
      count(*) != 0 as should_error
    from (
      
    
  
    
    

select
    order_item_id as unique_field,
    count(*) as n_records

from `raw_staging`.`stg_order_items`
where order_item_id is not null
group by order_item_id
having count(*) > 1



  
  
    ) dbt_internal_test...
[0m17:36:42.468892 [debug] [Thread-2 (]: Writing injected SQL for node "test.analytics.unique_stg_products_product_id.7d950a1467"
[0m17:36:42.474818 [debug] [Thread-3 (]: dbt_clickhouse adapter: On test.analytics.unique_stg_orders_order_id.e3b841c71a: /* {"app": "dbt", "dbt_version": "1.12.2", "profile_name": "analytics", "target_name": "dev", "node_id": "test.analytics.unique_stg_orders_order_id.e3b841c71a"} */

    
    
    select
      count(*) as failures,
      count(*) != 0 as should_warn,
      count(*) != 0 as should_error
    from (
      
    
  
    
    

select
    order_id as unique_field,
    count(*) as n_records

from `raw_staging`.`stg_orders`
where order_id is not null
group by order_id
having count(*) > 1



  
  
    ) dbt_internal_test...
[0m17:36:42.529828 [debug] [Thread-2 (]: Began executing node test.analytics.unique_stg_products_product_id.7d950a1467
[0m17:36:42.544198 [debug] [Thread-2 (]: Writing runtime sql for node "test.analytics.unique_stg_products_product_id.7d950a1467"
[0m17:36:42.621157 [debug] [Thread-1 (]: dbt_clickhouse adapter: SQL status: OK in 0.15 seconds
[0m17:36:42.634370 [info ] [Thread-1 (]: 8 of 11 PASS unique_stg_customers_customer_id .................................. [[32mPASS[0m in 0.31s]
[0m17:36:42.636888 [debug] [Thread-1 (]: Finished running node test.analytics.unique_stg_customers_customer_id.c7614daada
[0m17:36:42.648754 [debug] [Thread-2 (]: dbt_clickhouse adapter: On test.analytics.unique_stg_products_product_id.7d950a1467: /* {"app": "dbt", "dbt_version": "1.12.2", "profile_name": "analytics", "target_name": "dev", "node_id": "test.analytics.unique_stg_products_product_id.7d950a1467"} */

    
    
    select
      count(*) as failures,
      count(*) != 0 as should_warn,
      count(*) != 0 as should_error
    from (
      
    
  
    
    

select
    product_id as unique_field,
    count(*) as n_records

from `raw_staging`.`stg_products`
where product_id is not null
group by product_id
having count(*) > 1



  
  
    ) dbt_internal_test...
[0m17:36:42.764451 [debug] [Thread-2 (]: dbt_clickhouse adapter: SQL status: OK in 0.11 seconds
[0m17:36:42.774831 [info ] [Thread-2 (]: 11 of 11 PASS unique_stg_products_product_id ................................... [[32mPASS[0m in 0.33s]
[0m17:36:42.787510 [debug] [Thread-2 (]: Finished running node test.analytics.unique_stg_products_product_id.7d950a1467
[0m17:36:43.108378 [debug] [Thread-3 (]: dbt_clickhouse adapter: SQL status: OK in 0.63 seconds
[0m17:36:43.123084 [info ] [Thread-3 (]: 10 of 11 PASS unique_stg_orders_order_id ....................................... [[32mPASS[0m in 0.73s]
[0m17:36:43.134958 [debug] [Thread-3 (]: Finished running node test.analytics.unique_stg_orders_order_id.e3b841c71a
[0m17:36:43.787547 [debug] [Thread-4 (]: dbt_clickhouse adapter: SQL status: OK in 1.32 seconds
[0m17:36:43.798686 [info ] [Thread-4 (]: 9 of 11 PASS unique_stg_order_items_order_item_id .............................. [[32mPASS[0m in 1.43s]
[0m17:36:43.801775 [debug] [Thread-4 (]: Finished running node test.analytics.unique_stg_order_items_order_item_id.90e333a108
[0m17:36:43.812462 [debug] [MainThread]: Connection 'master' was properly closed.
[0m17:36:43.814322 [debug] [MainThread]: Connection 'test.analytics.unique_stg_customers_customer_id.c7614daada' was left open.
[0m17:36:43.817264 [debug] [MainThread]: On test.analytics.unique_stg_customers_customer_id.c7614daada: Close
[0m17:36:43.819133 [debug] [MainThread]: Connection 'test.analytics.unique_stg_products_product_id.7d950a1467' was left open.
[0m17:36:43.820182 [debug] [MainThread]: On test.analytics.unique_stg_products_product_id.7d950a1467: Close
[0m17:36:43.821364 [debug] [MainThread]: Connection 'test.analytics.unique_stg_orders_order_id.e3b841c71a' was left open.
[0m17:36:43.826957 [debug] [MainThread]: On test.analytics.unique_stg_orders_order_id.e3b841c71a: Close
[0m17:36:43.828684 [debug] [MainThread]: Connection 'test.analytics.unique_stg_order_items_order_item_id.90e333a108' was left open.
[0m17:36:43.829886 [debug] [MainThread]: On test.analytics.unique_stg_order_items_order_item_id.90e333a108: Close
[0m17:36:43.831216 [info ] [MainThread]: 
[0m17:36:43.833342 [info ] [MainThread]: Finished running 11 data tests in 0 hours 0 minutes and 2.46 seconds (2.46s).
[0m17:36:43.839766 [debug] [MainThread]: Command end result
[0m17:36:43.989059 [debug] [MainThread]: Wrote artifact WritableManifest to /opt/airflow/dbt/target/manifest.json
[0m17:36:44.004571 [debug] [MainThread]: Wrote artifact SemanticManifest to /opt/airflow/dbt/target/semantic_manifest.json
[0m17:36:44.015207 [debug] [MainThread]: Wrote artifact OsiDocument to /opt/airflow/dbt/target/osi_document.json
[0m17:36:44.033265 [debug] [MainThread]: Wrote artifact RunExecutionResult to /opt/airflow/dbt/target/run_results.json
[0m17:36:44.034288 [info ] [MainThread]: 
[0m17:36:44.035442 [info ] [MainThread]: [32mCompleted successfully[0m
[0m17:36:44.036635 [info ] [MainThread]: 
[0m17:36:44.038073 [info ] [MainThread]: Done. PASS=11 WARN=0 ERROR=0 SKIP=0 NO-OP=0 REUSED=0 TOTAL=11
[0m17:36:44.040497 [debug] [MainThread]: Resource report: {"command_name": "test", "command_success": true, "command_wall_clock_time": 3.884313, "process_in_blocks": "1120", "process_kernel_time": 0.416482, "process_mem_max_rss": "162996", "process_out_blocks": "0", "process_user_time": 4.629825}
[0m17:36:44.043680 [debug] [MainThread]: Command `dbt test` succeeded at 17:36:44.043374 after 3.89 seconds
[0m17:36:44.045031 [debug] [MainThread]: Sending event: {'category': 'dbt', 'action': 'invocation', 'label': 'end', 'context': [<snowplow_tracker.self_describing_json.SelfDescribingJson object at 0x76a00515bec0>, <snowplow_tracker.self_describing_json.SelfDescribingJson object at 0x76a0059bb200>, <snowplow_tracker.self_describing_json.SelfDescribingJson object at 0x76a004455100>]}
[0m17:36:44.046752 [debug] [MainThread]: Flushing usage events
[0m17:36:44.728674 [debug] [MainThread]: An error was encountered while trying to flush usage events
[0m17:37:14.343962 [debug] [MainThread]: Sending event: {'category': 'dbt', 'action': 'invocation', 'label': 'start', 'context': [<snowplow_tracker.self_describing_json.SelfDescribingJson object at 0x7f84d4a92c90>, <snowplow_tracker.self_describing_json.SelfDescribingJson object at 0x7f84d2667500>, <snowplow_tracker.self_describing_json.SelfDescribingJson object at 0x7f84d2666960>]}


============================== 17:37:14.353061 | de1367f3-b2aa-4060-bc6d-289a45ef46f7 ==============================
[0m17:37:14.353061 [info ] [MainThread]: Running with dbt=1.12.2
[0m17:37:14.354539 [debug] [MainThread]: running dbt with arguments {'version_check': 'True', 'fail_fast': 'False', 'target_path': 'None', 'debug': 'False', 'write_json': 'True', 'use_colors': 'True', 'empty': 'None', 'send_anonymous_usage_stats': 'True', 'no_print': 'None', 'partial_parse': 'True', 'log_path': '/opt/airflow/dbt/logs', 'quiet': 'False', 'static_parser': 'True', 'cache_selected_only': 'False', 'invocation_command': 'dbt test --project-dir /opt/airflow/dbt --profiles-dir /opt/airflow/dbt', 'log_cache_events': 'False', 'profiles_dir': '/opt/airflow/dbt', 'use_experimental_parser': 'False', 'warn_error': 'None', 'maximum_seed_size_mib': '1', 'introspect': 'True', 'indirect_selection': 'eager', 'printer_width': '80', 'log_format': 'default', 'hints_enabled': 'True', 'warn_error_options': 'WarnErrorOptionsV2(error=[], warn=[], silence=[])'}
[0m17:37:14.678460 [debug] [MainThread]: Sending event: {'category': 'dbt', 'action': 'project_id', 'label': 'de1367f3-b2aa-4060-bc6d-289a45ef46f7', 'context': [<snowplow_tracker.self_describing_json.SelfDescribingJson object at 0x7f84d4959640>]}
[0m17:37:14.780502 [debug] [MainThread]: Sending event: {'category': 'dbt', 'action': 'adapter_info', 'label': 'de1367f3-b2aa-4060-bc6d-289a45ef46f7', 'context': [<snowplow_tracker.self_describing_json.SelfDescribingJson object at 0x7f84d1a44740>]}
[0m17:37:14.783055 [info ] [MainThread]: Registered adapter: clickhouse=1.9.3
[0m17:37:14.909363 [debug] [MainThread]: checksum: adba77356f91f81a11ee2fa729542f151b163d2280a76ec0a147e0b39f20e5da, vars: {}, profile: analytics, target: dev, version: 1.12.2
[0m17:37:15.217380 [debug] [MainThread]: Partial parsing enabled: 0 files deleted, 0 files added, 0 files changed.
[0m17:37:15.218165 [debug] [MainThread]: Nothing changed, skipping partial parsing.
[0m17:37:15.218819 [debug] [MainThread]: Partial parsing enabled, no changes found, skipping parsing
[0m17:37:15.233356 [debug] [MainThread]: Sending event: {'category': 'dbt', 'action': 'load_project', 'label': 'de1367f3-b2aa-4060-bc6d-289a45ef46f7', 'context': [<snowplow_tracker.self_describing_json.SelfDescribingJson object at 0x7f84d17e64b0>]}
[0m17:37:15.478995 [debug] [MainThread]: Wrote artifact WritableManifest to /opt/airflow/dbt/target/manifest.json
[0m17:37:15.490798 [debug] [MainThread]: Wrote artifact SemanticManifest to /opt/airflow/dbt/target/semantic_manifest.json
[0m17:37:15.514445 [debug] [MainThread]: Wrote artifact OsiDocument to /opt/airflow/dbt/target/osi_document.json
[0m17:37:15.555957 [debug] [MainThread]: Sending event: {'category': 'dbt', 'action': 'resource_counts', 'label': 'de1367f3-b2aa-4060-bc6d-289a45ef46f7', 'context': [<snowplow_tracker.self_describing_json.SelfDescribingJson object at 0x7f84d1409610>]}
[0m17:37:15.557456 [info ] [MainThread]: Found 7 models, 11 data tests, 4 sources, 521 macros
[0m17:37:15.558676 [debug] [MainThread]: Sending event: {'category': 'dbt', 'action': 'runnable_timing', 'label': 'de1367f3-b2aa-4060-bc6d-289a45ef46f7', 'context': [<snowplow_tracker.self_describing_json.SelfDescribingJson object at 0x7f84d15cef00>]}
[0m17:37:15.564211 [info ] [MainThread]: 
[0m17:37:15.566312 [info ] [MainThread]: Concurrency: 4 threads (target='dev')
[0m17:37:15.567666 [info ] [MainThread]: 
[0m17:37:15.569622 [debug] [MainThread]: Acquiring new clickhouse connection 'master'
[0m17:37:15.585830 [debug] [ThreadPool]: Acquiring new clickhouse connection 'list__raw_analytics'
[0m17:37:15.587670 [debug] [ThreadPool]: Acquiring new clickhouse connection 'list__raw_staging'
[0m17:37:15.617192 [debug] [ThreadPool]: Opening a new connection, currently in state init
[0m17:37:15.623537 [debug] [ThreadPool]: Opening a new connection, currently in state init
[0m17:37:15.906731 [debug] [ThreadPool]: dbt_clickhouse adapter: On list__raw_analytics: /* {"app": "dbt", "dbt_version": "1.12.2", "profile_name": "analytics", "target_name": "dev", "connection_name": "list__raw_analytics"} */
select
      t.name as name,
      t.database as schema,
      multiIf(
        engine in ('MaterializedView', 'View'), 'view',
        engine = 'Dictionary', 'dictionary',
        'table'
      ) as type,
      db.engine as db_engine,0 as is_on_cluster
          from system.tables as t join system.databases as db on t.database = db.name
        where schema = 'raw_analytics'
      

  ...
[0m17:37:15.909678 [debug] [ThreadPool]: dbt_clickhouse adapter: On list__raw_staging: /* {"app": "dbt", "dbt_version": "1.12.2", "profile_name": "analytics", "target_name": "dev", "connection_name": "list__raw_staging"} */
select
      t.name as name,
      t.database as schema,
      multiIf(
        engine in ('MaterializedView', 'View'), 'view',
        engine = 'Dictionary', 'dictionary',
        'table'
      ) as type,
      db.engine as db_engine,0 as is_on_cluster
          from system.tables as t join system.databases as db on t.database = db.name
        where schema = 'raw_staging'
      

  ...
[0m17:37:15.914208 [debug] [ThreadPool]: dbt_clickhouse adapter: SQL status: OK in 0.01 seconds
[0m17:37:15.917162 [debug] [ThreadPool]: dbt_clickhouse adapter: SQL status: OK in 0.01 seconds
[0m17:37:15.956712 [debug] [MainThread]: Sending event: {'category': 'dbt', 'action': 'runnable_timing', 'label': 'de1367f3-b2aa-4060-bc6d-289a45ef46f7', 'context': [<snowplow_tracker.self_describing_json.SelfDescribingJson object at 0x7f84d1409d30>]}
[0m17:37:15.964862 [debug] [Thread-1 (]: Began running node test.analytics.not_null_stg_customers_customer_id.e2cfb1f9aa
[0m17:37:15.965618 [debug] [Thread-2 (]: Began running node test.analytics.not_null_stg_order_items_order_id.2063801f96
[0m17:37:15.966301 [debug] [Thread-3 (]: Began running node test.analytics.not_null_stg_order_items_order_item_id.26a7e2bc35
[0m17:37:16.088894 [debug] [Thread-4 (]: Began running node test.analytics.not_null_stg_order_items_product_id.5154a8a6f6
[0m17:37:15.966923 [info ] [Thread-1 (]: 1 of 11 START test not_null_stg_customers_customer_id .......................... [RUN]
[0m17:37:16.090086 [info ] [Thread-2 (]: 2 of 11 START test not_null_stg_order_items_order_id ........................... [RUN]
[0m17:37:16.091610 [info ] [Thread-3 (]: 3 of 11 START test not_null_stg_order_items_order_item_id ...................... [RUN]
[0m17:37:16.093361 [info ] [Thread-4 (]: 4 of 11 START test not_null_stg_order_items_product_id ......................... [RUN]
[0m17:37:16.096051 [debug] [Thread-1 (]: Re-using an available connection from the pool (formerly list__raw_staging, now test.analytics.not_null_stg_customers_customer_id.e2cfb1f9aa)
[0m17:37:16.098800 [debug] [Thread-2 (]: Re-using an available connection from the pool (formerly list__raw_analytics, now test.analytics.not_null_stg_order_items_order_id.2063801f96)
[0m17:37:16.100953 [debug] [Thread-3 (]: Acquiring new clickhouse connection 'test.analytics.not_null_stg_order_items_order_item_id.26a7e2bc35'
[0m17:37:16.102701 [debug] [Thread-4 (]: Acquiring new clickhouse connection 'test.analytics.not_null_stg_order_items_product_id.5154a8a6f6'
[0m17:37:16.103944 [debug] [Thread-1 (]: Began compiling node test.analytics.not_null_stg_customers_customer_id.e2cfb1f9aa
[0m17:37:16.105177 [debug] [Thread-2 (]: Began compiling node test.analytics.not_null_stg_order_items_order_id.2063801f96
[0m17:37:16.106293 [debug] [Thread-3 (]: Began compiling node test.analytics.not_null_stg_order_items_order_item_id.26a7e2bc35
[0m17:37:16.107566 [debug] [Thread-4 (]: Began compiling node test.analytics.not_null_stg_order_items_product_id.5154a8a6f6
[0m17:37:16.196948 [debug] [Thread-1 (]: Writing injected SQL for node "test.analytics.not_null_stg_customers_customer_id.e2cfb1f9aa"
[0m17:37:16.202816 [debug] [Thread-2 (]: Writing injected SQL for node "test.analytics.not_null_stg_order_items_order_id.2063801f96"
[0m17:37:16.205683 [debug] [Thread-4 (]: Writing injected SQL for node "test.analytics.not_null_stg_order_items_product_id.5154a8a6f6"
[0m17:37:16.210361 [debug] [Thread-3 (]: Writing injected SQL for node "test.analytics.not_null_stg_order_items_order_item_id.26a7e2bc35"
[0m17:37:16.225531 [debug] [Thread-2 (]: Began executing node test.analytics.not_null_stg_order_items_order_id.2063801f96
[0m17:37:16.238178 [debug] [Thread-3 (]: Began executing node test.analytics.not_null_stg_order_items_order_item_id.26a7e2bc35
[0m17:37:16.244620 [debug] [Thread-4 (]: Began executing node test.analytics.not_null_stg_order_items_product_id.5154a8a6f6
[0m17:37:16.245562 [debug] [Thread-1 (]: Began executing node test.analytics.not_null_stg_customers_customer_id.e2cfb1f9aa
[0m17:37:16.283428 [debug] [Thread-2 (]: Writing runtime sql for node "test.analytics.not_null_stg_order_items_order_id.2063801f96"
[0m17:37:16.293301 [debug] [Thread-1 (]: Writing runtime sql for node "test.analytics.not_null_stg_customers_customer_id.e2cfb1f9aa"
[0m17:37:16.297800 [debug] [Thread-4 (]: Writing runtime sql for node "test.analytics.not_null_stg_order_items_product_id.5154a8a6f6"
[0m17:37:16.289130 [debug] [Thread-3 (]: Writing runtime sql for node "test.analytics.not_null_stg_order_items_order_item_id.26a7e2bc35"
[0m17:37:16.307646 [debug] [Thread-3 (]: Opening a new connection, currently in state init
[0m17:37:16.309525 [debug] [Thread-4 (]: Opening a new connection, currently in state init
[0m17:37:16.311243 [debug] [Thread-2 (]: dbt_clickhouse adapter: On test.analytics.not_null_stg_order_items_order_id.2063801f96: /* {"app": "dbt", "dbt_version": "1.12.2", "profile_name": "analytics", "target_name": "dev", "node_id": "test.analytics.not_null_stg_order_items_order_id.2063801f96"} */

    
    
    select
      count(*) as failures,
      count(*) != 0 as should_warn,
      count(*) != 0 as should_error
    from (
      
    
  
    
    



select order_id
from `raw_staging`.`stg_order_items`
where order_id is null



  
  
    ) dbt_internal_test...
[0m17:37:16.322995 [debug] [Thread-1 (]: dbt_clickhouse adapter: On test.analytics.not_null_stg_customers_customer_id.e2cfb1f9aa: /* {"app": "dbt", "dbt_version": "1.12.2", "profile_name": "analytics", "target_name": "dev", "node_id": "test.analytics.not_null_stg_customers_customer_id.e2cfb1f9aa"} */

    
    
    select
      count(*) as failures,
      count(*) != 0 as should_warn,
      count(*) != 0 as should_error
    from (
      
    
  
    
    



select customer_id
from `raw_staging`.`stg_customers`
where customer_id is null



  
  
    ) dbt_internal_test...
[0m17:37:16.328227 [debug] [Thread-2 (]: dbt_clickhouse adapter: SQL status: OK in 0.01 seconds
[0m17:37:16.341897 [info ] [Thread-2 (]: 2 of 11 PASS not_null_stg_order_items_order_id ................................. [[32mPASS[0m in 0.24s]
[0m17:37:16.346524 [debug] [Thread-1 (]: dbt_clickhouse adapter: SQL status: OK in 0.02 seconds
[0m17:37:16.351880 [debug] [Thread-2 (]: Finished running node test.analytics.not_null_stg_order_items_order_id.2063801f96
[0m17:37:16.372939 [info ] [Thread-1 (]: 1 of 11 PASS not_null_stg_customers_customer_id ................................ [[32mPASS[0m in 0.28s]
[0m17:37:16.377157 [debug] [Thread-2 (]: Began running node test.analytics.not_null_stg_orders_customer_id.af79d5e4b5
[0m17:37:16.382330 [debug] [Thread-1 (]: Finished running node test.analytics.not_null_stg_customers_customer_id.e2cfb1f9aa
[0m17:37:16.384543 [info ] [Thread-2 (]: 5 of 11 START test not_null_stg_orders_customer_id ............................. [RUN]
[0m17:37:16.386847 [debug] [Thread-1 (]: Began running node test.analytics.not_null_stg_orders_order_id.81cfe2fe64
[0m17:37:16.391270 [debug] [Thread-2 (]: Re-using an available connection from the pool (formerly test.analytics.not_null_stg_order_items_order_id.2063801f96, now test.analytics.not_null_stg_orders_customer_id.af79d5e4b5)
[0m17:37:16.392963 [info ] [Thread-1 (]: 6 of 11 START test not_null_stg_orders_order_id ................................ [RUN]
[0m17:37:16.394326 [debug] [Thread-2 (]: Began compiling node test.analytics.not_null_stg_orders_customer_id.af79d5e4b5
[0m17:37:16.396216 [debug] [Thread-1 (]: Re-using an available connection from the pool (formerly test.analytics.not_null_stg_customers_customer_id.e2cfb1f9aa, now test.analytics.not_null_stg_orders_order_id.81cfe2fe64)
[0m17:37:16.412250 [debug] [Thread-1 (]: Began compiling node test.analytics.not_null_stg_orders_order_id.81cfe2fe64
[0m17:37:16.432379 [debug] [Thread-1 (]: Writing injected SQL for node "test.analytics.not_null_stg_orders_order_id.81cfe2fe64"
[0m17:37:16.436665 [debug] [Thread-2 (]: Writing injected SQL for node "test.analytics.not_null_stg_orders_customer_id.af79d5e4b5"
[0m17:37:16.447958 [debug] [Thread-1 (]: Began executing node test.analytics.not_null_stg_orders_order_id.81cfe2fe64
[0m17:37:16.452174 [debug] [Thread-1 (]: Writing runtime sql for node "test.analytics.not_null_stg_orders_order_id.81cfe2fe64"
[0m17:37:16.453127 [debug] [Thread-2 (]: Began executing node test.analytics.not_null_stg_orders_customer_id.af79d5e4b5
[0m17:37:16.466331 [debug] [Thread-2 (]: Writing runtime sql for node "test.analytics.not_null_stg_orders_customer_id.af79d5e4b5"
[0m17:37:16.476277 [debug] [Thread-3 (]: dbt_clickhouse adapter: On test.analytics.not_null_stg_order_items_order_item_id.26a7e2bc35: /* {"app": "dbt", "dbt_version": "1.12.2", "profile_name": "analytics", "target_name": "dev", "node_id": "test.analytics.not_null_stg_order_items_order_item_id.26a7e2bc35"} */

    
    
    select
      count(*) as failures,
      count(*) != 0 as should_warn,
      count(*) != 0 as should_error
    from (
      
    
  
    
    



select order_item_id
from `raw_staging`.`stg_order_items`
where order_item_id is null



  
  
    ) dbt_internal_test...
[0m17:37:16.484149 [debug] [Thread-1 (]: dbt_clickhouse adapter: On test.analytics.not_null_stg_orders_order_id.81cfe2fe64: /* {"app": "dbt", "dbt_version": "1.12.2", "profile_name": "analytics", "target_name": "dev", "node_id": "test.analytics.not_null_stg_orders_order_id.81cfe2fe64"} */

    
    
    select
      count(*) as failures,
      count(*) != 0 as should_warn,
      count(*) != 0 as should_error
    from (
      
    
  
    
    



select order_id
from `raw_staging`.`stg_orders`
where order_id is null



  
  
    ) dbt_internal_test...
[0m17:37:16.486818 [debug] [Thread-2 (]: dbt_clickhouse adapter: On test.analytics.not_null_stg_orders_customer_id.af79d5e4b5: /* {"app": "dbt", "dbt_version": "1.12.2", "profile_name": "analytics", "target_name": "dev", "node_id": "test.analytics.not_null_stg_orders_customer_id.af79d5e4b5"} */

    
    
    select
      count(*) as failures,
      count(*) != 0 as should_warn,
      count(*) != 0 as should_error
    from (
      
    
  
    
    



select customer_id
from `raw_staging`.`stg_orders`
where customer_id is null



  
  
    ) dbt_internal_test...
[0m17:37:16.492608 [debug] [Thread-3 (]: dbt_clickhouse adapter: SQL status: OK in 0.01 seconds
[0m17:37:16.497885 [debug] [Thread-1 (]: dbt_clickhouse adapter: SQL status: OK in 0.01 seconds
[0m17:37:16.501525 [info ] [Thread-3 (]: 3 of 11 PASS not_null_stg_order_items_order_item_id ............................ [[32mPASS[0m in 0.40s]
[0m17:37:16.507654 [debug] [Thread-2 (]: dbt_clickhouse adapter: SQL status: OK in 0.02 seconds
[0m17:37:16.505830 [info ] [Thread-1 (]: 6 of 11 PASS not_null_stg_orders_order_id ...................................... [[32mPASS[0m in 0.11s]
[0m17:37:16.512413 [debug] [Thread-3 (]: Finished running node test.analytics.not_null_stg_order_items_order_item_id.26a7e2bc35
[0m17:37:16.513660 [debug] [Thread-4 (]: dbt_clickhouse adapter: On test.analytics.not_null_stg_order_items_product_id.5154a8a6f6: /* {"app": "dbt", "dbt_version": "1.12.2", "profile_name": "analytics", "target_name": "dev", "node_id": "test.analytics.not_null_stg_order_items_product_id.5154a8a6f6"} */

    
    
    select
      count(*) as failures,
      count(*) != 0 as should_warn,
      count(*) != 0 as should_error
    from (
      
    
  
    
    



select product_id
from `raw_staging`.`stg_order_items`
where product_id is null



  
  
    ) dbt_internal_test...
[0m17:37:16.517218 [info ] [Thread-2 (]: 5 of 11 PASS not_null_stg_orders_customer_id ................................... [[32mPASS[0m in 0.13s]
[0m17:37:16.519420 [debug] [Thread-1 (]: Finished running node test.analytics.not_null_stg_orders_order_id.81cfe2fe64
[0m17:37:16.520967 [debug] [Thread-3 (]: Began running node test.analytics.not_null_stg_products_product_id.6373b0acf3
[0m17:37:16.524039 [debug] [Thread-2 (]: Finished running node test.analytics.not_null_stg_orders_customer_id.af79d5e4b5
[0m17:37:16.527967 [debug] [Thread-1 (]: Began running node test.analytics.unique_stg_customers_customer_id.c7614daada
[0m17:37:16.539148 [info ] [Thread-1 (]: 8 of 11 START test unique_stg_customers_customer_id ............................ [RUN]
[0m17:37:16.532894 [debug] [Thread-4 (]: dbt_clickhouse adapter: SQL status: OK in 0.01 seconds
[0m17:37:16.535539 [debug] [Thread-2 (]: Began running node test.analytics.unique_stg_order_items_order_item_id.90e333a108
[0m17:37:16.531402 [info ] [Thread-3 (]: 7 of 11 START test not_null_stg_products_product_id ............................ [RUN]
[0m17:37:16.542019 [debug] [Thread-1 (]: Re-using an available connection from the pool (formerly test.analytics.not_null_stg_orders_order_id.81cfe2fe64, now test.analytics.unique_stg_customers_customer_id.c7614daada)
[0m17:37:16.548263 [info ] [Thread-4 (]: 4 of 11 PASS not_null_stg_order_items_product_id ............................... [[32mPASS[0m in 0.45s]
[0m17:37:16.551666 [info ] [Thread-2 (]: 9 of 11 START test unique_stg_order_items_order_item_id ........................ [RUN]
[0m17:37:16.553749 [debug] [Thread-3 (]: Re-using an available connection from the pool (formerly test.analytics.not_null_stg_order_items_order_item_id.26a7e2bc35, now test.analytics.not_null_stg_products_product_id.6373b0acf3)
[0m17:37:16.557131 [debug] [Thread-1 (]: Began compiling node test.analytics.unique_stg_customers_customer_id.c7614daada
[0m17:37:16.560822 [debug] [Thread-4 (]: Finished running node test.analytics.not_null_stg_order_items_product_id.5154a8a6f6
[0m17:37:16.567827 [debug] [Thread-2 (]: Re-using an available connection from the pool (formerly test.analytics.not_null_stg_orders_customer_id.af79d5e4b5, now test.analytics.unique_stg_order_items_order_item_id.90e333a108)
[0m17:37:16.569779 [debug] [Thread-3 (]: Began compiling node test.analytics.not_null_stg_products_product_id.6373b0acf3
[0m17:37:16.583575 [debug] [Thread-4 (]: Began running node test.analytics.unique_stg_orders_order_id.e3b841c71a
[0m17:37:16.590368 [debug] [Thread-2 (]: Began compiling node test.analytics.unique_stg_order_items_order_item_id.90e333a108
[0m17:37:16.597652 [debug] [Thread-1 (]: Writing injected SQL for node "test.analytics.unique_stg_customers_customer_id.c7614daada"
[0m17:37:16.616301 [debug] [Thread-3 (]: Writing injected SQL for node "test.analytics.not_null_stg_products_product_id.6373b0acf3"
[0m17:37:16.609602 [info ] [Thread-4 (]: 10 of 11 START test unique_stg_orders_order_id ................................. [RUN]
[0m17:37:16.644206 [debug] [Thread-4 (]: Re-using an available connection from the pool (formerly test.analytics.not_null_stg_order_items_product_id.5154a8a6f6, now test.analytics.unique_stg_orders_order_id.e3b841c71a)
[0m17:37:16.645437 [debug] [Thread-4 (]: Began compiling node test.analytics.unique_stg_orders_order_id.e3b841c71a
[0m17:37:16.641106 [debug] [Thread-2 (]: Writing injected SQL for node "test.analytics.unique_stg_order_items_order_item_id.90e333a108"
[0m17:37:16.659589 [debug] [Thread-4 (]: Writing injected SQL for node "test.analytics.unique_stg_orders_order_id.e3b841c71a"
[0m17:37:16.664051 [debug] [Thread-3 (]: Began executing node test.analytics.not_null_stg_products_product_id.6373b0acf3
[0m17:37:16.665097 [debug] [Thread-1 (]: Began executing node test.analytics.unique_stg_customers_customer_id.c7614daada
[0m17:37:16.671557 [debug] [Thread-3 (]: Writing runtime sql for node "test.analytics.not_null_stg_products_product_id.6373b0acf3"
[0m17:37:16.675571 [debug] [Thread-1 (]: Writing runtime sql for node "test.analytics.unique_stg_customers_customer_id.c7614daada"
[0m17:37:16.682077 [debug] [Thread-2 (]: Began executing node test.analytics.unique_stg_order_items_order_item_id.90e333a108
[0m17:37:16.701393 [debug] [Thread-2 (]: Writing runtime sql for node "test.analytics.unique_stg_order_items_order_item_id.90e333a108"
[0m17:37:16.702481 [debug] [Thread-4 (]: Began executing node test.analytics.unique_stg_orders_order_id.e3b841c71a
[0m17:37:16.709747 [debug] [Thread-4 (]: Writing runtime sql for node "test.analytics.unique_stg_orders_order_id.e3b841c71a"
[0m17:37:16.723233 [debug] [Thread-3 (]: dbt_clickhouse adapter: On test.analytics.not_null_stg_products_product_id.6373b0acf3: /* {"app": "dbt", "dbt_version": "1.12.2", "profile_name": "analytics", "target_name": "dev", "node_id": "test.analytics.not_null_stg_products_product_id.6373b0acf3"} */

    
    
    select
      count(*) as failures,
      count(*) != 0 as should_warn,
      count(*) != 0 as should_error
    from (
      
    
  
    
    



select product_id
from `raw_staging`.`stg_products`
where product_id is null



  
  
    ) dbt_internal_test...
[0m17:37:16.726600 [debug] [Thread-1 (]: dbt_clickhouse adapter: On test.analytics.unique_stg_customers_customer_id.c7614daada: /* {"app": "dbt", "dbt_version": "1.12.2", "profile_name": "analytics", "target_name": "dev", "node_id": "test.analytics.unique_stg_customers_customer_id.c7614daada"} */

    
    
    select
      count(*) as failures,
      count(*) != 0 as should_warn,
      count(*) != 0 as should_error
    from (
      
    
  
    
    

select
    customer_id as unique_field,
    count(*) as n_records

from `raw_staging`.`stg_customers`
where customer_id is not null
group by customer_id
having count(*) > 1



  
  
    ) dbt_internal_test...
[0m17:37:16.727688 [debug] [Thread-4 (]: dbt_clickhouse adapter: On test.analytics.unique_stg_orders_order_id.e3b841c71a: /* {"app": "dbt", "dbt_version": "1.12.2", "profile_name": "analytics", "target_name": "dev", "node_id": "test.analytics.unique_stg_orders_order_id.e3b841c71a"} */

    
    
    select
      count(*) as failures,
      count(*) != 0 as should_warn,
      count(*) != 0 as should_error
    from (
      
    
  
    
    

select
    order_id as unique_field,
    count(*) as n_records

from `raw_staging`.`stg_orders`
where order_id is not null
group by order_id
having count(*) > 1



  
  
    ) dbt_internal_test...
[0m17:37:16.728988 [debug] [Thread-2 (]: dbt_clickhouse adapter: On test.analytics.unique_stg_order_items_order_item_id.90e333a108: /* {"app": "dbt", "dbt_version": "1.12.2", "profile_name": "analytics", "target_name": "dev", "node_id": "test.analytics.unique_stg_order_items_order_item_id.90e333a108"} */

    
    
    select
      count(*) as failures,
      count(*) != 0 as should_warn,
      count(*) != 0 as should_error
    from (
      
    
  
    
    

select
    order_item_id as unique_field,
    count(*) as n_records

from `raw_staging`.`stg_order_items`
where order_item_id is not null
group by order_item_id
having count(*) > 1



  
  
    ) dbt_internal_test...
[0m17:37:16.768979 [debug] [Thread-3 (]: dbt_clickhouse adapter: SQL status: OK in 0.04 seconds
[0m17:37:16.794189 [info ] [Thread-3 (]: 7 of 11 PASS not_null_stg_products_product_id .................................. [[32mPASS[0m in 0.24s]
[0m17:37:16.796101 [debug] [Thread-3 (]: Finished running node test.analytics.not_null_stg_products_product_id.6373b0acf3
[0m17:37:16.798876 [debug] [Thread-3 (]: Began running node test.analytics.unique_stg_products_product_id.7d950a1467
[0m17:37:16.803919 [info ] [Thread-3 (]: 11 of 11 START test unique_stg_products_product_id ............................. [RUN]
[0m17:37:16.813229 [debug] [Thread-3 (]: Re-using an available connection from the pool (formerly test.analytics.not_null_stg_products_product_id.6373b0acf3, now test.analytics.unique_stg_products_product_id.7d950a1467)
[0m17:37:16.830485 [debug] [Thread-3 (]: Began compiling node test.analytics.unique_stg_products_product_id.7d950a1467
[0m17:37:16.928894 [debug] [Thread-3 (]: Writing injected SQL for node "test.analytics.unique_stg_products_product_id.7d950a1467"
[0m17:37:16.930517 [debug] [Thread-1 (]: dbt_clickhouse adapter: SQL status: OK in 0.20 seconds
[0m17:37:16.945017 [info ] [Thread-1 (]: 8 of 11 PASS unique_stg_customers_customer_id .................................. [[32mPASS[0m in 0.40s]
[0m17:37:16.958768 [debug] [Thread-1 (]: Finished running node test.analytics.unique_stg_customers_customer_id.c7614daada
[0m17:37:17.007983 [debug] [Thread-3 (]: Began executing node test.analytics.unique_stg_products_product_id.7d950a1467
[0m17:37:17.024458 [debug] [Thread-3 (]: Writing runtime sql for node "test.analytics.unique_stg_products_product_id.7d950a1467"
[0m17:37:17.122566 [debug] [Thread-3 (]: dbt_clickhouse adapter: On test.analytics.unique_stg_products_product_id.7d950a1467: /* {"app": "dbt", "dbt_version": "1.12.2", "profile_name": "analytics", "target_name": "dev", "node_id": "test.analytics.unique_stg_products_product_id.7d950a1467"} */

    
    
    select
      count(*) as failures,
      count(*) != 0 as should_warn,
      count(*) != 0 as should_error
    from (
      
    
  
    
    

select
    product_id as unique_field,
    count(*) as n_records

from `raw_staging`.`stg_products`
where product_id is not null
group by product_id
having count(*) > 1



  
  
    ) dbt_internal_test...
[0m17:37:17.137131 [debug] [Thread-4 (]: dbt_clickhouse adapter: SQL status: OK in 0.41 seconds
[0m17:37:17.158993 [info ] [Thread-4 (]: 10 of 11 PASS unique_stg_orders_order_id ....................................... [[32mPASS[0m in 0.51s]
[0m17:37:17.164101 [debug] [Thread-4 (]: Finished running node test.analytics.unique_stg_orders_order_id.e3b841c71a
[0m17:37:17.171752 [debug] [Thread-3 (]: dbt_clickhouse adapter: SQL status: OK in 0.05 seconds
[0m17:37:17.175624 [info ] [Thread-3 (]: 11 of 11 PASS unique_stg_products_product_id ................................... [[32mPASS[0m in 0.36s]
[0m17:37:17.179650 [debug] [Thread-3 (]: Finished running node test.analytics.unique_stg_products_product_id.7d950a1467
[0m17:37:17.809597 [debug] [Thread-2 (]: dbt_clickhouse adapter: SQL status: OK in 1.08 seconds
[0m17:37:17.812206 [info ] [Thread-2 (]: 9 of 11 PASS unique_stg_order_items_order_item_id .............................. [[32mPASS[0m in 1.24s]
[0m17:37:17.814333 [debug] [Thread-2 (]: Finished running node test.analytics.unique_stg_order_items_order_item_id.90e333a108
[0m17:37:17.818114 [debug] [MainThread]: Connection 'master' was properly closed.
[0m17:37:17.819163 [debug] [MainThread]: Connection 'test.analytics.unique_stg_order_items_order_item_id.90e333a108' was left open.
[0m17:37:17.820007 [debug] [MainThread]: On test.analytics.unique_stg_order_items_order_item_id.90e333a108: Close
[0m17:37:17.821347 [debug] [MainThread]: Connection 'test.analytics.unique_stg_customers_customer_id.c7614daada' was left open.
[0m17:37:17.822751 [debug] [MainThread]: On test.analytics.unique_stg_customers_customer_id.c7614daada: Close
[0m17:37:17.824370 [debug] [MainThread]: Connection 'test.analytics.unique_stg_products_product_id.7d950a1467' was left open.
[0m17:37:17.826039 [debug] [MainThread]: On test.analytics.unique_stg_products_product_id.7d950a1467: Close
[0m17:37:17.829939 [debug] [MainThread]: Connection 'test.analytics.unique_stg_orders_order_id.e3b841c71a' was left open.
[0m17:37:17.831354 [debug] [MainThread]: On test.analytics.unique_stg_orders_order_id.e3b841c71a: Close
[0m17:37:17.832983 [info ] [MainThread]: 
[0m17:37:17.835875 [info ] [MainThread]: Finished running 11 data tests in 0 hours 0 minutes and 2.26 seconds (2.26s).
[0m17:37:17.842456 [debug] [MainThread]: Command end result
[0m17:37:17.936038 [debug] [MainThread]: Wrote artifact WritableManifest to /opt/airflow/dbt/target/manifest.json
[0m17:37:17.947555 [debug] [MainThread]: Wrote artifact SemanticManifest to /opt/airflow/dbt/target/semantic_manifest.json
[0m17:37:17.957540 [debug] [MainThread]: Wrote artifact OsiDocument to /opt/airflow/dbt/target/osi_document.json
[0m17:37:17.976117 [debug] [MainThread]: Wrote artifact RunExecutionResult to /opt/airflow/dbt/target/run_results.json
[0m17:37:17.977343 [info ] [MainThread]: 
[0m17:37:17.978832 [info ] [MainThread]: [32mCompleted successfully[0m
[0m17:37:17.980211 [info ] [MainThread]: 
[0m17:37:17.981824 [info ] [MainThread]: Done. PASS=11 WARN=0 ERROR=0 SKIP=0 NO-OP=0 REUSED=0 TOTAL=11
[0m17:37:17.984778 [debug] [MainThread]: Resource report: {"command_name": "test", "command_success": true, "command_wall_clock_time": 3.7729194, "process_in_blocks": "0", "process_kernel_time": 0.663242, "process_mem_max_rss": "161224", "process_out_blocks": "0", "process_user_time": 6.074972}
[0m17:37:17.986409 [debug] [MainThread]: Command `dbt test` succeeded at 17:37:17.986096 after 3.77 seconds
[0m17:37:17.987669 [debug] [MainThread]: Sending event: {'category': 'dbt', 'action': 'invocation', 'label': 'end', 'context': [<snowplow_tracker.self_describing_json.SelfDescribingJson object at 0x7f84d4668fb0>, <snowplow_tracker.self_describing_json.SelfDescribingJson object at 0x7f84d1b10200>, <snowplow_tracker.self_describing_json.SelfDescribingJson object at 0x7f84d2c6ad50>]}
[0m17:37:17.989109 [debug] [MainThread]: Flushing usage events
[0m17:37:18.632115 [debug] [MainThread]: An error was encountered while trying to flush usage events
==================== 2026-09-18T15:35:22.364054Z | 01a0b528-73c8-7bb0-b268-56ee78daaf48 ====================
15:35:22.952897 [info ]: 
==================== Execution Summary =====================
Finished 'internal' successfully [588ms]
